Transaction_ID,Customer_ID,Transaction_Date,Transaction_Amount,Merchant_Category,Payment_Method,Device_Type,Location,Is_International,Previous_Transactions,Average_Spend,Account_Age_Days,Suspicious_Keyword,Fraudulent,Transaction_Hour,Transaction_Day,Transaction_Month,Amount_Deviation,High_Amount_Flag,Account_Age_Years,Transactions_Per_Account_Year
T100000,CUST3252,2023-10-04 07:45:00,37.54,Travel,PayPal,POS,Bengaluru,0,94,417.4,1492,No,0,7,4,10,0.08993770963104936,0,4.087671232876712,18.4760366182014
T100001,CUST1630,2023-09-26 08:29:00,240.81,Utilities,PayPal,Mobile,Bengaluru,0,76,335.47,66,No,0,8,26,9,0.7178287179181446,0,0.18082191780821918,64.36194895591647
T100002,CUST7852,2023-07-18 15:54:00,105.34,Entertainment,Debit Card,Mobile,Bengaluru,0,60,432.03,216,No,0,15,18,7,0.2438256602550749,0,0.5917808219178082,37.693631669535286
T100003,CUST4892,2023-10-16 17:10:00,73.04,Utilities,NetBanking,Desktop,Kolkata,0,68,488.3,449,No,0,17,16,10,0.14958017612123695,0,1.2301369863013698,30.49140049140049
T100004,CUST8831,2023-09-09 00:46:00,13.57,Utilities,Credit Card,Desktop,Bengaluru,0,57,437.03,754,No,0,0,9,9,0.031050499965677415,0,2.0657534246575344,18.59249329758713
T100005,CUST2962,2024-01-14 03:15:00,13.57,Travel,Credit Card,Mobile,Mumbai,0,64,207.8,1513,No,0,3,14,1,0.06530317613089509,0,4.145205479452055,12.438764643237487
T100006,CUST2118,2023-02-09 08:56:00,4.79,Health,NetBanking,Desktop,Bengaluru,0,182,409.11,1163,No,0,8,9,2,0.011708342499572241,0,3.186301369863014,43.47513089005236
T100007,CUST4852,2023-03-26 13:12:00,160.9,Fashion,Debit Card,Mobile,Delhi,0,80,358.71,216,No,0,13,26,3,0.44855175489950105,0,0.5917808219178082,50.258175559380376
T100008,CUST7160,2023-03-06 20:09:00,73.53,Travel,Debit Card,POS,Chennai,0,87,40.19,500,No,0,20,6,3,1.8295595919382932,0,1.36986301369863,36.71098265895954
T100009,CUST2337,2023-06-27 12:06:00,98.5,Grocery,Debit Card,Desktop,Mumbai,0,182,465.58,1131,No,0,12,27,6,0.21156407062159027,0,3.0986301369863014,44.405080213903744
T100010,CUST9322,2023-02-09 22:45:00,1.66,Travel,Credit Card,Desktop,Pune,0,187,238.32,1992,No,0,22,9,2,0.0069654246391406514,0,5.457534246575342,28.958421722528637
T100011,CUST8675,2023-07-25 18:45:00,280.28,Grocery,PayPal,Desktop,Bengaluru,0,167,75.88,1427,No,0,18,25,7,3.6937269372693726,1,3.9095890410958902,34.015066964285715
T100012,CUST3603,2023-01-02 04:32:00,142.91,Utilities,Debit Card,POS,Pune,0,120,218.44,839,No,0,4,2,1,0.6542299945065007,0,2.2986301369863016,36.37873754152824
T100013,CUST4855,2023-04-20 21:27:00,19.1,Entertainment,Credit Card,POS,Chennai,0,143,305.54,359,No,0,21,20,4,0.06251227335209793,0,0.9835616438356164,72.09254143646409
T100014,CUST1114,2023-07-24 10:27:00,16.05,Travel,Credit Card,Desktop,Mumbai,0,79,290.74,1178,No,0,10,24,7,0.055203962303088674,0,3.2273972602739724,18.687621516526246
T100015,CUST5555,2023-08-14 12:04:00,16.21,Grocery,PayPal,Mobile,Chennai,0,156,291.65,1369,No,0,12,14,8,0.05558031887536431,0,3.750684931506849,32.83737024221453
T100016,CUST7395,2024-01-20 05:58:00,29.02,Travel,NetBanking,POS,Pune,0,36,135.36,987,No,0,5,20,1,0.2143912529550827,0,2.7041095890410958,9.718934911242604
T100017,CUST5632,2023-07-01 12:06:00,59.51,Entertainment,NetBanking,Desktop,Kolkata,0,54,320.02,349,No,0,12,1,7,0.18595712767952002,0,0.9561643835616438,27.605042016806724
T100018,CUST7496,2023-07-30 09:36:00,45.24,Utilities,Debit Card,Desktop,Mumbai,0,145,454.63,504,No,0,9,30,7,0.09950949123463036,0,1.3808219178082193,60.903337169159954
T100019,CUST2634,2023-12-06 15:34:00,27.54,Travel,Debit Card,POS,Hyderabad,1,100,200.45,1542,No,0,15,6,12,0.13739087054128213,0,4.2246575342465755,19.140010487676978
T100020,CUST2854,2023-08-25 19:33:00,75.71,Food,PayPal,Mobile,Kolkata,0,86,318.98,855,No,0,19,25,8,0.23735030409430055,0,2.3424657534246576,25.729508196721312
T100021,CUST6465,2023-01-03 07:09:00,12.02,Grocery,Debit Card,Desktop,Mumbai,0,22,129.55,543,No,0,7,3,1,0.09278270937861828,0,1.4876712328767123,8.843612334801762
T100022,CUST4900,2023-02-05 11:58:00,27.64,Entertainment,PayPal,Mobile,Bengaluru,0,75,33.66,363,No,0,11,5,2,0.8211527035056447,0,0.9945205479452055,37.60302197802198
T100023,CUST3087,2023-09-21 18:00:00,36.5,Grocery,Credit Card,Mobile,Pune,0,36,297.01,1124,No,0,18,21,9,0.12289148513518064,0,3.0794520547945203,8.824714573539287
T100024,CUST7223,2023-08-12 04:50:00,48.71,Grocery,Debit Card,POS,Chennai,0,29,33.3,494,No,0,4,12,8,1.4627627627627628,0,1.3534246575342466,12.322467986030269
T100025,CUST3347,2023-11-08 02:26:00,123.03,Electronics,Credit Card,Desktop,Chennai,0,183,364.56,1429,No,0,2,8,11,0.33747531270572745,0,3.915068493150685,37.23244147157191
T100026,CUST9119,2023-02-24 09:47:00,17.82,Entertainment,UPI,Desktop,Chennai,0,170,338.47,753,No,0,9,24,2,0.05264868378290542,0,2.063013698630137,55.50089445438282
T100027,CUST8120,2023-11-11 19:01:00,57.76,Travel,PayPal,Mobile,Delhi,0,160,190.97,37,No,0,19,11,11,0.3024558831230036,0,0.10136986301369863,145.27363184079604
T100028,CUST4506,2023-07-23 02:04:00,71.8,Grocery,UPI,POS,Delhi,0,142,211.53,1749,No,0,2,23,7,0.33943175908854534,0,4.791780821917809,24.517502365184484
T100029,CUST7707,2023-05-19 15:59:00,3.81,Health,Debit Card,POS,Bengaluru,0,18,459.7,193,No,0,15,19,5,0.008288013922123125,0,0.5287671232876713,11.774193548387096
T100030,CUST2161,2023-01-18 12:48:00,74.83,Electronics,Credit Card,POS,Hyderabad,0,38,16.44,810,No,0,12,18,1,4.551703163017031,1,2.219178082191781,11.804255319148936
T100031,CUST1325,2024-01-31 03:23:00,14.96,Food,Debit Card,Mobile,Delhi,0,101,286.02,1348,No,0,3,31,1,0.052304034682889314,0,3.6931506849315068,21.520723876240517
T100032,CUST3979,2023-10-11 01:37:00,5.38,Grocery,UPI,Mobile,Mumbai,0,34,462.45,387,Yes,1,1,11,10,0.011633690128662558,0,1.0602739726027397,16.502659574468087
T100033,CUST5190,2023-12-04 17:57:00,237.9,Utilities,Debit Card,Desktop,Kolkata,0,121,457.85,110,No,0,17,4,12,0.5196024898984384,0,0.3013698630136986,92.97894736842106
T100034,CUST3166,2023-10-20 22:48:00,269.65,Grocery,NetBanking,POS,Pune,0,173,296.48,803,No,0,22,20,10,0.9095048569886669,0,2.2,54.0625
T100035,CUST3576,2023-03-17 09:52:00,132.19,Electronics,UPI,Mobile,Bengaluru,0,87,196.8,1328,No,0,9,17,3,0.6716971544715447,0,3.638356164383562,18.756645008860012
T100036,CUST1493,2023-07-31 16:19:00,29.06,Travel,Debit Card,POS,Kolkata,0,160,58.46,950,No,0,16,31,7,0.49709202873759833,0,2.6027397260273974,44.4106463878327
T100037,CUST8245,2023-04-01 07:08:00,8.22,Health,Credit Card,Mobile,Hyderabad,0,110,95.15,928,No,0,7,1,4,0.08638991066736731,0,2.5424657534246577,31.05181747873163
T100038,CUST3909,2024-01-23 20:25:00,92.22,Utilities,Debit Card,Desktop,Kolkata,0,67,343.04,1670,No,0,20,23,1,0.26883162313432835,0,4.575342465753424,12.017199017199019
T100039,CUST1360,2023-11-15 13:59:00,46.41,Food,Credit Card,POS,Mumbai,0,191,18.15,1874,No,0,13,15,11,2.55702479338843,1,5.134246575342465,31.13666815542653
T100040,CUST2212,2023-05-20 06:51:00,10.41,Utilities,NetBanking,Mobile,Chennai,1,183,442.91,1593,No,0,6,20,5,0.023503646338985346,0,4.364383561643836,34.113891726251275
T100041,CUST3656,2023-07-09 03:30:00,54.68,Grocery,Debit Card,POS,Delhi,0,43,298.09,951,No,0,3,9,7,0.18343453319467276,0,2.6054794520547944,11.926291793313071
T100042,CUST3592,2023-02-14 13:13:00,2.8,Travel,NetBanking,Mobile,Mumbai,0,123,32.12,1100,No,0,13,14,2,0.08717310087173101,0,3.0136986301369864,30.645051194539253
T100043,CUST8635,2023-11-28 15:15:00,192.03,Entertainment,UPI,Mobile,Hyderabad,0,22,127.49,1445,No,0,15,28,11,1.5062357831986823,0,3.958904109589041,4.43646408839779
T100044,CUST5983,2024-02-01 09:14:00,23.96,Health,Credit Card,Mobile,Bengaluru,0,87,301.16,854,No,0,9,1,2,0.07955903838491167,0,2.33972602739726,26.050041017227237
T100045,CUST2739,2023-09-05 19:28:00,86.9,Entertainment,UPI,POS,Kolkata,0,196,27.44,1620,No,0,19,5,9,3.1669096209912535,1,4.438356164383562,36.04030226700252
T100046,CUST9003,2023-08-25 11:16:00,29.88,Health,Credit Card,Mobile,Mumbai,0,77,392.19,1047,No,0,11,25,8,0.07618756215099824,0,2.8684931506849316,19.90439093484419
T100047,CUST2821,2024-02-20 11:11:00,58.73,Food,NetBanking,Desktop,Bengaluru,0,125,460.76,1132,No,0,11,20,2,0.1274633214688775,0,3.1013698630136988,30.477621910487642
T100048,CUST9659,2023-08-26 14:51:00,63.3,Fashion,PayPal,POS,Chennai,0,96,481.0,1566,No,0,14,26,8,0.1316008316008316,0,4.2904109589041095,18.146038322112894
T100049,CUST2346,2023-09-18 19:18:00,16.35,Health,Debit Card,Desktop,Hyderabad,0,122,369.49,709,No,0,19,18,9,0.04425018268424044,0,1.9424657534246574,41.46182495344507
T100050,CUST5035,2023-06-19 13:21:00,279.42,Fashion,NetBanking,Desktop,Hyderabad,0,157,429.84,1076,No,0,13,19,6,0.6500558347292016,0,2.947945205479452,39.767522553782094
T100051,CUST9085,2023-04-17 07:52:00,119.38,Entertainment,Credit Card,POS,Kolkata,0,40,309.25,1281,No,0,7,17,4,0.38603071948261924,0,3.5095890410958903,8.869987849331713
T100052,CUST8966,2023-02-26 13:39:00,224.41,Health,Credit Card,Mobile,Delhi,0,104,234.69,467,No,0,13,26,2,0.9561975371767012,0,1.2794520547945205,45.625
T100053,CUST2691,2023-11-13 01:08:00,180.17,Food,Credit Card,Desktop,Pune,0,173,359.44,1351,No,0,1,13,11,0.5012519474738482,0,3.7013698630136984,36.79778554778555
T100054,CUST8792,2023-12-26 23:27:00,72.88,Electronics,Credit Card,POS,Hyderabad,0,119,119.85,975,No,0,23,26,12,0.6080934501460158,0,2.671232876712329,32.41417910447761
T100055,CUST4298,2024-01-22 12:52:00,203.95,Food,Debit Card,Mobile,Mumbai,0,138,63.79,1313,Yes,0,12,22,1,3.1972095939802476,1,3.5972602739726027,30.01787842669845
T100056,CUST3212,2023-09-13 20:55:00,7.41,Food,UPI,POS,Mumbai,0,173,383.31,805,No,0,20,13,9,0.019331611489395006,0,2.2054794520547945,53.97008547008547
T100057,CUST7028,2023-11-15 17:01:00,17.45,Electronics,PayPal,POS,Mumbai,0,120,479.51,705,No,0,17,15,11,0.03639131613522137,0,1.9315068493150684,40.93457943925233
T100058,CUST2571,2023-04-02 13:38:00,3.7,Electronics,Debit Card,POS,Chennai,0,17,292.96,39,No,0,13,2,4,0.01262971054068815,0,0.10684931506849316,15.35891089108911
T100059,CUST5418,2023-12-20 15:31:00,31.48,Travel,Credit Card,Mobile,Hyderabad,0,102,246.45,1681,No,0,15,20,12,0.12773382024751473,0,4.605479452054794,18.19648093841642
T100060,CUST4067,2023-09-15 21:56:00,39.37,Health,Debit Card,Desktop,Hyderabad,0,130,271.86,187,No,0,21,15,9,0.14481718531597143,0,0.5123287671232877,85.96014492753623
T100061,CUST2426,2023-01-24 00:12:00,25.32,Entertainment,NetBanking,Desktop,Mumbai,0,145,244.45,897,No,0,0,24,1,0.10357946410308858,0,2.4575342465753423,41.937400950871634
T100062,CUST9284,2023-11-03 06:55:00,141.16,Travel,Credit Card,POS,Kolkata,0,108,226.68,813,No,0,6,3,11,0.6227280748191283,0,2.2273972602739724,33.4634974533107
T100063,CUST2607,2023-04-05 16:54:00,35.3,Electronics,PayPal,POS,Delhi,0,90,474.05,1211,No,0,16,5,4,0.07446471891150722,0,3.317808219178082,20.843908629441625
T100064,CUST3042,2023-10-18 08:06:00,26.38,Fashion,Credit Card,Mobile,Kolkata,0,119,245.08,349,No,0,8,18,10,0.10763832218051247,0,0.9561643835616438,60.833333333333336
T100065,CUST7186,2023-03-15 20:47:00,62.59,Entertainment,PayPal,POS,Delhi,0,166,49.74,1929,No,0,20,15,3,1.2583433856051467,0,5.284931506849315,26.41238012205754
T100066,CUST3125,2023-09-09 16:36:00,12.15,Fashion,PayPal,POS,Hyderabad,0,165,385.1,1255,No,0,16,9,9,0.03155024668917164,0,3.4383561643835616,37.175925925925924
T100067,CUST4819,2023-03-18 08:53:00,129.64,Food,UPI,POS,Kolkata,0,63,201.87,150,No,0,8,18,3,0.64219547233368,0,0.410958904109589,44.650485436893206
T100068,CUST9580,2023-04-25 10:57:00,6.2,Grocery,UPI,Desktop,Hyderabad,1,5,358.24,168,No,0,10,25,4,0.017306833407771328,0,0.4602739726027397,3.4240150093808635
T100069,CUST1147,2023-08-02 03:27:00,346.73,Food,Debit Card,POS,Bengaluru,0,25,293.99,703,No,0,3,2,8,1.1793938569339093,0,1.926027397260274,8.544007490636703
T100070,CUST6606,2023-12-04 14:21:00,118.36,Food,Debit Card,Desktop,Hyderabad,0,73,359.46,1773,No,0,14,4,12,0.3292716853057364,0,4.857534246575343,12.462581852198316
T100071,CUST5408,2023-06-11 14:22:00,17.72,Grocery,PayPal,Mobile,Kolkata,0,124,40.38,1620,No,0,14,11,6,0.4388311045071817,0,4.438356164383562,22.801007556675064
T100072,CUST5894,2023-08-31 22:22:00,0.44,Health,Credit Card,Mobile,Mumbai,0,22,26.6,1392,No,0,22,31,8,0.016541353383458645,0,3.813698630136986,4.570290267501423
T100073,CUST2246,2023-08-08 04:50:00,135.19,Electronics,NetBanking,Desktop,Pune,0,93,195.49,1313,No,0,4,8,8,0.6915443245178781,0,3.5972602739726027,20.229439809296778
T100074,CUST1724,2023-05-25 23:41:00,98.17,Fashion,NetBanking,Desktop,Chennai,0,191,349.65,1486,No,0,23,25,5,0.2807664807664808,0,4.071232876712329,37.66342517558077
T100075,CUST7806,2023-12-21 08:54:00,104.45,Food,Credit Card,Desktop,Hyderabad,0,35,119.6,73,No,0,8,21,12,0.8733277591973245,0,0.2,29.166666666666668
T100076,CUST7508,2024-02-17 20:42:00,118.02,Grocery,Credit Card,Desktop,Hyderabad,0,55,222.37,1212,No,0,20,17,2,0.5307370598551963,0,3.3205479452054796,12.729866835764108
T100077,CUST8906,2023-08-11 04:49:00,6.15,Travel,UPI,POS,Mumbai,0,128,490.6,845,No,0,4,11,8,0.012535670607419487,0,2.315068493150685,38.611570247933884
T100078,CUST5054,2023-09-14 23:55:00,35.51,Food,NetBanking,Desktop,Bengaluru,0,20,115.29,1408,No,0,23,14,9,0.30800589816983254,0,3.8575342465753426,4.117315284827975
T100079,CUST3837,2023-10-26 18:15:00,9.85,Fashion,PayPal,Desktop,Pune,0,5,425.49,127,No,0,18,26,10,0.023149780253354953,0,0.34794520547945207,3.709349593495935
T100080,CUST5115,2023-01-13 03:23:00,159.08,Electronics,Debit Card,Desktop,Hyderabad,0,167,414.48,1591,No,0,3,13,1,0.3838062150164061,0,4.358904109589041,31.16308793456033
T100081,CUST7480,2023-02-09 10:27:00,78.1,Food,UPI,POS,Delhi,0,63,446.76,1924,No,0,10,9,2,0.17481421792461277,0,5.271232876712329,10.045871559633028
T100082,CUST6297,2024-02-07 09:51:00,32.15,Food,NetBanking,POS,Delhi,0,32,458.42,1763,No,0,9,7,2,0.0701321931852886,0,4.83013698630137,5.488721804511278
T100083,CUST4338,2023-11-05 08:49:00,5.25,Health,Credit Card,POS,Delhi,0,191,258.59,1662,Yes,0,8,5,11,0.020302409219227352,0,4.553424657534246,34.39319190922546
T100084,CUST8393,2023-01-29 21:17:00,29.8,Utilities,NetBanking,Mobile,Chennai,0,74,344.15,268,No,0,21,29,1,0.08659014964405057,0,0.7342465753424657,42.66982622432859
T100085,CUST3641,2023-09-09 13:55:00,31.47,Grocery,PayPal,POS,Chennai,0,168,313.26,504,No,0,13,9,9,0.1004596820532465,0,1.3808219178082193,70.5638665132336
T100086,CUST6597,2023-02-25 19:33:00,104.63,Travel,UPI,Desktop,Pune,0,145,161.38,553,No,0,19,25,2,0.6483455198909406,0,1.515068493150685,57.65250544662309
T100087,CUST1897,2023-03-02 18:46:00,81.19,Travel,Credit Card,POS,Hyderabad,0,101,147.1,586,Yes,0,18,2,3,0.5519374575118967,0,1.6054794520547946,38.764458464773924
T100088,CUST1518,2024-01-24 00:05:00,174.58,Entertainment,PayPal,POS,Hyderabad,0,79,177.37,1445,Yes,1,0,24,1,0.9842701697017534,0,3.958904109589041,15.930939226519339
T100089,CUST2994,2023-06-16 08:07:00,51.13,Electronics,Debit Card,Desktop,Hyderabad,0,160,117.04,38,No,0,8,16,6,0.4368591934381408,0,0.10410958904109589,144.91315136476427
T100090,CUST1456,2023-10-11 18:48:00,10.19,Entertainment,UPI,POS,Chennai,0,23,381.12,1566,No,0,18,11,10,0.026736985726280436,0,4.2904109589041095,4.347488348006214
T100091,CUST8947,2023-03-26 22:06:00,99.93,Fashion,PayPal,Mobile,Pune,0,188,482.64,1442,Yes,0,22,26,3,0.20704873197414222,0,3.9506849315068493,37.97454344216934
T100092,CUST6459,2023-05-18 22:53:00,114.43,Electronics,PayPal,POS,Hyderabad,0,56,435.21,1892,No,0,22,18,5,0.2629305392798879,0,5.183561643835616,9.056269384138238
T100093,CUST8530,2023-04-24 01:43:00,65.91,Food,Credit Card,Mobile,Mumbai,0,137,116.79,1263,No,0,1,24,4,0.5643462625224762,0,3.4602739726027396,30.715601965601966
T100094,CUST6489,2023-09-28 06:34:00,117.91,Utilities,Debit Card,Mobile,Bengaluru,1,106,35.44,1107,No,1,6,28,9,3.3270316027088036,1,3.032876712328767,26.28396739130435
T100095,CUST6062,2023-06-09 08:48:00,54.47,Food,PayPal,Mobile,Kolkata,1,69,380.98,645,No,1,8,9,6,0.14297338442962884,0,1.7671232876712328,24.935643564356436
T100096,CUST8011,2023-06-19 06:45:00,59.17,Travel,UPI,Desktop,Delhi,0,190,201.2,181,No,0,6,19,6,0.2940854870775348,0,0.4958904109589041,127.01465201465201
T100097,CUST6512,2023-10-27 02:52:00,44.63,Fashion,PayPal,POS,Delhi,0,192,414.06,439,No,0,2,27,10,0.10778631116263344,0,1.2027397260273973,87.1641791044776
T100098,CUST5854,2024-01-21 05:46:00,2.06,Grocery,NetBanking,Mobile,Mumbai,1,22,391.83,39,No,0,5,21,1,0.005257382027920272,0,0.10684931506849316,19.87623762376238
T100099,CUST1730,2023-07-15 22:54:00,9.13,Fashion,UPI,Mobile,Hyderabad,0,32,316.45,986,No,0,22,15,7,0.02885131932374783,0,2.7013698630136984,8.645447816432274
T100100,CUST3365,2023-05-03 11:18:00,2.55,Food,UPI,POS,Pune,0,175,135.12,581,No,0,11,3,5,0.01887211367673179,0,1.5917808219178082,67.52114164904862
T100101,CUST4125,2023-03-23 08:47:00,80.94,Grocery,PayPal,Desktop,Pune,0,2,60.98,585,No,0,8,23,3,1.327320432928829,0,1.6027397260273972,0.768421052631579
T100102,CUST8316,2023-03-16 20:08:00,30.19,Fashion,Credit Card,Desktop,Chennai,0,123,133.8,909,No,0,20,16,3,0.2256352765321375,0,2.4904109589041097,35.239403453689164
T100103,CUST9981,2023-04-12 20:40:00,56.83,Utilities,UPI,Mobile,Hyderabad,0,85,259.78,297,No,0,20,12,4,0.21876202940950037,0,0.8136986301369863,46.86555891238671
T100104,CUST3591,2024-02-11 11:14:00,190.5,Utilities,NetBanking,Desktop,Pune,0,180,489.94,1043,No,0,11,11,2,0.3888231211985141,0,2.8575342465753426,46.66193181818181
T100105,CUST7521,2023-03-24 02:13:00,22.94,Fashion,Credit Card,POS,Hyderabad,0,14,41.21,1843,No,0,2,24,3,0.5566610046105315,0,5.049315068493151,2.3143115942028984
T100106,CUST5225,2023-08-01 15:23:00,42.26,Grocery,Credit Card,Desktop,Delhi,0,37,108.04,696,No,0,15,1,8,0.3911514253980007,0,1.906849315068493,12.72855796418473
T100107,CUST8766,2023-06-30 03:33:00,112.7,Food,Credit Card,POS,Kolkata,0,27,317.37,480,No,0,3,30,6,0.35510602766487065,0,1.3150684931506849,11.662721893491124
T100108,CUST9026,2023-11-26 02:23:00,20.78,Fashion,UPI,Mobile,Kolkata,0,152,159.14,623,No,1,2,26,11,0.13057685057182358,0,1.7068493150684931,56.15384615384615
T100109,CUST9033,2023-12-27 06:53:00,6.41,Grocery,Credit Card,POS,Kolkata,0,64,430.67,1250,No,0,6,27,12,0.014883785729212623,0,3.4246575342465753,14.46439628482972
T100110,CUST3953,2024-02-14 08:48:00,27.37,Health,PayPal,Mobile,Delhi,0,70,78.31,427,No,0,8,14,2,0.3495083641935896,0,1.16986301369863,32.26010101010101
T100111,CUST3617,2024-02-21 04:08:00,14.06,Utilities,Credit Card,POS,Chennai,0,154,481.95,950,No,0,4,21,2,0.029173150741778193,0,2.6027397260273974,42.74524714828897
T100112,CUST3984,2023-08-10 10:57:00,212.4,Health,NetBanking,POS,Kolkata,0,182,457.06,1105,No,0,10,10,8,0.46470922854767427,0,3.0273972602739727,45.19047619047619
T100113,CUST2479,2023-08-31 02:43:00,132.07,Food,Debit Card,Desktop,Delhi,0,15,444.89,1788,No,0,2,31,8,0.29685989795230283,0,4.898630136986301,2.5429633070134696
T100114,CUST2620,2023-12-26 11:38:00,80.28,Grocery,NetBanking,POS,Hyderabad,0,29,94.8,1522,No,0,11,26,12,0.8468354430379748,0,4.16986301369863,5.609432962374139
T100115,CUST5219,2023-09-24 00:09:00,164.12,Health,UPI,Mobile,Kolkata,0,74,171.45,1421,No,0,0,24,9,0.9572470107903179,0,3.893150684931507,15.123180291153414
T100116,CUST7975,2023-06-18 04:34:00,130.24,Grocery,Credit Card,POS,Mumbai,0,28,404.01,1427,No,0,4,18,6,0.32236825821143045,0,3.9095890410958902,5.703125000000001
T100117,CUST7539,2024-01-28 04:56:00,16.52,Fashion,Credit Card,Mobile,Chennai,0,59,405.83,1112,No,0,4,28,1,0.04070669984969076,0,3.0465753424657533,14.58023019634394
T100118,CUST1517,2023-07-17 13:56:00,178.47,Food,PayPal,Mobile,Mumbai,0,73,355.54,323,No,0,13,17,7,0.5019688361365809,0,0.8849315068493151,38.7281976744186
T100119,CUST8363,2023-05-16 11:23:00,62.01,Health,Credit Card,POS,Hyderabad,0,149,229.54,817,No,0,11,16,5,0.27014899363945283,0,2.2383561643835614,46.010998307952626
T100120,CUST6820,2023-07-09 18:48:00,131.79,Entertainment,NetBanking,Desktop,Chennai,0,10,162.68,1899,No,0,18,9,7,0.8101180231128595,0,5.2027397260273975,1.612190812720848
T100121,CUST8212,2023-07-04 13:41:00,181.14,Fashion,UPI,POS,Mumbai,0,132,481.85,1841,No,0,13,4,7,0.3759261180865414,0,5.043835616438356,21.84043517679057
T100122,CUST4467,2023-10-19 20:05:00,30.62,Utilities,Debit Card,POS,Chennai,0,62,78.24,981,No,0,20,19,10,0.39135991820040905,0,2.6876712328767125,16.812778603268946
T100123,CUST2592,2023-10-13 04:56:00,9.33,Entertainment,Credit Card,Desktop,Hyderabad,0,132,31.44,898,No,1,4,13,10,0.2967557251908397,0,2.4602739726027396,38.14726840855107
T100124,CUST6576,2023-11-14 10:41:00,20.69,Entertainment,Debit Card,Mobile,Pune,0,127,14.47,139,No,0,10,14,11,1.4298548721492743,0,0.38082191780821917,91.97420634920634
T100125,CUST2528,2023-06-19 17:23:00,44.56,Electronics,Credit Card,POS,Kolkata,0,6,389.76,1595,No,0,17,19,6,0.11432676518883417,0,4.36986301369863,1.1173469387755102
T100126,CUST1719,2023-05-05 02:58:00,136.31,Electronics,UPI,Desktop,Chennai,0,80,37.79,136,No,0,2,5,5,3.607038899179677,1,0.3726027397260274,58.28343313373254
T100127,CUST7173,2023-03-25 15:32:00,157.71,Food,NetBanking,Desktop,Kolkata,0,72,273.94,1042,No,0,15,25,3,0.5757100094911295,0,2.8547945205479452,18.678038379530918
T100128,CUST4829,2023-12-15 23:14:00,0.56,Health,UPI,Mobile,Kolkata,0,16,189.97,326,No,0,23,15,12,0.002947833868505554,0,0.8931506849315068,8.451519536903039
T100129,CUST6110,2023-02-04 21:50:00,57.19,Health,Debit Card,Desktop,Pune,0,38,81.98,1905,No,0,21,4,2,0.6976091729690168,0,5.219178082191781,6.110132158590308
T100130,CUST5005,2023-09-22 20:59:00,43.22,Health,Credit Card,Mobile,Hyderabad,0,177,372.89,868,No,0,20,22,9,0.11590549491807235,0,2.378082191780822,52.39659367396594
T100131,CUST6566,2023-11-26 08:03:00,20.09,Grocery,Debit Card,POS,Chennai,0,189,36.95,1884,No,0,8,26,11,0.5437077131258456,0,5.161643835616438,30.67363272565585
T100132,CUST6348,2024-01-09 19:08:00,10.21,Fashion,NetBanking,Desktop,Chennai,0,65,166.01,1148,No,0,19,9,1,0.06150231913740137,0,3.1452054794520548,15.68076668869795
T100133,CUST3810,2023-03-08 20:01:00,32.95,Health,UPI,POS,Pune,0,126,285.47,1850,No,0,20,8,3,0.11542368725260098,0,5.068493150684931,20.76297968397291
T100134,CUST2593,2023-09-10 11:10:00,229.05,Fashion,Debit Card,Desktop,Delhi,0,83,207.18,1772,No,0,11,10,9,1.1055603822762816,0,4.854794520547945,14.176415535797847
T100135,CUST1395,2023-02-28 00:53:00,31.23,Food,Debit Card,Desktop,Pune,0,178,136.98,1014,No,0,0,28,2,0.22798948751642578,0,2.778082191780822,47.11385061638869
T100136,CUST3107,2023-11-23 06:56:00,58.52,Entertainment,NetBanking,POS,Pune,1,17,463.74,874,No,0,6,23,11,0.12619140035364645,0,2.3945205479452056,5.008071025020177
T100137,CUST6424,2023-06-16 00:02:00,97.13,Health,Credit Card,Desktop,Pune,0,113,466.18,1737,No,0,0,16,6,0.20835299669655497,0,4.758904109589041,19.621788772597526
T100138,CUST2117,2023-01-11 18:28:00,36.16,Food,Debit Card,POS,Hyderabad,1,156,213.89,1525,No,0,18,11,1,0.16905886203188555,0,4.178082191780822,30.126984126984127
T100139,CUST5188,2023-01-22 18:03:00,285.42,Health,NetBanking,POS,Bengaluru,0,172,202.93,108,Yes,1,18,22,1,1.4064948504410388,0,0.2958904109589041,132.72727272727272
T100140,CUST1053,2024-01-31 11:21:00,262.56,Electronics,Credit Card,Mobile,Pune,0,140,160.62,1303,No,0,11,31,1,1.634665670526709,0,3.56986301369863,30.63549160671463
T100141,CUST8610,2023-06-08 05:21:00,23.2,Travel,Credit Card,POS,Chennai,0,70,429.32,759,No,1,5,8,6,0.054038945308860525,0,2.0794520547945203,22.73131672597865
T100142,CUST2842,2023-09-23 19:24:00,55.01,Food,UPI,Mobile,Mumbai,0,71,288.28,368,No,0,19,23,9,0.19082142361592896,0,1.0082191780821919,35.35470668485675
T100143,CUST7187,2023-02-14 01:22:00,28.63,Health,NetBanking,POS,Delhi,0,131,53.87,86,No,0,1,14,2,0.531464637089289,0,0.2356164383561644,106.019955654102
T100144,CUST2644,2023-02-08 07:54:00,26.82,Utilities,Credit Card,Desktop,Pune,0,49,428.13,949,No,0,7,8,2,0.06264452385957536,0,2.6,13.61111111111111
T100145,CUST7560,2024-01-29 10:47:00,3.01,Travel,UPI,POS,Pune,1,21,272.09,176,No,0,10,29,1,0.011062516079238487,0,0.4821917808219178,14.168207024029575
T100146,CUST9228,2023-10-23 13:50:00,75.24,Food,PayPal,Desktop,Delhi,0,136,213.64,775,No,0,13,23,10,0.35218123946826435,0,2.1232876712328768,43.54385964912281
T100147,CUST6253,2023-10-09 17:52:00,55.88,Utilities,NetBanking,Mobile,Pune,0,64,175.55,1070,No,0,17,9,10,0.3183138706921105,0,2.9315068493150687,16.2787456445993
T100148,CUST1301,2023-12-31 03:06:00,4.23,Utilities,PayPal,Desktop,Chennai,0,187,58.72,397,No,0,3,31,12,0.07203678474114442,0,1.0876712328767124,89.57349081364829
T100149,CUST6382,2023-01-15 11:37:00,26.13,Grocery,Credit Card,POS,Bengaluru,1,158,478.78,738,No,1,11,15,1,0.05457621454530265,0,2.021917808219178,52.28467815049864
T100150,CUST8606,2023-10-20 15:27:00,191.11,Utilities,NetBanking,Desktop,Pune,0,32,373.21,1242,No,0,15,20,10,0.5120709520109322,0,3.4027397260273973,7.268201617921593
T100151,CUST3106,2023-10-31 16:26:00,21.91,Health,UPI,Mobile,Delhi,0,20,74.57,1697,No,0,16,31,10,0.2938178892315945,0,4.64931506849315,3.5402521823472357
T100152,CUST1013,2023-01-04 09:48:00,12.52,Grocery,Credit Card,Desktop,Pune,0,16,260.52,277,No,0,9,4,1,0.048057730692461234,0,0.7589041095890411,9.096573208722742
T100153,CUST2851,2023-11-16 09:00:00,53.78,Electronics,NetBanking,Desktop,Hyderabad,0,153,282.23,179,No,0,9,16,11,0.19055380363533286,0,0.4904109589041096,102.65625
T100154,CUST8670,2023-06-11 13:25:00,339.52,Health,NetBanking,POS,Chennai,1,60,92.27,743,No,0,13,11,6,3.67963585130595,1,2.0356164383561643,19.76534296028881
T100155,CUST6712,2023-07-09 17:36:00,22.17,Entertainment,PayPal,POS,Chennai,0,173,219.34,1266,No,0,17,9,7,0.1010759551381417,0,3.4684931506849317,38.715511955855305
T100156,CUST1960,2023-07-29 13:16:00,89.21,Utilities,Credit Card,Desktop,Bengaluru,0,137,326.42,246,No,0,13,29,7,0.2732982047668647,0,0.673972602739726,81.84124386252046
T100157,CUST4233,2023-01-23 13:06:00,114.71,Electronics,UPI,Mobile,Hyderabad,0,179,149.17,1059,No,0,13,23,1,0.7689884024937991,0,2.9013698630136986,45.881320224719104
T100158,CUST3430,2023-08-16 13:36:00,21.71,Travel,UPI,Desktop,Hyderabad,0,103,172.49,699,No,0,13,16,8,0.12586236883297583,0,1.915068493150685,35.33364661654135
T100159,CUST8613,2023-02-16 22:05:00,104.22,Food,Credit Card,Mobile,Bengaluru,0,61,69.79,890,No,0,22,16,2,1.493337154320103,0,2.4383561643835616,17.741035856573706
T100160,CUST3543,2023-06-23 15:00:00,36.68,Utilities,Credit Card,Mobile,Kolkata,0,168,212.49,1640,No,0,15,23,6,0.17261988799472916,0,4.493150684931507,30.58354114713217
T100161,CUST3907,2023-04-29 09:04:00,80.04,Fashion,Debit Card,Mobile,Kolkata,0,104,296.09,1448,No,0,9,29,4,0.27032321253672875,0,3.967123287671233,20.937672366243792
T100162,CUST3077,2024-02-01 19:28:00,80.31,Electronics,PayPal,Desktop,Mumbai,0,61,67.1,1816,Yes,1,19,1,2,1.1968703427719822,0,4.975342465753425,10.20861989912884
T100163,CUST8868,2023-12-15 04:06:00,61.39,Fashion,Credit Card,Mobile,Kolkata,0,195,311.24,333,No,0,4,15,12,0.19724328492481685,0,0.9123287671232877,101.96991404011462
T100164,CUST1337,2023-10-06 21:56:00,7.57,Utilities,Credit Card,Desktop,Pune,0,76,204.92,1611,No,0,21,6,10,0.03694124536404451,0,4.413698630136986,14.038461538461538
T100165,CUST2865,2023-07-04 10:17:00,144.29,Fashion,Debit Card,Mobile,Hyderabad,1,15,342.31,1464,No,0,10,4,7,0.4215185066168093,0,4.010958904109589,2.993439037725533
T100166,CUST8881,2024-02-02 12:47:00,30.94,Utilities,Debit Card,Mobile,Mumbai,1,181,164.27,432,No,0,12,2,2,0.18834845072137335,0,1.1835616438356165,82.89209535759096
T100167,CUST8655,2023-08-15 16:37:00,16.51,Food,NetBanking,Desktop,Mumbai,0,132,288.56,1907,No,0,16,15,8,0.057215137233157756,0,5.2246575342465755,21.205985915492956
T100168,CUST5969,2023-10-04 03:02:00,3.33,Travel,UPI,POS,Chennai,0,151,310.27,889,No,1,3,4,10,0.010732587746156574,0,2.4356164383561643,43.951355661881976
T100169,CUST6891,2023-02-15 13:18:00,71.5,Food,PayPal,POS,Pune,0,155,348.35,1880,No,0,13,15,2,0.20525333716090138,0,5.1506849315068495,25.20044543429844
T100170,CUST7166,2023-09-21 21:20:00,90.55,Health,NetBanking,Desktop,Chennai,0,103,380.9,409,No,0,21,21,9,0.23772643738514046,0,1.1205479452054794,48.57235142118863
T100171,CUST5317,2023-01-20 12:10:00,1.34,Electronics,Credit Card,Desktop,Delhi,0,165,76.81,481,No,0,12,20,1,0.017445645098294493,0,1.3178082191780822,71.18794326241135
T100172,CUST5506,2023-10-02 11:15:00,57.41,Fashion,Debit Card,POS,Kolkata,0,171,482.97,1282,No,0,11,2,10,0.11886866679089797,0,3.5123287671232877,37.89617486338798
T100173,CUST8045,2023-04-30 00:35:00,20.55,Food,UPI,POS,Chennai,0,165,423.39,723,No,1,0,30,4,0.04853681003330263,0,1.9808219178082191,55.353860294117645
T100174,CUST5672,2023-10-12 21:01:00,82.89,Utilities,NetBanking,POS,Hyderabad,0,157,285.54,1558,No,0,21,12,10,0.29029207816768227,0,4.2684931506849315,29.799791991679665
T100175,CUST3844,2023-05-07 16:01:00,15.33,Food,UPI,Desktop,Hyderabad,0,157,446.28,1648,No,0,16,7,5,0.03435063189029309,0,4.515068493150685,28.467461500248383
T100176,CUST9755,2023-09-02 21:45:00,93.94,Food,Debit Card,Mobile,Pune,0,177,197.39,174,No,0,21,2,9,0.47591063377070775,0,0.4767123287671233,119.860853432282
T100177,CUST2824,2023-07-17 10:48:00,39.12,Electronics,NetBanking,Desktop,Mumbai,0,75,26.8,79,No,0,10,17,7,1.4597014925373133,0,0.21643835616438356,61.65540540540541
T100178,CUST1659,2023-01-09 10:11:00,220.83,Travel,NetBanking,POS,Hyderabad,0,179,366.25,1477,No,0,10,9,1,0.6029488054607509,0,4.046575342465753,35.46959826275787
T100179,CUST8648,2023-11-12 10:58:00,11.84,Entertainment,UPI,Mobile,Kolkata,0,178,472.24,1153,No,0,10,12,11,0.025071997289513807,0,3.158904109589041,42.799736495388665
T100180,CUST6557,2023-09-01 03:57:00,33.37,Food,Debit Card,Desktop,Chennai,0,28,89.31,372,No,0,3,1,9,0.373642369275557,0,1.0191780821917809,13.867028493894168
T100181,CUST2416,2023-06-03 13:46:00,9.64,Electronics,Credit Card,POS,Kolkata,0,74,325.5,911,No,0,13,3,6,0.029615975422427037,0,2.495890410958904,21.16771159874608
T100182,CUST9621,2023-06-28 14:31:00,206.9,Fashion,NetBanking,Desktop,Chennai,0,133,408.58,1785,No,0,14,28,6,0.5063879778745901,0,4.890410958904109,22.57906976744186
T100183,CUST8837,2023-11-04 02:51:00,167.87,Utilities,Credit Card,Mobile,Pune,0,125,453.48,1704,No,0,2,4,11,0.3701817059186734,0,4.668493150684932,22.051715804736585
T100184,CUST7664,2023-05-09 10:51:00,23.87,Health,Debit Card,POS,Kolkata,0,56,145.5,919,No,0,10,9,5,0.16405498281786943,0,2.5178082191780824,15.919003115264797
T100185,CUST2000,2023-12-23 09:17:00,86.3,Entertainment,NetBanking,Desktop,Chennai,0,64,73.08,1579,No,0,9,23,12,1.1808976464148877,0,4.326027397260274,12.016460905349794
T100186,CUST4345,2023-11-28 01:11:00,135.96,Grocery,NetBanking,Mobile,Kolkata,1,127,131.45,1066,No,1,1,28,11,1.0343096234309626,0,2.9205479452054797,32.39343116701607
T100187,CUST2661,2023-01-24 20:24:00,64.81,Entertainment,Credit Card,Mobile,Bengaluru,0,121,293.08,1909,Yes,0,20,24,1,0.221134161321141,0,5.23013698630137,19.421723834652592
T100188,CUST3265,2024-01-16 06:25:00,60.34,Utilities,PayPal,Desktop,Pune,0,89,460.18,791,No,0,6,16,1,0.13112260419835717,0,2.1671232876712327,28.101211072664363
T100189,CUST5718,2023-06-14 01:44:00,22.15,Entertainment,Credit Card,Mobile,Pune,0,17,295.44,877,No,0,1,14,6,0.0749729217438397,0,2.4027397260273973,4.99597423510467
T100190,CUST6128,2023-08-23 22:40:00,7.82,Utilities,Credit Card,POS,Hyderabad,0,97,460.61,953,Yes,0,22,23,8,0.01697748637676125,0,2.610958904109589,26.86267071320182
T100191,CUST6586,2023-10-19 08:09:00,182.01,Electronics,PayPal,Mobile,Pune,0,55,387.32,1225,No,0,8,19,10,0.4699215119281214,0,3.356164383561644,12.625786163522012
T100192,CUST5130,2023-11-08 11:38:00,184.54,Grocery,Debit Card,Desktop,Delhi,0,137,303.21,1542,No,0,11,8,11,0.6086210876949969,0,4.2246575342465755,26.22181436811746
T100193,CUST8087,2023-07-25 23:48:00,80.21,Food,Debit Card,POS,Hyderabad,0,196,20.68,1884,No,0,23,25,7,3.8786266924564794,1,5.161643835616438,31.809693196976436
T100194,CUST2015,2024-02-11 01:55:00,33.12,Food,NetBanking,Mobile,Hyderabad,0,110,173.21,1412,No,0,1,11,2,0.19121297846544655,0,3.8684931506849316,22.594259988745073
T100195,CUST4220,2023-02-19 01:58:00,34.37,Entertainment,UPI,Mobile,Kolkata,0,16,38.16,1159,No,0,1,19,2,0.9006813417190775,0,3.175342465753425,3.832020997375328
T100196,CUST4645,2023-12-01 22:40:00,103.56,Electronics,UPI,POS,Bengaluru,0,144,167.9,218,No,0,22,1,12,0.6167957117331745,0,0.5972602739726027,90.15437392795883
T100197,CUST4509,2023-11-24 09:14:00,181.93,Grocery,NetBanking,POS,Hyderabad,0,13,40.54,1582,No,0,9,24,11,4.48766650222003,1,4.3342465753424655,2.4370826913199797
T100198,CUST8746,2023-02-12 02:33:00,174.49,Food,UPI,Mobile,Mumbai,0,78,92.23,1103,Yes,1,2,12,2,1.8919006830749214,0,3.021917808219178,19.393732970027248
T100199,CUST7751,2023-01-13 18:21:00,121.08,Fashion,Credit Card,POS,Chennai,1,85,211.24,1302,Yes,1,18,13,1,0.5731868964211323,0,3.5671232876712327,18.611277744451108
T100200,CUST3184,2023-08-10 02:10:00,82.18,Travel,Credit Card,Desktop,Chennai,0,73,262.29,439,No,0,2,10,8,0.31331732052308514,0,1.2027397260273973,33.14054726368159
T100201,CUST9448,2023-03-25 17:01:00,7.03,Travel,PayPal,Mobile,Pune,0,191,116.4,1444,No,0,17,25,3,0.06039518900343643,0,3.956164383561644,38.53786622443339
T100202,CUST4394,2023-05-05 06:21:00,14.1,Food,PayPal,Desktop,Kolkata,0,119,368.96,1432,No,0,6,5,5,0.03821552471812663,0,3.9232876712328766,24.170840289371174
T100203,CUST4397,2023-07-03 05:52:00,183.06,Grocery,NetBanking,Mobile,Bengaluru,0,169,299.28,256,No,0,5,3,7,0.6116680032076985,0,0.7013698630136986,99.3317230273752
T100204,CUST6414,2023-12-12 10:25:00,74.6,Health,NetBanking,Desktop,Chennai,0,181,348.96,1644,No,0,10,12,12,0.21377808344795965,0,4.504109589041096,32.88451966152315
T100205,CUST2097,2023-10-21 13:19:00,0.74,Food,NetBanking,Desktop,Mumbai,0,68,369.06,1837,No,0,13,21,10,0.0020050940226521434,0,5.032876712328767,11.271571298819255
T100206,CUST1275,2023-11-11 06:37:00,8.56,Health,Credit Card,POS,Bengaluru,0,74,366.19,242,No,0,6,11,11,0.02337584314153855,0,0.663013698630137,44.49752883031301
T100207,CUST8197,2023-12-03 13:56:00,87.13,Health,UPI,Mobile,Delhi,1,99,468.75,1582,No,0,13,3,12,0.1858773333333333,0,4.3342465753424655,18.559322033898304
T100208,CUST8499,2023-07-03 14:07:00,0.41,Utilities,NetBanking,POS,Chennai,0,117,126.24,1034,No,0,14,3,7,0.003247782002534854,0,2.8328767123287673,30.525375268048606
T100209,CUST3856,2023-11-30 20:33:00,14.03,Utilities,NetBanking,POS,Hyderabad,0,137,142.38,1399,No,0,20,30,11,0.09853912066301447,0,3.8328767123287673,28.34750566893424
T100210,CUST5517,2023-10-09 15:20:00,63.66,Grocery,Credit Card,Mobile,Mumbai,0,179,56.16,448,No,0,15,9,10,1.1335470085470085,0,1.2273972602739727,80.36285362853627
T100211,CUST4511,2023-05-11 10:36:00,94.19,Health,Credit Card,Desktop,Kolkata,0,176,300.37,1816,No,0,10,11,5,0.31357991810100877,0,4.975342465753425,29.45437872535534
T100212,CUST7566,2023-05-02 11:31:00,84.44,Fashion,Credit Card,Mobile,Kolkata,0,177,203.64,1905,No,0,11,2,5,0.4146533097623257,0,5.219178082191781,28.46035242290749
T100213,CUST2864,2023-09-02 01:03:00,20.32,Grocery,UPI,Mobile,Mumbai,0,146,253.14,1137,No,1,1,2,9,0.08027178636327724,0,3.115068493150685,35.47936085219707
T100214,CUST2359,2023-10-11 00:14:00,99.63,Food,NetBanking,Mobile,Chennai,0,138,93.21,948,No,0,0,11,10,1.068876729964596,0,2.5972602739726027,38.36252856054836
T100215,CUST7358,2023-09-16 19:44:00,21.67,Entertainment,Debit Card,POS,Pune,1,115,328.04,1250,No,1,19,16,9,0.06605901719302525,0,3.4246575342465753,25.990712074303403
T100216,CUST2591,2023-08-09 13:06:00,31.49,Fashion,Debit Card,Mobile,Delhi,0,54,313.32,806,No,0,13,9,8,0.10050427677773521,0,2.208219178082192,16.831767719897524
T100217,CUST7815,2024-02-03 15:02:00,109.79,Electronics,NetBanking,Mobile,Hyderabad,0,79,139.74,1583,No,0,15,3,2,0.7856733934449692,0,4.336986301369863,14.802361396303901
T100218,CUST9660,2023-02-08 06:41:00,83.9,Travel,NetBanking,Mobile,Delhi,0,15,238.05,250,No,0,6,8,2,0.35244696492333544,0,0.684931506849315,8.902439024390244
T100219,CUST7898,2023-02-14 16:32:00,151.36,Food,NetBanking,Desktop,Delhi,0,139,448.21,1896,No,0,16,14,2,0.3376988465228353,0,5.1945205479452055,22.439186200796108
T100220,CUST4229,2024-01-08 08:00:00,85.75,Food,NetBanking,Desktop,Chennai,0,168,389.01,1800,No,0,8,8,1,0.22043135137914194,0,4.931506849315069,28.323325635103924
T100221,CUST5860,2023-11-17 13:52:00,67.2,Food,UPI,Desktop,Hyderabad,0,118,121.2,205,No,0,13,17,11,0.5544554455445545,0,0.5616438356164384,75.56140350877193
T100222,CUST8215,2023-03-25 07:28:00,7.87,Fashion,Debit Card,Desktop,Chennai,0,112,440.64,613,No,0,7,25,3,0.01786038489469862,0,1.6794520547945206,41.79959100204499
T100223,CUST3148,2023-01-14 20:42:00,36.67,Electronics,PayPal,POS,Chennai,0,106,42.98,1656,No,0,20,14,1,0.8531875290832946,0,4.536986301369863,19.143988124690747
T100224,CUST5486,2023-12-06 06:28:00,24.65,Entertainment,Debit Card,POS,Pune,0,105,212.82,1375,No,0,6,6,12,0.11582558030260313,0,3.767123287671233,22.02586206896552
T100225,CUST6535,2023-07-05 03:15:00,22.38,Grocery,Debit Card,Mobile,Mumbai,0,47,49.26,564,Yes,0,3,5,7,0.4543239951278928,0,1.5452054794520549,18.46609257265877
T100226,CUST7532,2023-07-11 19:51:00,288.98,Utilities,Credit Card,POS,Kolkata,0,118,462.86,754,No,0,19,11,7,0.6243356522490602,0,2.0657534246575344,38.489722966934764
T100227,CUST7168,2023-10-09 16:14:00,39.95,Electronics,NetBanking,Desktop,Pune,0,126,29.94,1447,No,0,16,9,10,1.3343353373413493,0,3.9643835616438357,25.38079470198676
T100228,CUST6111,2023-11-17 18:12:00,178.08,Fashion,NetBanking,Mobile,Kolkata,0,148,84.11,1859,No,0,18,17,11,2.1172274402568068,1,5.093150684931507,24.28956834532374
T100229,CUST4828,2023-07-03 16:16:00,79.79,Food,NetBanking,Mobile,Pune,0,98,458.37,1693,No,0,16,3,7,0.17407334685952397,0,4.638356164383562,17.38095238095238
T100230,CUST1325,2023-05-02 14:52:00,126.71,Travel,Credit Card,Desktop,Chennai,0,150,295.26,1624,No,0,14,2,5,0.429147192305087,0,4.449315068493151,27.526395173453995
T100231,CUST6576,2023-06-12 19:55:00,55.87,Food,UPI,Desktop,Pune,0,48,399.64,353,No,0,19,12,6,0.1398008207386648,0,0.9671232876712329,24.40111420612813
T100232,CUST8641,2023-06-20 00:47:00,68.81,Grocery,UPI,Desktop,Kolkata,1,82,18.04,114,No,1,0,20,6,3.8143015521064303,1,0.31232876712328766,62.48434237995824
T100233,CUST1503,2023-05-01 19:45:00,54.26,Health,PayPal,POS,Pune,0,16,215.36,1049,No,0,19,1,5,0.25195022288261515,0,2.873972602739726,4.130127298444131
T100234,CUST4462,2023-12-05 10:19:00,17.38,Travel,UPI,Mobile,Bengaluru,0,133,492.39,1794,No,0,10,5,12,0.03529722374540507,0,4.9150684931506845,22.484946734599355
T100235,CUST1110,2023-10-15 03:02:00,102.54,Food,UPI,Desktop,Hyderabad,0,193,294.11,916,No,0,3,15,10,0.34864506477168405,0,2.5095890410958903,54.99219359875098
T100236,CUST7848,2023-04-28 23:44:00,26.37,Entertainment,NetBanking,Mobile,Mumbai,0,74,426.34,1480,No,0,23,28,4,0.061852042970399215,0,4.054794520547945,14.639566395663955
T100237,CUST6375,2023-07-14 22:25:00,1.97,Travel,Debit Card,Mobile,Kolkata,0,21,482.14,1321,No,0,22,14,7,0.004085950138963786,0,3.6191780821917807,4.54626334519573
T100238,CUST6255,2023-08-06 10:36:00,82.96,Health,UPI,POS,Hyderabad,0,61,345.67,141,No,0,10,6,8,0.23999768565394738,0,0.3863013698630137,44.00197628458498
T100239,CUST3364,2024-02-02 06:25:00,15.59,Utilities,UPI,Mobile,Mumbai,0,183,170.54,657,No,0,6,2,2,0.091415503694148,0,1.8,65.35714285714286
T100240,CUST2663,2023-09-22 03:58:00,225.69,Electronics,Credit Card,Desktop,Bengaluru,0,24,161.22,978,No,0,3,22,9,1.399888351321176,0,2.6794520547945204,6.52271034996277
T100241,CUST7253,2023-12-26 18:57:00,246.2,Fashion,PayPal,Desktop,Chennai,0,23,44.93,779,No,0,18,26,12,5.479634987758736,1,2.1342465753424658,7.338286713286713
T100242,CUST8521,2023-10-17 00:47:00,197.08,Utilities,Credit Card,Mobile,Kolkata,0,87,219.61,1451,No,1,0,17,10,0.897409043304039,0,3.9753424657534246,17.48623348017621
T100243,CUST2184,2023-10-30 05:57:00,36.98,Food,NetBanking,Mobile,Mumbai,0,139,458.54,81,No,0,5,30,10,0.0806472717756357,0,0.2219178082191781,113.7556053811659
T100244,CUST2827,2023-01-17 15:48:00,1.25,Grocery,Debit Card,POS,Mumbai,0,175,244.25,113,No,0,15,17,1,0.00511770726714432,0,0.3095890410958904,133.62970711297072
T100245,CUST4652,2023-04-15 08:12:00,210.84,Electronics,PayPal,Desktop,Mumbai,0,2,456.39,1676,Yes,0,8,15,4,0.46197331229869193,0,4.5917808219178085,0.3576678098971092
T100246,CUST5462,2023-09-26 11:28:00,44.72,Utilities,Credit Card,Desktop,Bengaluru,0,198,410.4,741,No,0,11,26,9,0.10896686159844055,0,2.03013698630137,65.34358047016275
T100247,CUST8843,2023-12-29 21:25:00,272.07,Food,UPI,Mobile,Hyderabad,0,53,492.25,760,No,0,21,29,12,0.5527069578466226,0,2.0821917808219177,17.195555555555558
T100248,CUST7446,2023-02-20 23:51:00,265.1,Electronics,UPI,Mobile,Bengaluru,0,139,474.37,770,No,0,23,20,2,0.5588464700550204,0,2.1095890410958904,44.70044052863436
T100249,CUST3751,2023-05-28 23:04:00,153.39,Utilities,PayPal,Mobile,Mumbai,0,15,356.18,858,No,0,23,28,5,0.4306530405974507,0,2.350684931506849,4.476696647587898
T100250,CUST1036,2023-02-08 13:22:00,27.9,Grocery,UPI,Desktop,Pune,0,140,436.9,454,No,0,13,8,2,0.06385900663767452,0,1.2438356164383562,62.39316239316239
T100251,CUST9258,2023-10-16 13:21:00,38.9,Food,Credit Card,Mobile,Mumbai,1,122,376.56,1074,No,0,13,16,10,0.10330359039728064,0,2.9424657534246577,30.945100764419735
T100252,CUST6800,2023-07-30 21:37:00,152.38,Health,Credit Card,POS,Pune,0,123,354.66,1741,No,0,21,30,7,0.4296509332882197,0,4.76986301369863,21.31766381766382
T100253,CUST1016,2023-02-17 17:07:00,30.49,Health,UPI,POS,Chennai,1,164,360.62,85,No,0,17,17,2,0.08454883256613609,0,0.2328767123287671,133.0222222222222
T100254,CUST1806,2023-12-29 17:09:00,14.86,Grocery,UPI,Mobile,Bengaluru,0,92,363.31,1344,No,0,17,29,12,0.04090170928408246,0,3.682191780821918,19.648917495611467
T100255,CUST1983,2023-12-13 04:09:00,65.1,Travel,NetBanking,POS,Pune,0,23,195.92,841,Yes,0,4,13,12,0.3322784810126582,0,2.304109589041096,6.961028192371476
T100256,CUST8208,2023-04-24 15:33:00,220.1,Grocery,Debit Card,POS,Bengaluru,0,155,217.55,836,No,0,15,24,4,1.011721443346357,0,2.2904109589041095,47.10657785179018
T100257,CUST7071,2023-02-22 14:32:00,95.27,Travel,PayPal,POS,Delhi,0,88,154.09,1038,No,0,14,22,2,0.6182750340709974,0,2.8438356164383563,22.893799002138273
T100258,CUST3777,2023-08-05 08:44:00,67.53,Food,Credit Card,POS,Hyderabad,0,142,82.65,684,No,0,8,5,8,0.817059891107078,0,1.873972602739726,49.408960915157294
T100259,CUST8697,2023-07-09 00:38:00,8.18,Utilities,PayPal,POS,Delhi,0,182,234.64,1036,No,1,0,9,7,0.03486191612683259,0,2.8383561643835615,47.416131334760884
T100260,CUST7302,2023-12-10 13:31:00,76.36,Travel,NetBanking,Desktop,Pune,0,99,450.98,937,No,0,13,10,12,0.16932014723491062,0,2.5671232876712327,27.75345622119816
T100261,CUST6250,2023-05-15 04:10:00,368.85,Food,Credit Card,Mobile,Delhi,0,27,329.12,1426,No,1,4,15,5,1.1207158483228004,0,3.9068493150684933,5.50251256281407
T100262,CUST7728,2023-10-25 14:47:00,12.07,Food,NetBanking,POS,Kolkata,0,21,37.53,1791,No,0,14,25,10,0.321609379163336,0,4.906849315068493,3.5551948051948052
T100263,CUST1957,2023-05-21 01:46:00,58.44,Entertainment,NetBanking,Mobile,Hyderabad,0,49,407.49,37,No,0,1,21,5,0.14341456232054772,0,0.10136986301369863,44.49004975124378
T100264,CUST3094,2023-08-01 05:29:00,167.89,Fashion,UPI,POS,Pune,0,190,468.35,153,No,1,5,1,8,0.35847122878189386,0,0.4191780821917808,133.8803088803089
T100265,CUST7749,2023-08-18 04:37:00,108.0,Food,PayPal,Desktop,Chennai,0,44,416.42,1811,No,0,4,18,8,0.25935353729407806,0,4.961643835616439,7.380514705882352
T100266,CUST3974,2023-11-06 21:22:00,95.53,Travel,PayPal,Desktop,Chennai,0,44,366.5,1154,No,0,21,6,11,0.2606548431105048,0,3.1616438356164385,10.572745227123107
T100267,CUST4792,2023-10-03 03:01:00,96.98,Fashion,UPI,POS,Hyderabad,0,128,83.56,1019,No,0,3,3,10,1.1606031594064146,0,2.791780821917808,33.75722543352601
T100268,CUST8944,2023-02-23 05:41:00,35.64,Fashion,PayPal,POS,Hyderabad,0,189,181.01,864,No,1,5,23,2,0.1968951991602674,0,2.367123287671233,56.13100081366965
T100269,CUST5596,2024-01-21 07:49:00,27.8,Food,UPI,POS,Pune,0,170,286.99,1915,No,0,7,21,1,0.09686748667200948,0,5.2465753424657535,27.214912280701753
T100270,CUST6969,2023-03-09 09:23:00,132.59,Grocery,Credit Card,Desktop,Bengaluru,0,23,47.66,1146,No,0,9,9,3,2.781997482165338,1,3.1397260273972605,5.555923229649238
T100271,CUST7680,2023-03-07 09:45:00,132.91,Grocery,NetBanking,Desktop,Kolkata,0,129,62.07,1438,No,0,9,7,3,2.1412920895762846,1,3.9397260273972603,26.114808652246257
T100272,CUST8834,2023-06-03 21:12:00,161.44,Health,NetBanking,Mobile,Pune,0,125,467.78,795,No,0,21,3,6,0.34511950061994956,0,2.1780821917808217,39.33189655172414
T100273,CUST1271,2023-02-07 19:39:00,195.57,Fashion,PayPal,Desktop,Bengaluru,0,36,354.32,1133,No,0,19,7,2,0.5519586814179273,0,3.1041095890410957,8.7716955941255
T100274,CUST7429,2023-03-20 10:09:00,57.29,Food,Debit Card,POS,Bengaluru,0,55,144.79,1351,No,0,10,20,3,0.3956764969956489,0,3.7013698630136984,11.698717948717949
T100275,CUST3271,2023-11-01 15:35:00,55.69,Entertainment,NetBanking,Mobile,Bengaluru,0,110,170.41,60,No,0,15,1,11,0.32680007041840264,0,0.1643835616438356,94.47058823529412
T100276,CUST6214,2023-04-27 01:11:00,128.08,Grocery,UPI,Desktop,Pune,0,16,198.37,407,No,1,1,27,4,0.6456621464939255,0,1.115068493150685,7.5647668393782395
T100277,CUST4287,2023-08-22 04:43:00,83.98,Entertainment,Debit Card,Desktop,Mumbai,0,89,46.78,359,No,0,4,22,8,1.7952116289012399,0,0.9835616438356164,44.86878453038674
T100278,CUST2451,2023-05-06 14:40:00,96.84,Food,Debit Card,POS,Mumbai,0,18,372.2,1979,No,0,14,6,5,0.2601826974744761,0,5.421917808219178,2.8029010238907848
T100279,CUST2846,2024-02-04 08:15:00,127.09,Food,NetBanking,Mobile,Chennai,0,38,96.65,1352,No,0,8,4,2,1.3149508535954475,0,3.7041095890410958,8.07804309842749
T100280,CUST7941,2023-02-19 23:47:00,176.59,Utilities,NetBanking,Desktop,Mumbai,0,195,404.51,311,No,0,23,19,2,0.4365528664309906,0,0.852054794520548,105.28846153846155
T100281,CUST8399,2023-10-04 06:57:00,33.0,Fashion,NetBanking,Desktop,Mumbai,0,20,424.48,1065,No,0,6,4,10,0.07774217866566151,0,2.9178082191780823,5.104895104895105
T100282,CUST8893,2024-01-01 08:18:00,37.67,Utilities,UPI,POS,Bengaluru,0,19,322.83,668,No,0,8,1,1,0.11668680110274758,0,1.83013698630137,6.713455953533398
T100283,CUST7825,2023-01-07 05:07:00,7.9,Entertainment,Debit Card,Mobile,Bengaluru,0,13,387.23,901,No,1,5,7,1,0.02040131188182734,0,2.4684931506849317,3.7480252764612954
T100284,CUST8585,2023-08-31 14:26:00,69.07,Utilities,PayPal,Mobile,Hyderabad,0,17,94.2,728,No,0,14,31,8,0.7332271762208067,0,1.9945205479452055,5.677035681610247
T100285,CUST9616,2023-11-27 14:20:00,2.93,Health,UPI,Mobile,Bengaluru,0,30,292.21,98,No,0,14,27,11,0.010027035351288459,0,0.2684931506849315,23.65010799136069
T100286,CUST8015,2023-11-08 06:27:00,50.13,Fashion,Credit Card,Mobile,Pune,0,43,341.63,870,No,0,6,8,11,0.14673769867985834,0,2.3835616438356166,12.708502024291498
T100287,CUST7060,2023-11-29 03:08:00,62.58,Electronics,NetBanking,POS,Hyderabad,0,48,334.16,1576,No,0,3,29,11,0.18727555661958342,0,4.317808219178082,9.02627511591963
T100288,CUST8619,2023-11-29 07:47:00,27.01,Utilities,Debit Card,Desktop,Kolkata,0,43,67.47,1868,No,0,7,29,11,0.4003260708463021,0,5.117808219178082,7.028660994178236
T100289,CUST9513,2023-10-04 04:13:00,71.49,Entertainment,UPI,Desktop,Hyderabad,0,93,178.75,52,No,0,4,4,10,0.3999440559440559,0,0.14246575342465753,81.40287769784172
T100290,CUST7257,2023-08-11 21:32:00,2.48,Grocery,Credit Card,Mobile,Mumbai,0,114,169.27,366,No,0,21,11,8,0.014651149051810716,0,1.0027397260273974,56.922024623803004
T100291,CUST1418,2023-04-08 07:17:00,3.05,Grocery,UPI,Mobile,Bengaluru,0,66,290.54,456,No,0,7,8,4,0.010497693949198044,0,1.2493150684931507,29.342265529841654
T100292,CUST3048,2023-09-16 09:27:00,138.35,Grocery,UPI,Mobile,Mumbai,0,119,384.97,874,No,0,9,16,9,0.35937865288204274,0,2.3945205479452056,35.05649717514124
T100293,CUST8599,2023-05-16 20:37:00,35.73,Travel,PayPal,Desktop,Bengaluru,0,53,289.59,238,No,0,20,16,5,0.1233813322283228,0,0.6520547945205479,32.08126036484246
T100294,CUST5482,2023-05-21 03:55:00,10.87,Food,PayPal,Desktop,Mumbai,0,72,379.87,244,No,0,3,21,5,0.02861505251796667,0,0.6684931506849315,43.152709359605915
T100295,CUST8928,2023-05-10 14:49:00,59.09,Fashion,UPI,Mobile,Kolkata,0,78,58.49,664,No,0,14,10,5,1.0102581637886818,0,1.819178082191781,27.667638483965014
T100296,CUST7035,2023-07-04 14:44:00,117.57,Grocery,Credit Card,POS,Mumbai,0,162,440.29,452,Yes,1,14,4,7,0.2670285493651911,0,1.2383561643835617,72.37454100367198
T100297,CUST1019,2023-01-03 15:07:00,19.45,Electronics,Debit Card,Desktop,Mumbai,0,74,272.94,102,Yes,0,15,3,1,0.07126108302190957,0,0.27945205479452057,57.8372591006424
T100298,CUST6107,2023-04-25 23:57:00,78.02,Grocery,Debit Card,Desktop,Pune,0,72,28.37,1775,No,0,23,25,4,2.7500881212548465,1,4.863013698630137,12.2803738317757
T100299,CUST2684,2023-06-10 08:05:00,7.14,Health,NetBanking,Mobile,Kolkata,0,199,325.17,852,No,0,8,10,6,0.021957745179444595,0,2.334246575342466,59.683648315529986
T100300,CUST5888,2023-08-16 09:01:00,4.25,Food,NetBanking,POS,Chennai,0,13,263.5,815,No,0,9,16,8,0.016129032258064516,0,2.232876712328767,4.021186440677966
T100301,CUST6977,2024-02-18 18:20:00,60.63,Entertainment,Debit Card,Mobile,Kolkata,1,184,117.98,1659,No,0,18,18,2,0.5139006611290049,0,4.545205479452055,33.18181818181818
T100302,CUST3293,2023-07-21 09:54:00,62.23,Food,UPI,Mobile,Mumbai,0,59,384.57,967,Yes,0,9,21,7,0.1618170944171412,0,2.649315068493151,16.16741741741742
T100303,CUST1484,2023-05-01 16:31:00,81.16,Utilities,UPI,POS,Delhi,0,32,467.45,1801,No,0,16,1,5,0.17362284736335437,0,4.934246575342466,5.392428439519852
T100304,CUST9094,2023-04-19 06:11:00,103.6,Entertainment,PayPal,POS,Delhi,0,83,168.11,1719,No,0,6,19,4,0.6162631610255189,0,4.7095890410958905,14.536948176583493
T100305,CUST8185,2024-01-15 04:57:00,297.88,Entertainment,PayPal,POS,Delhi,1,120,252.02,1327,No,0,4,15,1,1.1819696849456391,0,3.6356164383561644,25.886524822695034
T100306,CUST1938,2024-01-09 05:44:00,58.1,Utilities,NetBanking,Desktop,Pune,0,54,72.81,1778,No,0,5,9,1,0.7979673121823925,0,4.8712328767123285,9.197386840877275
T100307,CUST6256,2023-11-11 21:59:00,31.2,Fashion,Debit Card,Mobile,Hyderabad,0,2,465.6,1693,No,0,21,11,11,0.06701030927835051,0,4.638356164383562,0.35471331389698735
T100308,CUST7850,2023-05-10 05:14:00,126.85,Utilities,UPI,Desktop,Mumbai,0,118,166.21,1286,No,0,5,10,5,0.7631911437338307,0,3.5232876712328767,26.087219866747425
T100309,CUST2355,2024-01-15 14:01:00,25.27,Travel,Debit Card,POS,Kolkata,0,37,105.44,1094,No,0,14,15,1,0.23966236722306525,0,2.9972602739726026,9.256339958875943
T100310,CUST4668,2024-02-01 22:04:00,46.24,Entertainment,Credit Card,Desktop,Delhi,0,97,244.43,1991,No,0,22,1,2,0.18917481487542445,0,5.454794520547945,15.027589134125638
T100311,CUST2032,2023-12-31 00:51:00,6.54,Entertainment,Debit Card,POS,Pune,0,103,31.21,318,No,0,0,31,12,0.20954822172380647,0,0.8712328767123287,55.043923865300144
T100312,CUST5987,2023-06-21 06:04:00,2.05,Utilities,Credit Card,POS,Hyderabad,0,114,133.89,584,No,0,6,21,6,0.015311076256628576,0,1.6,43.84615384615385
T100313,CUST6238,2023-12-25 06:57:00,262.99,Fashion,PayPal,Mobile,Delhi,0,161,43.15,1323,No,0,6,25,12,6.094785631517961,1,3.6246575342465754,34.81338862559242
T100314,CUST6750,2023-06-16 19:52:00,144.62,Grocery,PayPal,Mobile,Bengaluru,0,1,72.41,468,No,0,19,16,6,1.9972379505593152,0,1.2821917808219179,0.4381752701080432
T100315,CUST9052,2023-01-31 08:32:00,95.25,Health,NetBanking,Mobile,Chennai,0,128,64.96,1367,No,0,8,31,1,1.466286945812808,0,3.745205479452055,26.974595842956116
T100316,CUST1803,2023-01-21 13:05:00,42.07,Electronics,Debit Card,Desktop,Mumbai,0,103,437.49,1563,No,0,13,21,1,0.09616219799309698,0,4.282191780821917,19.499481327800833
T100317,CUST1815,2023-06-27 19:53:00,15.22,Fashion,Debit Card,Mobile,Chennai,1,156,465.91,1447,No,0,19,27,6,0.03266725333218862,0,3.9643835616438357,31.42384105960265
T100318,CUST5875,2023-11-22 10:29:00,13.61,Travel,Credit Card,POS,Chennai,0,145,242.52,57,No,0,10,22,11,0.056119082962229914,0,0.15616438356164383,125.41469194312798
T100319,CUST3805,2023-05-02 12:39:00,23.04,Fashion,PayPal,Mobile,Bengaluru,0,57,318.9,299,No,0,12,2,5,0.0722483537158984,0,0.8191780821917808,31.332831325301203
T100320,CUST5627,2023-02-23 17:10:00,63.74,Food,Credit Card,Desktop,Bengaluru,0,70,350.99,1520,No,0,17,23,2,0.1816006154021482,0,4.164383561643835,13.554376657824934
T100321,CUST6405,2023-10-07 12:47:00,100.31,Grocery,PayPal,Mobile,Bengaluru,0,180,201.74,1975,No,0,12,7,10,0.49722414989590563,0,5.410958904109589,28.076923076923077
T100322,CUST5947,2023-04-06 16:03:00,86.35,Grocery,Credit Card,Mobile,Hyderabad,0,44,191.4,103,No,0,16,6,4,0.4511494252873563,0,0.2821917808219178,34.31623931623931
T100323,CUST5747,2023-02-22 04:54:00,26.27,Entertainment,PayPal,Mobile,Delhi,0,175,341.03,1710,No,0,4,22,2,0.07703134621587544,0,4.684931506849315,30.783132530120483
T100324,CUST6241,2024-01-30 17:51:00,247.85,Grocery,Credit Card,Desktop,Kolkata,0,141,194.59,703,No,0,17,30,1,1.2737036846703325,0,1.926027397260274,48.188202247191015
T100325,CUST6257,2023-06-10 13:13:00,107.12,Grocery,PayPal,POS,Mumbai,0,76,294.69,275,No,0,13,10,6,0.36350062777834335,0,0.7534246575342466,43.34375
T100326,CUST2975,2023-09-13 17:29:00,64.66,Utilities,Credit Card,POS,Bengaluru,0,158,262.44,1835,No,0,17,13,9,0.24638012498094802,0,5.027397260273973,26.213636363636365
T100327,CUST9211,2023-03-31 00:54:00,75.68,Grocery,Debit Card,POS,Pune,0,85,266.99,439,Yes,0,0,31,3,0.28345630922506465,0,1.2027397260273973,38.588308457711435
T100328,CUST6696,2024-02-03 22:09:00,43.52,Grocery,NetBanking,Mobile,Mumbai,0,66,416.39,527,No,0,22,3,2,0.1045173995533034,0,1.4438356164383561,27.0067264573991
T100329,CUST6429,2024-01-17 13:52:00,22.77,Electronics,Credit Card,Mobile,Kolkata,1,53,354.99,1471,No,1,13,17,1,0.06414265190568748,0,4.03013698630137,10.536492374727668
T100330,CUST1581,2023-10-24 23:28:00,35.2,Travel,NetBanking,Desktop,Mumbai,0,18,480.73,1041,No,0,23,24,10,0.07322197491315291,0,2.852054794520548,4.672830725462305
T100331,CUST5412,2023-09-12 21:30:00,113.45,Entertainment,Debit Card,POS,Mumbai,0,28,397.58,240,No,0,21,12,9,0.2853513758237336,0,0.6575342465753424,16.892561983471076
T100332,CUST6602,2023-03-17 03:59:00,1.16,Utilities,Debit Card,Mobile,Bengaluru,0,132,81.44,821,No,0,3,17,3,0.01424361493123772,0,2.249315068493151,40.62394603709949
T100333,CUST2416,2023-06-26 05:16:00,9.87,Grocery,PayPal,Mobile,Bengaluru,0,42,371.86,1276,No,0,5,26,6,0.026542247082235248,0,3.495890410958904,9.341864716636199
T100334,CUST8346,2024-01-14 04:53:00,3.77,Entertainment,NetBanking,Mobile,Delhi,0,126,336.17,389,No,0,4,14,1,0.011214564059850671,0,1.0657534246575342,60.99469496021221
T100335,CUST4601,2023-02-08 23:52:00,3.33,Travel,UPI,Desktop,Kolkata,0,117,326.56,611,No,0,23,8,2,0.010197207251347378,0,1.673972602739726,43.755122950819676
T100336,CUST1681,2023-07-15 10:33:00,154.74,Utilities,PayPal,POS,Bengaluru,0,134,245.56,1073,No,0,10,15,7,0.6301514904707607,0,2.9397260273972603,34.012517385257304
T100337,CUST9170,2023-05-24 06:23:00,97.3,Health,NetBanking,Desktop,Bengaluru,0,102,40.61,452,No,0,6,24,5,2.3959615858163015,1,1.2383561643835617,45.56915544675643
T100338,CUST3556,2024-02-20 17:58:00,51.42,Grocery,Credit Card,POS,Mumbai,0,137,476.23,150,Yes,0,17,20,2,0.10797303823782627,0,0.410958904109589,97.09708737864078
T100339,CUST2853,2023-01-04 01:15:00,8.24,Entertainment,Credit Card,POS,Delhi,0,148,427.44,202,No,0,1,4,1,0.019277559423544824,0,0.5534246575342465,95.27336860670194
T100340,CUST9175,2024-02-14 12:29:00,54.12,Fashion,Debit Card,Mobile,Chennai,0,38,248.54,63,No,0,12,14,2,0.21775166975134788,0,0.1726027397260274,32.40654205607476
T100341,CUST9785,2023-03-07 09:10:00,51.32,Utilities,UPI,Mobile,Bengaluru,0,196,87.7,947,No,0,9,7,3,0.5851767388825542,0,2.5945205479452054,54.52743902439025
T100342,CUST4239,2023-12-11 07:38:00,15.22,Utilities,Credit Card,Mobile,Pune,0,50,413.99,100,Yes,1,7,11,12,0.03676417304765816,0,0.273972602739726,39.24731182795699
T100343,CUST1553,2023-06-22 15:44:00,45.51,Entertainment,NetBanking,Mobile,Bengaluru,1,60,221.03,574,No,1,15,22,6,0.2058996516310003,0,1.5726027397260274,23.322683706070286
T100344,CUST9394,2023-02-27 11:42:00,40.67,Grocery,NetBanking,Mobile,Chennai,0,141,201.16,803,No,0,11,27,2,0.20217737124676877,0,2.2,44.0625
T100345,CUST7151,2023-02-28 02:24:00,76.54,Food,Credit Card,POS,Mumbai,0,119,336.04,813,No,0,2,28,2,0.22777050351148673,0,2.2273972602739724,36.87181663837012
T100346,CUST6639,2024-01-12 19:21:00,80.65,Electronics,NetBanking,Mobile,Kolkata,0,99,381.75,997,No,0,19,12,1,0.21126391617550755,0,2.7315068493150685,26.530837004405285
T100347,CUST4277,2023-10-05 01:38:00,3.71,Fashion,NetBanking,Mobile,Delhi,0,94,40.79,1674,No,1,1,5,10,0.09095366511399854,0,4.586301369863014,16.826875919568415
T100348,CUST7077,2023-03-28 05:12:00,37.55,Fashion,Debit Card,Desktop,Mumbai,0,170,386.1,564,No,1,5,28,3,0.09725459725459724,0,1.5452054794520549,66.79224973089343
T100349,CUST3309,2023-08-27 15:44:00,78.65,Food,UPI,Desktop,Kolkata,0,68,369.63,1711,No,0,15,27,8,0.21278034791548306,0,4.6876712328767125,11.955684007707129
T100350,CUST5185,2023-06-15 03:43:00,55.96,Grocery,Debit Card,POS,Hyderabad,0,153,298.71,43,No,0,3,15,6,0.18733889056275319,0,0.1178082191780822,136.875
T100351,CUST3169,2023-07-08 13:51:00,155.31,Utilities,UPI,POS,Bengaluru,0,159,175.83,1359,No,0,13,8,7,0.8832963658078825,0,3.723287671232877,33.66299303944316
T100352,CUST3366,2023-09-08 17:00:00,86.0,Utilities,NetBanking,Desktop,Kolkata,0,140,90.75,1882,No,0,17,8,9,0.9476584022038568,0,5.156164383561644,22.741433021806852
T100353,CUST5000,2024-01-14 09:49:00,14.23,Electronics,UPI,Desktop,Pune,0,64,60.3,1601,No,0,9,14,1,0.2359867330016584,0,4.3863013698630136,11.881993896236013
T100354,CUST5698,2024-01-29 04:02:00,5.85,Fashion,NetBanking,Mobile,Kolkata,0,79,10.58,300,No,0,4,29,1,0.552930056710775,0,0.821917808219178,43.3609022556391
T100355,CUST9979,2023-07-17 00:54:00,82.27,Electronics,NetBanking,Mobile,Hyderabad,0,189,111.17,1826,No,0,0,17,7,0.7400377799766124,0,5.002739726027397,31.48562300319489
T100356,CUST5318,2023-06-20 06:52:00,2.15,Fashion,Debit Card,POS,Bengaluru,0,53,211.56,1106,No,0,6,20,6,0.01016260162601626,0,3.03013698630137,13.15091774303195
T100357,CUST3405,2023-01-25 10:32:00,70.51,Grocery,Debit Card,Desktop,Hyderabad,1,26,129.39,1547,No,0,10,25,1,0.5449416492773785,0,4.238356164383561,4.9633891213389125
T100358,CUST6174,2024-02-09 17:35:00,225.38,Health,PayPal,POS,Chennai,0,189,161.4,1613,No,0,17,9,2,1.3964064436183394,0,4.419178082191781,34.876137512639026
T100359,CUST5008,2023-07-13 23:45:00,68.54,Fashion,Credit Card,Mobile,Bengaluru,0,138,201.32,492,No,0,23,13,7,0.34045301013312146,0,1.347945205479452,58.77479579929988
T100360,CUST6530,2023-03-02 14:37:00,39.3,Health,PayPal,POS,Pune,0,140,161.05,552,No,0,14,2,3,0.24402359515678357,0,1.5123287671232877,55.725190839694655
T100361,CUST1100,2023-05-03 00:39:00,82.47,Fashion,PayPal,POS,Bengaluru,0,150,365.06,799,Yes,0,0,3,5,0.22590806990631676,0,2.1890410958904107,47.03608247422681
T100362,CUST8224,2024-01-04 23:53:00,49.04,Utilities,UPI,POS,Hyderabad,0,181,250.95,884,No,0,23,4,1,0.19541741382745567,0,2.421917808219178,52.894315452361894
T100363,CUST2026,2023-02-01 20:06:00,63.11,Travel,NetBanking,Mobile,Delhi,0,21,19.47,821,No,0,20,1,2,3.241397021058038,1,2.249315068493151,6.462900505902192
T100364,CUST2304,2023-01-03 20:05:00,227.05,Grocery,NetBanking,POS,Hyderabad,0,163,121.07,1775,No,0,20,3,1,1.8753613611960025,0,4.863013698630137,27.801401869158877
T100365,CUST4600,2024-01-29 06:34:00,39.03,Food,NetBanking,Mobile,Bengaluru,1,71,357.73,1377,No,0,6,29,1,0.10910463198501663,0,3.7726027397260276,14.876578645235362
T100366,CUST8962,2023-01-11 19:35:00,259.93,Health,Credit Card,Desktop,Bengaluru,0,82,157.46,1900,No,0,19,11,1,1.6507684491299377,0,5.205479452054795,13.214128035320087
T100367,CUST4639,2023-07-26 04:50:00,188.61,Food,UPI,POS,Kolkata,0,155,460.87,1577,No,0,4,26,7,0.40924772712478574,0,4.32054794520548,29.132337796086507
T100368,CUST9553,2023-01-09 15:58:00,17.43,Grocery,UPI,POS,Delhi,0,60,359.21,472,No,0,15,9,1,0.0485231480192645,0,1.2931506849315069,26.164874551971327
T100369,CUST6008,2023-09-06 15:17:00,5.75,Entertainment,NetBanking,Mobile,Mumbai,0,99,152.06,280,No,0,15,6,9,0.03781402078127055,0,0.7671232876712328,56.02325581395349
T100370,CUST6576,2024-01-14 05:30:00,8.5,Food,PayPal,POS,Delhi,0,47,263.04,1888,No,0,5,14,1,0.03231447688564477,0,5.1726027397260275,7.614292055037727
T100371,CUST4692,2023-12-13 05:36:00,1.47,Grocery,Credit Card,Mobile,Mumbai,0,194,336.95,189,No,0,5,13,12,0.004362665083840332,0,0.5178082191780822,127.8158844765343
T100372,CUST5286,2023-06-28 04:19:00,7.94,Utilities,PayPal,POS,Pune,0,143,104.75,65,No,0,4,28,6,0.07579952267303103,0,0.1780821917808219,121.38372093023256
T100373,CUST7947,2023-11-02 17:55:00,91.91,Food,Debit Card,Desktop,Bengaluru,0,24,130.63,1714,Yes,0,17,2,11,0.7035902931945188,0,4.695890410958904,4.213564213564214
T100374,CUST9868,2023-05-15 08:24:00,5.91,Health,UPI,Desktop,Kolkata,0,10,258.49,909,No,0,8,15,5,0.022863553715811058,0,2.4904109589041097,2.864992150706436
T100375,CUST1108,2023-01-29 07:00:00,30.73,Travel,UPI,Desktop,Chennai,0,120,463.2,1251,No,0,7,29,1,0.06634283246977547,0,3.4273972602739726,27.103960396039607
T100376,CUST1706,2023-12-28 15:07:00,149.08,Food,PayPal,POS,Chennai,0,152,178.57,1503,No,0,15,28,12,0.8348546788374308,0,4.117808219178082,29.700214132762312
T100377,CUST5358,2023-12-12 20:08:00,1.88,Health,Credit Card,POS,Hyderabad,0,88,207.04,1431,No,0,20,12,12,0.009080370942812983,0,3.9205479452054797,17.884187082405347
T100378,CUST4973,2023-02-02 03:53:00,134.76,Fashion,UPI,Desktop,Delhi,0,104,103.4,1299,No,0,3,2,2,1.3032882011605413,0,3.558904109589041,22.8125
T100379,CUST8507,2023-03-07 01:05:00,26.49,Grocery,PayPal,Desktop,Delhi,0,124,300.67,422,No,0,1,7,3,0.08810323610602985,0,1.1561643835616437,57.50952986022872
T100380,CUST1899,2023-11-30 01:22:00,10.06,Electronics,Credit Card,Mobile,Chennai,0,185,372.67,1257,No,0,1,30,11,0.026994391821182278,0,3.4438356164383563,41.63070283600493
T100381,CUST9922,2023-02-17 18:09:00,95.45,Entertainment,PayPal,Mobile,Mumbai,0,34,225.91,73,No,0,18,17,2,0.42251339028816787,0,0.2,28.333333333333336
T100382,CUST9643,2023-01-21 21:01:00,79.31,Utilities,Credit Card,Desktop,Delhi,0,41,377.62,344,No,0,21,21,1,0.21002595201525343,0,0.9424657534246575,21.107193229901267
T100383,CUST8122,2023-11-05 12:08:00,167.95,Electronics,NetBanking,Desktop,Mumbai,0,168,158.28,437,No,0,12,5,11,1.061094263330806,0,1.1972602739726028,76.45885286783042
T100384,CUST5636,2023-09-04 23:26:00,106.26,Utilities,Credit Card,POS,Mumbai,1,11,356.42,924,No,0,23,4,9,0.2981314179900118,0,2.5315068493150683,3.1148176881303336
T100385,CUST1311,2023-08-05 23:36:00,130.16,Grocery,Debit Card,Desktop,Mumbai,0,1,136.59,1884,No,0,23,5,8,0.9529248114796105,0,5.161643835616438,0.16229435304579815
T100386,CUST4008,2023-08-18 20:58:00,26.51,Utilities,NetBanking,Mobile,Mumbai,0,158,392.52,235,No,0,20,18,8,0.06753795984917967,0,0.6438356164383562,96.11666666666667
T100387,CUST2520,2023-07-13 21:07:00,15.63,Travel,PayPal,Mobile,Kolkata,0,171,417.01,1294,No,0,21,13,7,0.03748111556077792,0,3.5452054794520547,37.62206148282098
T100388,CUST1322,2023-09-20 18:09:00,111.1,Food,NetBanking,Mobile,Hyderabad,0,82,400.88,70,No,0,18,20,9,0.2771402913590102,0,0.1917808219178082,68.80459770114943
T100389,CUST8843,2023-11-12 19:11:00,131.54,Travel,NetBanking,Mobile,Hyderabad,0,26,115.58,617,No,0,19,12,11,1.1380861740785602,0,1.6904109589041096,9.663951120162931
T100390,CUST6757,2023-08-04 12:56:00,372.56,Electronics,PayPal,Mobile,Kolkata,0,53,350.18,743,No,0,12,4,8,1.063909989148438,0,2.0356164383561643,17.459386281588447
T100391,CUST4572,2023-10-10 09:32:00,42.57,Entertainment,PayPal,Mobile,Chennai,1,125,273.88,1416,No,1,9,10,10,0.1554330363662918,0,3.8794520547945206,25.617630544637844
T100392,CUST1027,2023-09-09 23:23:00,37.22,Health,Debit Card,Desktop,Hyderabad,0,175,493.16,927,No,0,23,9,9,0.07547246329791547,0,2.5397260273972604,49.438854489164086
T100393,CUST9235,2023-10-29 01:01:00,119.84,Entertainment,PayPal,Mobile,Pune,0,9,187.17,124,No,0,1,29,10,0.6402735481113427,0,0.33972602739726027,6.7177914110429455
T100394,CUST9438,2023-03-19 04:19:00,33.34,Grocery,UPI,Mobile,Kolkata,0,9,387.91,569,No,0,4,19,3,0.08594777139027095,0,1.558904109589041,3.517130620985011
T100395,CUST9025,2023-09-24 19:30:00,213.61,Grocery,UPI,Mobile,Delhi,0,129,191.34,1197,No,0,19,24,9,1.1163896728336993,0,3.2794520547945205,30.144046094750323
T100396,CUST3153,2023-11-10 03:02:00,156.39,Travel,Debit Card,Mobile,Pune,0,199,204.46,88,No,0,3,10,11,0.7648928885845642,0,0.2410958904109589,160.3421633554084
T100397,CUST4015,2023-01-07 16:38:00,44.83,Health,Credit Card,Desktop,Kolkata,0,172,64.39,1694,No,0,16,7,1,0.6962261220686442,0,4.641095890410959,30.490529383195724
T100398,CUST2296,2023-07-15 20:00:00,111.18,Travel,Credit Card,POS,Hyderabad,0,59,127.43,883,No,0,20,15,7,0.872479008082869,0,2.419178082191781,17.255608974358974
T100399,CUST6341,2023-09-23 10:51:00,112.37,Food,UPI,POS,Delhi,0,184,90.6,538,No,0,10,23,9,1.2402869757174395,0,1.473972602739726,74.37430786267996
T100400,CUST6483,2023-06-21 23:39:00,8.71,Fashion,PayPal,POS,Delhi,0,106,88.01,542,No,0,23,21,6,0.09896602658788774,0,1.484931506849315,42.657111356119074
T100401,CUST6461,2023-05-25 13:20:00,186.28,Health,Debit Card,POS,Mumbai,0,179,14.42,828,No,0,13,25,5,12.918169209431346,1,2.2684931506849315,54.7652975691534
T100402,CUST7364,2023-08-22 10:50:00,56.3,Fashion,Credit Card,Mobile,Chennai,0,125,398.95,1075,No,0,10,22,8,0.14112044115803984,0,2.9452054794520546,31.68402777777778
T100403,CUST3292,2023-04-22 01:16:00,140.11,Entertainment,Credit Card,POS,Mumbai,0,16,239.29,767,No,0,1,22,4,0.5855238413640353,0,2.1013698630136988,5.159010600706713
T100404,CUST6881,2023-09-10 02:02:00,30.86,Food,NetBanking,POS,Kolkata,0,38,404.04,1257,No,1,2,10,9,0.07637857637857637,0,3.4438356164383563,8.551171393341553
T100405,CUST7710,2023-09-23 22:35:00,180.7,Utilities,UPI,Desktop,Mumbai,0,139,310.15,728,No,0,22,23,9,0.5826213122682573,0,1.9945205479452055,46.41811527904849
T100406,CUST8478,2023-09-24 16:28:00,39.44,Utilities,PayPal,Desktop,Pune,0,153,417.36,916,No,0,16,24,9,0.09449875407322215,0,2.5095890410958903,43.594847775175644
T100407,CUST2157,2023-08-13 06:13:00,0.87,Fashion,Debit Card,Desktop,Hyderabad,0,59,256.84,500,No,0,6,13,8,0.0033873228469085814,0,1.36986301369863,24.89595375722543
T100408,CUST6864,2023-07-30 07:20:00,188.63,Electronics,Credit Card,Mobile,Pune,0,29,56.08,313,No,0,7,30,7,3.363587731811698,1,0.8575342465753425,15.612094395280234
T100409,CUST7876,2023-12-23 05:10:00,7.66,Entertainment,NetBanking,Mobile,Hyderabad,0,168,312.21,401,No,0,5,23,12,0.024534768264949876,0,1.0986301369863014,80.05221932114883
T100410,CUST6532,2023-11-10 09:43:00,30.77,Fashion,UPI,Mobile,Pune,0,8,342.1,1551,No,0,9,10,11,0.08994446068401052,0,4.249315068493151,1.524008350730689
T100411,CUST5040,2024-01-03 22:46:00,239.76,Food,UPI,Desktop,Delhi,0,98,316.99,1385,No,0,22,3,1,0.7563645540868796,0,3.7945205479452055,20.439999999999998
T100412,CUST2499,2023-06-20 22:51:00,240.64,Fashion,Debit Card,POS,Hyderabad,0,134,402.65,1080,No,0,22,20,6,0.5976406308208121,0,2.958904109589041,33.84775086505191
T100413,CUST8121,2023-08-30 01:21:00,68.16,Grocery,Credit Card,Desktop,Hyderabad,0,173,368.43,884,No,1,1,30,8,0.18500122139890887,0,2.421917808219178,50.5564451561249
T100414,CUST6020,2023-08-26 11:01:00,79.94,Travel,Debit Card,Mobile,Pune,0,109,221.99,158,No,0,11,26,8,0.36010631109509433,0,0.4328767123287671,76.07074569789675
T100415,CUST6952,2023-05-06 03:55:00,47.6,Electronics,Debit Card,Desktop,Bengaluru,1,181,411.36,1433,No,1,3,6,5,0.11571373006612214,0,3.926027397260274,36.74360400444939
T100416,CUST5506,2024-02-05 08:00:00,27.76,Grocery,NetBanking,POS,Delhi,0,108,348.98,536,No,0,8,5,2,0.07954610579402831,0,1.4684931506849315,43.751387347391784
T100417,CUST9888,2023-09-19 16:08:00,31.88,Grocery,UPI,Mobile,Kolkata,0,149,68.98,1928,No,0,16,19,9,0.4621629457813859,0,5.282191780821917,23.717836894897516
T100418,CUST1582,2023-09-06 02:15:00,89.31,Food,PayPal,POS,Delhi,0,57,274.54,1951,No,1,2,6,9,0.3253077875719385,0,5.345205479452055,8.983160621761657
T100419,CUST7379,2023-10-11 00:38:00,111.67,Travel,UPI,POS,Kolkata,0,76,366.99,1148,No,0,0,11,10,0.3042862203329791,0,3.1452054794520548,18.334434897554527
T100420,CUST6109,2023-07-06 01:22:00,125.46,Travel,UPI,Mobile,Bengaluru,0,113,281.11,607,No,1,1,6,7,0.4463021592970723,0,1.663013698630137,42.43312757201646
T100421,CUST6903,2024-01-18 06:09:00,124.71,Health,NetBanking,POS,Pune,1,6,475.02,1230,No,0,6,18,1,0.2625363142604522,0,3.3698630136986303,1.3730407523510972
T100422,CUST2360,2023-03-19 18:10:00,7.65,Entertainment,PayPal,Desktop,Pune,0,191,59.73,502,No,0,18,19,3,0.12807634354595682,0,1.3753424657534246,80.40945790080738
T100423,CUST8899,2024-01-25 00:03:00,54.56,Electronics,Credit Card,POS,Delhi,0,124,363.94,1539,No,0,0,25,1,0.14991482112436116,0,4.2164383561643834,23.771008403361346
T100424,CUST9378,2023-06-08 08:59:00,4.74,Entertainment,PayPal,POS,Pune,0,134,413.98,1037,No,0,8,8,6,0.01144982849413015,0,2.841095890410959,34.885877318116975
T100425,CUST7037,2024-01-27 18:03:00,63.8,Food,Credit Card,POS,Chennai,0,53,354.3,1328,No,0,18,27,1,0.18007338413773638,0,3.638356164383562,11.426461901949203
T100426,CUST1675,2023-12-01 13:44:00,46.6,Electronics,PayPal,Desktop,Chennai,0,132,198.94,697,No,0,13,1,12,0.23424147984316881,0,1.9095890410958904,45.367231638418076
T100427,CUST9997,2023-06-16 16:56:00,174.93,Health,Debit Card,POS,Kolkata,0,9,198.89,1476,No,0,16,16,6,0.8795313992659259,0,4.043835616438356,1.7843563280825638
T100428,CUST2879,2023-12-20 10:16:00,34.58,Fashion,PayPal,POS,Bengaluru,0,69,297.42,1584,Yes,0,10,20,12,0.11626655907470915,0,4.33972602739726,12.922011287839918
T100429,CUST2888,2023-07-14 17:31:00,9.96,Grocery,NetBanking,Desktop,Hyderabad,0,74,204.58,1948,No,0,17,14,7,0.04868511095903803,0,5.336986301369863,11.677475140510161
T100430,CUST6830,2023-06-27 07:14:00,12.34,Electronics,Credit Card,Mobile,Chennai,0,111,442.76,1937,No,0,7,27,6,0.02787062968651188,0,5.306849315068493,17.599913119026933
T100431,CUST2290,2023-10-10 17:34:00,114.67,Entertainment,UPI,Mobile,Kolkata,0,87,63.87,349,No,0,17,10,10,1.795365586347268,0,0.9561643835616438,44.47478991596639
T100432,CUST9967,2024-01-01 21:29:00,77.03,Grocery,NetBanking,Mobile,Pune,0,4,323.19,87,No,0,21,1,1,0.2383427705065132,0,0.23835616438356164,3.230088495575221
T100433,CUST6585,2023-04-21 22:03:00,8.53,Food,Credit Card,POS,Bengaluru,0,186,75.72,302,No,0,22,21,4,0.11265187533016376,0,0.8273972602739726,101.78410794602699
T100434,CUST1178,2023-10-26 02:44:00,7.03,Entertainment,Credit Card,Mobile,Kolkata,0,37,274.68,1251,Yes,0,2,26,10,0.02559341779525266,0,3.4273972602739726,8.357054455445546
T100435,CUST4594,2023-05-04 15:55:00,96.58,Fashion,UPI,Desktop,Kolkata,0,71,360.63,1132,No,0,15,4,5,0.2678091118320717,0,3.1013698630136988,17.31128924515698
T100436,CUST7808,2023-12-18 12:51:00,6.04,Food,Debit Card,POS,Chennai,0,6,91.1,1011,No,0,12,18,12,0.06630076838638858,0,2.76986301369863,1.5915697674418605
T100437,CUST5012,2023-05-25 20:47:00,138.01,Utilities,NetBanking,POS,Mumbai,0,51,354.98,70,No,0,20,25,5,0.38878246661783755,0,0.1917808219178082,42.793103448275865
T100438,CUST2560,2023-12-21 14:34:00,98.0,Fashion,UPI,POS,Bengaluru,0,99,78.59,767,No,0,14,21,12,1.2469779870212494,0,2.1013698630136988,31.92137809187279
T100439,CUST6532,2023-01-10 13:04:00,6.79,Fashion,UPI,Mobile,Delhi,0,178,314.07,1826,No,0,13,10,1,0.02161938421371032,0,5.002739726027397,29.653126426289365
T100440,CUST1279,2023-11-08 09:54:00,7.09,Grocery,Debit Card,Mobile,Kolkata,0,96,257.72,1298,No,0,9,8,11,0.02751047648610895,0,3.5561643835616437,21.07035478051714
T100441,CUST7367,2023-02-10 16:40:00,345.24,Food,NetBanking,Mobile,Chennai,0,142,156.06,1076,No,0,16,10,2,2.212226066897347,1,2.947945205479452,35.968077723802914
T100442,CUST7342,2023-04-24 21:35:00,37.51,Food,UPI,POS,Delhi,0,11,64.66,738,No,0,21,24,4,0.5801113516857408,0,2.021917808219178,3.6400725294650953
T100443,CUST3997,2023-12-13 02:50:00,37.04,Electronics,Debit Card,Desktop,Bengaluru,0,10,370.57,265,No,0,2,13,12,0.09995412472677227,0,0.726027397260274,5.7936507936507935
T100444,CUST2735,2023-06-01 13:26:00,134.05,Entertainment,NetBanking,POS,Chennai,0,189,197.08,155,No,0,13,1,6,0.6801806373046478,0,0.4246575342465753,132.66346153846155
T100445,CUST7309,2023-07-08 12:34:00,235.37,Utilities,PayPal,Desktop,Delhi,0,13,52.4,807,No,0,12,8,7,4.491793893129771,1,2.210958904109589,4.048634812286689
T100446,CUST5107,2023-04-15 08:13:00,341.5,Food,Credit Card,POS,Hyderabad,0,121,388.67,865,No,0,8,15,4,0.8786374044819513,0,2.3698630136986303,35.90650406504065
T100447,CUST9378,2023-02-01 11:27:00,111.99,Electronics,Debit Card,Desktop,Kolkata,0,162,124.12,169,No,0,11,1,2,0.9022719948436996,0,0.46301369863013697,110.73033707865169
T100448,CUST7673,2023-08-04 03:03:00,37.76,Utilities,Credit Card,POS,Hyderabad,0,60,370.86,908,No,0,3,4,8,0.10181739740063635,0,2.4876712328767123,17.203456402199528
T100449,CUST6227,2024-01-11 13:48:00,6.98,Travel,PayPal,POS,Mumbai,0,179,286.8,423,No,0,13,11,1,0.024337517433751742,0,1.158904109589041,82.91243654822335
T100450,CUST6520,2023-11-29 13:20:00,120.1,Travel,UPI,Desktop,Pune,0,5,105.32,857,No,0,13,29,11,1.1403342195214585,0,2.347945205479452,1.493453355155483
T100451,CUST1088,2023-05-18 09:20:00,65.39,Utilities,UPI,Desktop,Bengaluru,0,160,47.44,156,No,0,9,18,5,1.378372681281619,0,0.4273972602739726,112.09213051823416
T100452,CUST7665,2023-07-13 21:59:00,44.16,Travel,NetBanking,Desktop,Pune,0,12,300.69,1851,No,0,21,13,7,0.14686221690112738,0,5.071232876712329,1.976534296028881
T100453,CUST8205,2023-04-17 14:09:00,189.46,Health,Debit Card,Desktop,Pune,0,180,22.35,1167,No,0,14,17,4,8.47695749440716,1,3.197260273972603,42.885117493472585
T100454,CUST5400,2024-02-11 05:39:00,9.43,Food,Debit Card,Desktop,Delhi,0,141,42.08,1973,No,0,5,11,2,0.22409695817490494,0,5.405479452054794,22.01240376390077
T100455,CUST6109,2023-09-01 12:08:00,54.28,Health,NetBanking,Desktop,Mumbai,0,85,354.09,866,No,0,12,1,9,0.15329436019091192,0,2.372602739726027,25.203086921202274
T100456,CUST4140,2023-05-10 03:09:00,0.91,Entertainment,Credit Card,Desktop,Bengaluru,0,182,274.05,554,No,0,3,10,5,0.0033205619412515963,0,1.5178082191780822,72.28509249183895
T100457,CUST4931,2023-02-25 13:35:00,50.59,Food,UPI,Desktop,Hyderabad,0,117,169.88,1281,No,0,13,25,2,0.29779844596185545,0,3.5095890410958903,25.944714459295263
T100458,CUST2081,2023-07-27 17:09:00,4.64,Electronics,UPI,POS,Pune,0,122,274.22,1574,No,0,17,27,7,0.016920720589307853,0,4.3123287671232875,22.965446106240332
T100459,CUST8873,2023-02-11 03:42:00,10.12,Health,Debit Card,Desktop,Delhi,0,182,299.91,175,No,0,3,11,2,0.0337434563702444,0,0.4794520547945205,123.01851851851852
T100460,CUST5920,2023-12-01 12:39:00,10.0,Health,Debit Card,Desktop,Pune,1,41,286.99,1216,No,1,12,1,12,0.03484441966619046,0,3.3315068493150686,9.465528146742567
T100461,CUST7507,2023-05-21 13:42:00,83.81,Entertainment,NetBanking,POS,Chennai,0,48,324.85,764,No,0,13,21,5,0.2579959981529937,0,2.0931506849315067,15.518157661647477
T100462,CUST8234,2023-02-05 18:20:00,109.65,Health,PayPal,POS,Hyderabad,0,51,470.74,757,No,0,18,5,2,0.23293112971066832,0,2.073972602739726,16.59090909090909
T100463,CUST8243,2024-02-10 04:51:00,70.04,Fashion,Credit Card,Mobile,Pune,0,175,200.5,1953,No,1,4,10,2,0.3493266832917706,0,5.35068493150685,27.556082830025883
T100464,CUST1480,2023-08-15 13:42:00,261.98,Electronics,PayPal,Mobile,Chennai,0,178,157.56,198,No,0,13,15,8,1.6627316577811628,0,0.5424657534246575,115.39964476021315
T100465,CUST3697,2023-10-16 13:14:00,37.58,Travel,PayPal,Desktop,Chennai,1,118,28.83,1591,No,0,13,16,10,1.3035032951786334,0,4.358904109589041,22.019427402862988
T100466,CUST2535,2023-09-14 21:54:00,26.92,Electronics,Debit Card,Desktop,Delhi,0,96,82.07,1178,No,0,21,14,9,0.3280126721091751,0,3.2273972602739724,22.709008425145818
T100467,CUST9278,2023-05-09 23:01:00,162.36,Fashion,Debit Card,Mobile,Delhi,0,76,62.06,329,No,0,23,9,5,2.6161778923622303,1,0.9013698630136986,39.971181556195965
T100468,CUST3623,2023-04-04 08:07:00,20.25,Entertainment,Debit Card,Mobile,Chennai,0,46,174.37,1303,No,0,8,4,4,0.11613236221827149,0,3.56986301369863,10.065947242206237
T100469,CUST6042,2023-02-20 16:09:00,264.23,Entertainment,PayPal,Desktop,Mumbai,0,100,308.9,967,No,0,16,20,2,0.8553900938815152,0,2.649315068493151,27.4024024024024
T100470,CUST9752,2023-01-15 14:33:00,0.98,Food,Credit Card,Mobile,Pune,0,38,32.7,551,No,0,14,15,1,0.029969418960244645,0,1.5095890410958903,15.141921397379914
T100471,CUST8791,2023-04-16 08:04:00,280.2,Electronics,Debit Card,Desktop,Chennai,0,92,366.56,134,No,0,8,16,4,0.7644041903099082,0,0.36712328767123287,67.29458917835672
T100472,CUST6570,2023-07-24 04:20:00,3.53,Utilities,UPI,POS,Chennai,0,141,204.74,647,No,0,4,24,7,0.017241379310344827,0,1.7726027397260273,50.85474308300396
T100473,CUST9202,2024-01-27 01:14:00,177.42,Utilities,Credit Card,POS,Delhi,0,150,482.12,998,No,0,1,27,1,0.36799966813241514,0,2.734246575342466,40.168745414526775
T100474,CUST6989,2024-02-08 18:02:00,60.01,Entertainment,UPI,Mobile,Pune,0,130,288.51,1566,Yes,0,18,8,2,0.20799972271325085,0,4.2904109589041095,24.572760227861213
T100475,CUST6478,2023-04-26 11:10:00,396.55,Health,Credit Card,POS,Bengaluru,0,93,387.97,1747,No,0,11,26,4,1.0221151119931953,0,4.786301369863014,16.07244318181818
T100476,CUST2313,2023-12-30 01:09:00,6.13,Entertainment,Debit Card,POS,Hyderabad,0,77,431.98,1965,No,0,1,30,12,0.014190471781100975,0,5.383561643835616,12.062231759656653
T100477,CUST4498,2023-11-29 06:12:00,64.57,Entertainment,NetBanking,POS,Delhi,0,13,445.53,535,No,0,6,29,11,0.14492851210917335,0,1.4657534246575343,5.272222222222222
T100478,CUST8132,2023-06-20 22:32:00,278.69,Entertainment,Debit Card,POS,Pune,0,57,264.05,331,No,0,22,20,6,1.0554440446885058,0,0.9068493150684932,29.89224137931034
T100479,CUST6092,2023-07-10 06:13:00,59.24,Entertainment,PayPal,Desktop,Pune,0,162,204.4,682,No,0,6,10,7,0.2898238747553816,0,1.8684931506849316,56.475644699140396
T100480,CUST6821,2023-12-29 08:36:00,79.41,Utilities,PayPal,Desktop,Kolkata,0,147,284.65,1283,No,0,8,29,12,0.27897417881608993,0,3.515068493150685,32.55764563106796
T100481,CUST4385,2023-07-07 03:01:00,95.19,Utilities,Credit Card,Mobile,Mumbai,0,137,207.01,93,No,0,3,7,7,0.4598328583160234,0,0.2547945205479452,109.18122270742359
T100482,CUST6719,2024-01-09 04:40:00,48.49,Travel,PayPal,POS,Hyderabad,0,116,127.95,619,No,1,4,9,1,0.37897616256350136,0,1.6958904109589041,43.02845528455285
T100483,CUST1095,2023-09-11 19:45:00,79.01,Travel,Debit Card,POS,Delhi,0,95,168.72,261,No,0,19,11,9,0.4682906590801328,0,0.7150684931506849,55.39137380191694
T100484,CUST2248,2023-09-29 11:03:00,70.23,Food,UPI,POS,Delhi,0,161,124.06,1652,No,0,11,29,9,0.5660970498146058,0,4.526027397260274,29.134853743182948
T100485,CUST2072,2023-06-02 01:18:00,185.14,Entertainment,Debit Card,Mobile,Bengaluru,0,155,142.02,1236,No,0,1,2,6,1.303619208562174,0,3.3863013698630136,35.33728919425359
T100486,CUST7861,2024-02-03 05:21:00,3.72,Utilities,Credit Card,Desktop,Kolkata,0,173,55.87,348,No,0,5,3,2,0.06658313943082156,0,0.9534246575342465,88.56241234221598
T100487,CUST7256,2023-06-10 09:49:00,26.39,Electronics,PayPal,POS,Kolkata,0,130,218.97,1711,No,0,9,10,6,0.1205187925286569,0,4.6876712328767125,22.85645472061657
T100488,CUST7985,2023-01-04 20:54:00,240.32,Fashion,UPI,Desktop,Mumbai,0,79,125.29,858,No,0,20,4,1,1.9181099848351821,0,2.350684931506849,23.5772690106296
T100489,CUST9652,2023-09-04 11:21:00,176.77,Food,NetBanking,Mobile,Kolkata,0,57,229.7,121,No,0,11,4,9,0.7695690030474532,0,0.3315068493150685,42.80864197530864
T100490,CUST6096,2024-01-31 12:10:00,48.65,Utilities,UPI,Desktop,Mumbai,0,95,398.18,1688,No,0,12,31,1,0.12218092320056255,0,4.624657534246575,16.88991719434973
T100491,CUST9803,2023-04-30 08:14:00,77.43,Electronics,UPI,POS,Pune,0,57,229.67,1841,No,0,8,30,4,0.3371358906256804,0,5.043835616438356,9.431097008159565
T100492,CUST1712,2023-10-25 15:09:00,25.99,Entertainment,Debit Card,Desktop,Pune,0,144,477.76,990,No,0,15,25,10,0.05439969859343603,0,2.712328767123288,38.789667896678964
T100493,CUST5675,2023-10-31 22:30:00,16.67,Grocery,NetBanking,Desktop,Delhi,0,107,82.44,93,No,0,22,31,10,0.20220766618146532,0,0.2547945205479452,85.27292576419214
T100494,CUST7218,2023-04-03 12:18:00,49.84,Entertainment,Credit Card,Mobile,Bengaluru,0,79,426.63,873,Yes,1,12,3,4,0.11682253943698287,0,2.3917808219178083,23.291599353796446
T100495,CUST7586,2023-07-18 10:23:00,34.88,Travel,Credit Card,Mobile,Delhi,0,134,131.65,248,No,0,10,18,7,0.26494492973794154,0,0.6794520547945205,79.78792822185972
T100496,CUST9010,2023-02-17 11:43:00,70.1,Fashion,UPI,Mobile,Kolkata,1,14,467.63,733,No,0,11,17,2,0.14990483929602463,0,2.0082191780821916,4.653916211293261
T100497,CUST7168,2023-11-24 20:47:00,6.47,Utilities,UPI,Mobile,Chennai,0,27,121.3,648,No,0,20,24,11,0.05333882934872217,0,1.7753424657534247,9.728529121421522
T100498,CUST2194,2023-04-24 20:06:00,293.2,Utilities,PayPal,Desktop,Pune,0,38,376.01,1962,No,0,20,24,4,0.7797664955719262,0,5.375342465753425,5.960464116888698
T100499,CUST6464,2023-04-30 07:51:00,342.71,Health,NetBanking,Desktop,Chennai,0,147,40.44,276,No,0,7,30,4,8.474530168150347,1,0.7561643835616438,83.70514820592824
T100500,CUST5321,2023-11-30 12:28:00,95.83,Fashion,UPI,Mobile,Kolkata,0,165,318.61,993,Yes,1,12,30,11,0.30077524245943316,0,2.7205479452054795,44.34830633284241
T100501,CUST1302,2023-08-28 14:16:00,61.45,Health,PayPal,Mobile,Bengaluru,0,127,117.15,1526,No,0,14,28,8,0.5245411865130175,0,4.1808219178082195,24.5134849286092
T100502,CUST8188,2023-08-31 01:35:00,29.63,Fashion,NetBanking,POS,Delhi,0,4,338.38,1043,No,1,1,31,8,0.0875642768485135,0,2.8575342465753426,1.0369318181818181
T100503,CUST6228,2023-05-18 23:42:00,134.47,Travel,Credit Card,POS,Pune,0,58,321.56,86,No,0,23,18,5,0.41818012190570963,0,0.2356164383561644,46.94013303769402
T100504,CUST6915,2024-01-13 20:22:00,92.35,Health,PayPal,Mobile,Bengaluru,0,137,462.61,1098,No,0,20,13,1,0.1996281965370398,0,3.0082191780821916,34.179767600820234
T100505,CUST3022,2024-01-23 23:39:00,14.2,Electronics,NetBanking,Desktop,Delhi,0,113,317.07,1941,No,0,23,23,1,0.04478506323524774,0,5.317808219178082,17.885949696444058
T100506,CUST3487,2023-02-09 19:24:00,193.46,Health,PayPal,Mobile,Delhi,0,168,210.04,1139,No,0,19,9,2,0.921062654732432,0,3.1205479452054794,40.77127659574468
T100507,CUST5258,2024-01-29 17:53:00,138.32,Food,UPI,Desktop,Chennai,0,143,104.85,1091,No,0,17,29,1,1.3192179303767286,0,2.989041095890411,35.848214285714285
T100508,CUST4133,2023-01-01 22:32:00,239.34,Electronics,Debit Card,Desktop,Hyderabad,0,4,332.15,211,No,0,22,1,1,0.7205780520849014,0,0.5780821917808219,2.5347222222222223
T100509,CUST4712,2023-07-13 19:39:00,103.49,Food,Credit Card,POS,Kolkata,0,52,67.02,193,Yes,1,19,13,7,1.5441659206207103,0,0.5287671232876713,34.01433691756272
T100510,CUST6278,2023-07-12 08:01:00,76.03,Entertainment,UPI,Mobile,Mumbai,0,146,415.97,786,No,0,8,12,7,0.18277760415414573,0,2.1534246575342464,46.298870547350134
T100511,CUST3166,2023-09-23 16:57:00,43.34,Fashion,UPI,Mobile,Pune,0,181,131.19,1888,No,0,16,23,9,0.3303605457733059,0,5.1726027397260275,29.323124722592098
T100512,CUST9660,2023-09-28 13:33:00,215.92,Electronics,NetBanking,Desktop,Mumbai,0,187,266.84,1942,No,0,13,28,9,0.8091740368760306,0,5.32054794520548,29.58604247941049
T100513,CUST8211,2023-05-05 21:50:00,160.83,Fashion,PayPal,Mobile,Bengaluru,0,99,302.01,155,No,0,21,5,5,0.5325320353630675,0,0.4246575342465753,69.49038461538461
T100514,CUST1837,2023-01-01 12:08:00,3.7,Entertainment,Credit Card,POS,Mumbai,0,182,187.62,1260,No,0,12,1,1,0.019720712077603668,0,3.452054794520548,40.88
T100515,CUST5170,2023-04-03 17:32:00,2.14,Grocery,UPI,POS,Chennai,0,169,335.3,296,No,0,17,3,4,0.006382344169400537,0,0.810958904109589,93.32072617246597
T100516,CUST6866,2024-02-13 20:38:00,37.79,Utilities,NetBanking,Mobile,Hyderabad,0,188,132.61,383,No,0,20,13,2,0.2849709674986803,0,1.0493150684931507,91.7379679144385
T100517,CUST9160,2023-02-27 23:15:00,133.09,Fashion,Credit Card,Mobile,Pune,0,93,26.97,1464,No,0,23,27,2,4.934742306266222,1,4.010958904109589,18.559322033898304
T100518,CUST4584,2023-02-01 06:46:00,349.14,Entertainment,PayPal,POS,Kolkata,0,117,480.04,1652,No,0,6,1,2,0.7273143904674609,0,4.526027397260274,21.172533465542887
T100519,CUST3512,2024-01-10 14:33:00,13.04,Fashion,UPI,Mobile,Delhi,0,4,166.82,1710,No,0,14,10,1,0.07816808536146745,0,4.684931506849315,0.7036144578313253
T100520,CUST3741,2024-02-04 15:10:00,72.14,Entertainment,UPI,Desktop,Delhi,0,85,359.6,1175,No,0,15,4,2,0.20061179087875416,0,3.219178082191781,20.146103896103895
T100521,CUST4733,2023-05-25 11:53:00,38.36,Food,UPI,Mobile,Kolkata,0,167,258.69,1561,No,0,11,25,5,0.1482855927944644,0,4.276712328767124,31.648494288681203
T100522,CUST5950,2023-01-31 07:32:00,280.3,Entertainment,Credit Card,Desktop,Chennai,0,7,337.81,639,No,0,7,31,1,0.8297563719250467,0,1.7506849315068493,2.5448207171314743
T100523,CUST5301,2024-01-02 15:03:00,147.67,Health,Credit Card,Mobile,Pune,0,125,64.36,498,No,0,15,2,1,2.294437538844002,1,1.3643835616438356,52.86790266512167
T100524,CUST2499,2024-01-22 17:33:00,145.78,Grocery,Credit Card,Mobile,Mumbai,0,151,264.24,830,No,0,17,22,1,0.5516954283984257,0,2.2739726027397262,46.121338912133886
T100525,CUST9080,2023-11-17 20:18:00,50.59,Fashion,Credit Card,POS,Kolkata,0,85,202.19,162,No,0,20,17,11,0.2502101983283051,0,0.4438356164383562,58.87096774193549
T100526,CUST2866,2023-12-19 19:49:00,42.87,Entertainment,NetBanking,Desktop,Delhi,0,63,231.41,1432,No,0,19,19,12,0.1852556069314204,0,3.9232876712328766,12.796327212020033
T100527,CUST3383,2023-01-13 11:03:00,25.55,Entertainment,Debit Card,POS,Mumbai,0,193,483.44,1041,No,0,11,13,1,0.052850405427767665,0,2.852054794520548,50.10312944523471
T100528,CUST7253,2024-01-26 09:27:00,4.64,Fashion,NetBanking,Mobile,Chennai,0,123,76.78,878,No,0,9,26,1,0.060432404271945815,0,2.4054794520547946,36.11826226870475
T100529,CUST9548,2023-10-27 09:55:00,160.03,Utilities,UPI,POS,Delhi,0,169,379.8,1049,Yes,0,9,27,10,0.4213533438651922,0,2.873972602739726,43.62446958981613
T100530,CUST1839,2023-05-23 23:02:00,134.09,Grocery,NetBanking,Mobile,Bengaluru,0,89,171.87,347,No,0,23,23,5,0.7801826962238901,0,0.9506849315068493,45.625
T100531,CUST9184,2023-07-25 00:29:00,653.8,Grocery,PayPal,Mobile,Hyderabad,0,95,152.28,1630,No,1,0,25,7,4.293406882059364,1,4.465753424657534,17.38095238095238
T100532,CUST6030,2023-05-29 07:51:00,455.59,Entertainment,Credit Card,Mobile,Mumbai,0,119,142.68,740,No,0,7,29,5,3.1930894308943087,1,2.0273972602739727,39.30769230769231
T100533,CUST3551,2023-10-13 23:26:00,64.85,Electronics,PayPal,Desktop,Kolkata,0,44,180.9,1178,No,0,23,13,10,0.35848535102266443,0,3.2273972602739724,10.408295528191834
T100534,CUST8276,2023-01-12 12:30:00,117.22,Food,PayPal,Desktop,Pune,0,102,184.99,480,No,0,12,12,1,0.6336558732904481,0,1.3150684931506849,44.05917159763314
T100535,CUST5320,2023-11-27 12:43:00,231.69,Grocery,UPI,Desktop,Mumbai,0,45,142.67,1911,No,0,12,27,11,1.623957384173267,0,5.235616438356164,7.216608084358524
T100536,CUST3468,2024-02-11 07:52:00,151.58,Grocery,Credit Card,POS,Mumbai,0,197,337.07,1773,No,0,7,11,2,0.4496988756044739,0,4.857534246575343,33.631898971000936
T100537,CUST6142,2023-09-06 10:57:00,22.73,Travel,PayPal,Mobile,Mumbai,0,117,33.38,1261,No,0,10,6,9,0.6809466746554823,0,3.4547945205479453,26.26383763837638
T100538,CUST6521,2023-11-10 10:27:00,47.91,Health,UPI,POS,Kolkata,0,51,172.82,1353,No,0,10,10,11,0.27722485823400067,0,3.706849315068493,10.835273573923166
T100539,CUST4950,2023-08-30 19:47:00,11.06,Grocery,Credit Card,POS,Chennai,0,65,147.3,1542,No,0,19,30,8,0.07508486082824169,0,4.2246575342465755,12.441006816990036
T100540,CUST4899,2023-08-02 22:13:00,246.42,Food,Debit Card,Mobile,Chennai,0,54,378.19,662,No,0,22,2,8,0.6515772495306592,0,1.8136986301369864,19.191820837390456
T100541,CUST3183,2023-11-13 19:20:00,74.55,Health,UPI,POS,Pune,0,184,81.78,171,No,0,19,13,11,0.9115920763022743,0,0.4684931506849315,125.29850746268657
T100542,CUST9701,2023-06-04 22:21:00,20.77,Health,NetBanking,Mobile,Chennai,0,72,470.94,1033,No,0,22,4,6,0.04410328279610991,0,2.83013698630137,18.798283261802574
T100543,CUST6698,2023-03-24 12:06:00,89.11,Fashion,Credit Card,Mobile,Kolkata,0,120,93.55,1527,No,0,12,24,3,0.9525387493319081,0,4.183561643835616,23.150105708245245
T100544,CUST1985,2024-02-16 03:47:00,77.01,Fashion,PayPal,Mobile,Pune,0,168,191.31,888,No,0,3,16,2,0.40254037948878785,0,2.4328767123287673,48.938547486033514
T100545,CUST4937,2023-04-06 06:47:00,35.47,Fashion,PayPal,Mobile,Pune,0,186,107.85,598,No,0,6,6,4,0.3288827074640705,0,1.6383561643835616,70.49844236760124
T100546,CUST9588,2023-05-20 18:45:00,9.64,Fashion,NetBanking,POS,Chennai,0,143,150.48,333,No,0,18,20,5,0.06406166932482722,0,0.9123287671232877,74.77793696275072
T100547,CUST6878,2023-11-04 22:24:00,89.08,Travel,NetBanking,POS,Delhi,0,19,382.9,686,No,0,22,4,11,0.2326455993732045,0,1.8794520547945206,6.598477640342531
T100548,CUST9039,2023-01-21 06:57:00,58.77,Grocery,PayPal,POS,Chennai,0,10,243.44,1609,No,0,6,21,1,0.2414147223135064,0,4.4082191780821915,1.8490374873353597
T100549,CUST2281,2023-06-11 03:44:00,118.38,Fashion,Credit Card,Desktop,Delhi,0,16,89.66,673,No,0,3,11,6,1.3203212134731206,0,1.8438356164383563,5.626204238921002
T100550,CUST4709,2023-08-18 05:27:00,58.74,Entertainment,UPI,POS,Bengaluru,0,171,32.85,622,No,1,5,18,8,1.7881278538812786,0,1.704109589041096,63.237082066869306
T100551,CUST9188,2023-12-04 09:40:00,152.94,Electronics,NetBanking,POS,Chennai,0,159,122.66,1918,No,0,9,4,12,1.2468612424588292,0,5.254794520547946,25.420499342969777
T100552,CUST1919,2023-07-21 23:33:00,64.22,Fashion,NetBanking,Desktop,Bengaluru,0,108,473.35,59,No,0,23,21,7,0.13567127918031055,0,0.16164383561643836,92.97169811320754
T100553,CUST9065,2023-01-09 05:53:00,65.85,Grocery,NetBanking,Mobile,Chennai,0,16,424.21,1430,No,1,5,9,1,0.15522972112868627,0,3.9178082191780823,3.2534818941504176
T100554,CUST6016,2023-03-20 13:14:00,167.42,Fashion,Debit Card,Mobile,Bengaluru,0,80,225.69,1394,No,0,13,20,3,0.7418139926447782,0,3.819178082191781,16.600341102899375
T100555,CUST7553,2023-10-01 04:04:00,41.33,Travel,Credit Card,Mobile,Hyderabad,0,28,246.18,1262,No,0,4,1,10,0.16788528718823623,0,3.4575342465753423,6.281499692685926
T100556,CUST3652,2023-01-13 09:22:00,11.51,Food,Credit Card,Desktop,Bengaluru,0,190,450.69,1296,No,0,9,13,1,0.025538618562648382,0,3.5506849315068494,41.75195665261891
T100557,CUST4943,2023-02-10 15:03:00,2.34,Food,Credit Card,POS,Delhi,1,148,299.76,724,No,1,15,10,2,0.007806244995996798,0,1.9835616438356165,49.605142332415056
T100558,CUST3292,2023-08-22 18:56:00,112.56,Grocery,Credit Card,POS,Mumbai,0,163,441.58,187,No,0,18,22,8,0.2549028488609086,0,0.5123287671232877,107.78079710144928
T100559,CUST6502,2023-10-27 22:16:00,77.47,Entertainment,Credit Card,POS,Pune,0,187,251.0,175,No,0,22,27,10,0.30864541832669323,0,0.4794520547945205,126.39814814814815
T100560,CUST5025,2023-10-22 14:43:00,97.41,Food,PayPal,POS,Bengaluru,0,9,108.05,369,No,0,14,22,10,0.9015270708005553,0,1.010958904109589,4.475476839237057
T100561,CUST7464,2023-03-16 07:55:00,19.16,Utilities,NetBanking,Desktop,Mumbai,0,104,365.7,895,No,0,7,16,3,0.05239267158873394,0,2.452054794520548,30.126984126984127
T100562,CUST5937,2023-01-16 14:41:00,11.73,Food,PayPal,POS,Kolkata,0,138,267.93,1798,No,0,14,16,1,0.04378009181502631,0,4.926027397260274,23.287101248266296
T100563,CUST5663,2023-02-20 20:36:00,1.17,Electronics,Debit Card,Mobile,Hyderabad,0,45,337.54,121,No,0,20,20,2,0.003466255851158381,0,0.3315068493150685,33.7962962962963
T100564,CUST6413,2023-03-22 01:48:00,34.53,Grocery,UPI,Desktop,Hyderabad,0,109,87.04,358,No,0,1,22,3,0.39671415441176466,0,0.9808219178082191,55.02766251728907
T100565,CUST8915,2023-09-12 04:22:00,71.31,Entertainment,NetBanking,Desktop,Kolkata,0,143,327.32,201,No,0,4,12,9,0.21786019797140413,0,0.5506849315068493,92.2173144876325
T100566,CUST2686,2023-09-18 12:01:00,39.84,Grocery,Debit Card,Mobile,Kolkata,0,30,197.31,731,No,0,12,18,9,0.20191576706705186,0,2.0027397260273974,9.99087591240876
T100567,CUST9457,2023-11-13 11:28:00,46.03,Food,PayPal,Mobile,Kolkata,0,48,172.68,1084,No,0,11,13,11,0.2665624276117674,0,2.96986301369863,12.091097308488614
T100568,CUST1747,2023-03-02 22:24:00,187.6,Food,UPI,POS,Delhi,0,168,339.02,650,No,0,22,2,3,0.5533596837944664,0,1.7808219178082192,60.41379310344828
T100569,CUST7381,2023-07-26 23:46:00,34.25,Food,Debit Card,Mobile,Kolkata,0,91,300.2,301,No,0,23,26,7,0.11409060626249168,0,0.8246575342465754,49.87237237237237
T100570,CUST6360,2023-05-28 12:12:00,57.72,Health,UPI,Desktop,Delhi,0,91,328.06,1148,No,0,12,28,5,0.17594342498323476,0,3.1452054794520548,21.953073364177133
T100571,CUST8529,2024-02-14 03:47:00,122.47,Travel,Debit Card,Desktop,Bengaluru,0,74,483.01,1018,No,0,3,14,2,0.25355582700151136,0,2.789041095890411,19.53000723065799
T100572,CUST9858,2023-11-03 00:23:00,40.41,Fashion,PayPal,Desktop,Chennai,0,44,353.59,106,No,0,0,3,11,0.11428490624734862,0,0.29041095890410956,34.09766454352442
T100573,CUST7327,2023-04-18 23:59:00,77.85,Utilities,UPI,POS,Kolkata,0,174,324.04,180,No,0,23,18,4,0.24024811751635597,0,0.4931506849315068,116.53211009174312
T100574,CUST6225,2023-02-04 16:19:00,158.65,Travel,Debit Card,POS,Kolkata,1,134,310.64,171,No,0,16,4,2,0.5107198042750452,0,0.4684931506849315,91.25
T100575,CUST5355,2023-04-05 22:06:00,238.9,Grocery,PayPal,Mobile,Hyderabad,0,117,205.37,260,No,0,22,5,4,1.1632662998490528,0,0.7123287671232876,68.328
T100576,CUST5566,2023-10-09 17:44:00,12.73,Utilities,NetBanking,POS,Mumbai,0,24,421.2,1823,No,0,17,9,10,0.030223171889838557,0,4.994520547945205,4.003656307129799
T100577,CUST5617,2023-01-20 15:13:00,208.93,Electronics,PayPal,POS,Chennai,0,7,196.66,1961,No,0,15,20,1,1.0623919454896777,0,5.372602739726028,1.0984522785898538
T100578,CUST3998,2023-02-25 21:29:00,54.2,Fashion,PayPal,Desktop,Hyderabad,0,6,353.12,983,No,0,21,25,2,0.15348889895786136,0,2.6931506849315068,1.6246290801186944
T100579,CUST4471,2024-02-03 10:55:00,23.9,Electronics,NetBanking,Desktop,Bengaluru,0,118,153.64,157,No,0,10,3,2,0.1555584483207498,0,0.4301369863013699,82.5095785440613
T100580,CUST7310,2023-05-12 10:57:00,49.17,Entertainment,PayPal,Mobile,Kolkata,0,161,82.4,889,No,0,10,12,5,0.5967233009708738,0,2.4356164383561643,46.86204146730463
T100581,CUST2511,2023-01-26 07:16:00,313.09,Health,NetBanking,Desktop,Hyderabad,1,85,73.58,1789,No,0,7,26,1,4.2550964936123945,1,4.901369863013699,14.40343546889508
T100582,CUST3244,2023-04-25 23:08:00,54.28,Grocery,NetBanking,POS,Delhi,0,110,320.93,725,No,0,23,25,4,0.16913345589380863,0,1.9863013698630136,36.8348623853211
T100583,CUST6915,2023-08-30 07:57:00,31.89,Health,NetBanking,Mobile,Mumbai,0,166,170.7,526,No,0,7,30,8,0.18681898066783834,0,1.441095890410959,68.00224466891133
T100584,CUST1076,2024-02-03 21:33:00,80.28,Grocery,Debit Card,Mobile,Mumbai,1,172,144.77,1333,No,0,21,3,2,0.5545347793051046,0,3.652054794520548,36.972909305064775
T100585,CUST9688,2023-03-26 03:28:00,21.97,Electronics,UPI,Desktop,Delhi,0,145,300.11,1858,No,0,3,26,3,0.0732064909533171,0,5.090410958904109,23.807917228969863
T100586,CUST5051,2023-02-16 19:24:00,6.31,Electronics,Debit Card,Desktop,Kolkata,0,31,22.58,1594,No,0,19,16,2,0.27945084145261295,0,4.367123287671233,5.77590607452782
T100587,CUST7072,2023-03-24 20:01:00,11.04,Electronics,NetBanking,Desktop,Kolkata,0,165,130.65,839,No,0,20,24,3,0.08450057405281285,0,2.2986301369863016,50.020764119601324
T100588,CUST2301,2023-06-20 19:53:00,10.96,Grocery,UPI,Mobile,Chennai,0,139,176.87,1583,No,0,19,20,6,0.061966416011760055,0,4.336986301369863,26.044661190965094
T100589,CUST6687,2023-06-25 01:11:00,13.18,Food,UPI,Desktop,Delhi,0,133,357.1,160,No,0,1,25,6,0.03690842901148138,0,0.4383561643835616,92.46666666666667
T100590,CUST7936,2023-06-18 19:35:00,11.96,Electronics,NetBanking,POS,Kolkata,0,64,277.05,1514,No,0,19,18,6,0.04316910304999098,0,4.147945205479452,12.43214475784992
T100591,CUST8546,2023-07-14 08:53:00,81.93,Health,UPI,Mobile,Mumbai,1,76,429.43,298,No,0,8,14,7,0.19078778846377759,0,0.8164383561643835,41.840120663650076
T100592,CUST9267,2023-08-07 05:14:00,16.06,Entertainment,UPI,Desktop,Kolkata,0,131,173.91,647,No,1,5,7,8,0.09234661606578115,0,1.7726027397260273,47.24802371541502
T100593,CUST9252,2023-06-10 07:27:00,33.93,Fashion,Debit Card,POS,Bengaluru,0,56,155.26,1722,No,0,7,10,6,0.2185366482030143,0,4.717808219178083,9.79396262577863
T100594,CUST4054,2024-01-01 14:01:00,181.68,Grocery,UPI,POS,Kolkata,0,63,26.27,991,No,0,14,1,1,6.9158736200989726,1,2.7150684931506848,16.957964601769913
T100595,CUST8300,2023-10-07 05:39:00,51.39,Utilities,NetBanking,Desktop,Chennai,0,105,476.34,1624,No,0,5,7,10,0.1078851240710417,0,4.449315068493151,19.268476621417797
T100596,CUST4226,2023-11-25 05:17:00,88.1,Health,Credit Card,POS,Pune,0,38,255.73,1657,No,0,5,25,11,0.34450396902983615,0,4.53972602739726,6.859545004945598
T100597,CUST8244,2023-06-15 03:51:00,15.13,Travel,Credit Card,Mobile,Hyderabad,0,54,256.24,1997,No,0,3,15,6,0.05904620668123634,0,5.471232876712329,8.344623200677391
T100598,CUST1588,2023-11-29 20:13:00,17.08,Entertainment,Credit Card,Mobile,Pune,0,130,462.48,1313,No,0,20,29,11,0.03693132676007611,0,3.5972602739726027,28.277711561382596
T100599,CUST2648,2023-11-26 22:26:00,3.34,Travel,NetBanking,POS,Bengaluru,0,2,152.06,1104,No,0,22,26,11,0.021965013810338024,0,3.0246575342465754,0.49693669162695714
T100600,CUST6610,2023-02-23 12:54:00,14.8,Fashion,Credit Card,Mobile,Pune,0,140,172.73,1186,No,0,12,23,2,0.08568285763908992,0,3.249315068493151,32.9464861379755
T100601,CUST7778,2023-10-16 11:58:00,26.12,Food,Debit Card,Desktop,Kolkata,0,40,331.61,1732,No,0,11,16,10,0.07876722656132204,0,4.745205479452054,6.9623271340009545
T100602,CUST5307,2023-05-08 22:19:00,15.58,Electronics,NetBanking,POS,Chennai,0,2,394.74,838,No,0,22,8,5,0.039469017581192686,0,2.2958904109589042,0.6068162926018288
T100603,CUST3015,2023-08-16 03:07:00,7.43,Grocery,NetBanking,Mobile,Mumbai,0,105,352.66,1058,No,0,3,16,8,0.021068451199455565,0,2.8986301369863012,26.93253689388616
T100604,CUST3680,2023-07-13 19:37:00,10.28,Health,NetBanking,Desktop,Mumbai,0,125,396.47,677,No,0,19,13,7,0.02592882185285141,0,1.8547945205479452,43.78598848368522
T100605,CUST4148,2023-07-06 09:08:00,49.41,Utilities,UPI,Desktop,Bengaluru,0,80,291.8,767,No,0,9,6,7,0.16932830705962987,0,2.1013698630136988,25.795053003533567
T100606,CUST2021,2024-02-11 05:30:00,18.49,Electronics,UPI,Mobile,Pune,0,185,432.78,531,Yes,0,5,11,2,0.04272378575719765,0,1.4547945205479451,75.36272321428572
T100607,CUST7228,2023-12-16 09:50:00,36.24,Health,UPI,POS,Chennai,0,47,279.55,1237,No,0,9,16,12,0.12963691647290287,0,3.389041095890411,10.708489388264669
T100608,CUST3130,2024-01-31 15:22:00,56.0,Grocery,PayPal,Desktop,Hyderabad,1,164,122.38,438,No,0,15,31,1,0.45759110965844096,0,1.2,74.54545454545453
T100609,CUST8570,2023-09-17 07:35:00,93.8,Travel,Debit Card,Desktop,Kolkata,0,132,275.43,1144,No,0,7,17,9,0.3405583995933631,0,3.1342465753424658,31.928429423459242
T100610,CUST4402,2023-04-29 21:38:00,3.21,Electronics,NetBanking,Desktop,Pune,0,152,359.34,1489,No,0,21,29,4,0.008933043913842044,0,4.079452054794521,29.924487594390506
T100611,CUST2929,2023-10-25 06:18:00,128.52,Fashion,NetBanking,Desktop,Pune,1,91,330.25,849,No,0,6,25,10,0.3891597274791825,0,2.326027397260274,27.359967051070843
T100612,CUST5543,2023-05-06 22:23:00,79.09,Food,UPI,POS,Hyderabad,0,101,129.08,932,No,0,22,6,5,0.6127207933064766,0,2.5534246575342467,28.423284502698532
T100613,CUST4993,2023-02-19 13:01:00,6.82,Fashion,NetBanking,Mobile,Delhi,0,190,30.13,218,No,0,13,19,2,0.22635247261865252,0,0.5972602739726027,118.95368782161235
T100614,CUST8245,2023-08-03 01:09:00,165.45,Food,NetBanking,Mobile,Kolkata,0,130,133.72,1533,No,0,1,3,8,1.2372868680825606,0,4.2,25.0
T100615,CUST1473,2023-05-17 07:29:00,202.94,Entertainment,Credit Card,Mobile,Bengaluru,0,15,492.18,1010,No,0,7,17,5,0.4123288227884107,0,2.767123287671233,3.981818181818182
T100616,CUST1015,2023-09-27 07:48:00,5.04,Health,NetBanking,Desktop,Kolkata,0,49,100.39,844,No,0,7,27,9,0.050204203605936845,0,2.3123287671232875,14.793217535153019
T100617,CUST4715,2023-01-26 18:46:00,25.93,Electronics,PayPal,POS,Chennai,0,112,237.54,412,No,0,18,26,1,0.10916056243159047,0,1.1287671232876713,52.61261261261261
T100618,CUST3865,2023-10-18 08:58:00,131.27,Electronics,UPI,Mobile,Bengaluru,0,35,322.79,879,No,0,8,18,10,0.4066730691781034,0,2.408219178082192,10.269292604501608
T100619,CUST9369,2023-05-01 17:36:00,110.35,Entertainment,Debit Card,POS,Hyderabad,0,116,440.94,1375,No,0,17,1,5,0.2502608064589286,0,3.767123287671233,24.333333333333336
T100620,CUST2297,2023-04-18 22:35:00,16.32,Food,Debit Card,Mobile,Chennai,0,94,382.53,1496,No,0,22,18,4,0.042663320523880485,0,4.098630136986301,18.43632455668995
T100621,CUST1005,2023-04-02 05:06:00,18.79,Travel,Credit Card,Desktop,Mumbai,0,175,455.39,519,No,0,5,2,4,0.04126133643690024,0,1.4219178082191781,72.25678733031674
T100622,CUST1454,2023-08-24 13:35:00,37.02,Grocery,Debit Card,Mobile,Mumbai,0,24,306.15,1186,No,0,13,24,8,0.12092111709946107,0,3.249315068493151,5.647969052224371
T100623,CUST7699,2023-06-12 01:16:00,53.01,Fashion,Debit Card,Desktop,Kolkata,0,60,434.01,1737,No,1,1,12,6,0.12214004285615539,0,4.758904109589041,10.418648905803996
T100624,CUST2065,2023-11-09 21:46:00,77.04,Entertainment,UPI,Desktop,Chennai,0,77,139.28,455,No,0,21,9,11,0.5531303848363011,0,1.2465753424657535,34.27439024390244
T100625,CUST6993,2023-10-28 21:21:00,36.83,Utilities,UPI,Mobile,Bengaluru,0,48,220.98,279,No,0,21,28,10,0.16666666666666666,0,0.7643835616438356,27.20496894409938
T100626,CUST1885,2023-03-09 08:35:00,49.67,Utilities,PayPal,POS,Bengaluru,0,151,423.45,1114,No,0,8,9,3,0.11729838233557682,0,3.052054794520548,37.26504394861393
T100627,CUST6177,2023-09-10 23:52:00,110.1,Health,Credit Card,Desktop,Mumbai,0,140,169.53,1615,No,0,23,10,9,0.6494425765351265,0,4.424657534246576,25.808080808080806
T100628,CUST7034,2024-02-10 09:33:00,2.99,Entertainment,Debit Card,POS,Mumbai,0,41,436.9,1049,No,0,9,10,2,0.006843671320668346,0,2.873972602739726,10.583451202263085
T100629,CUST3381,2023-07-09 07:57:00,23.27,Fashion,PayPal,Mobile,Hyderabad,1,157,187.93,1475,No,1,7,9,7,0.12382269994146756,0,4.041095890410959,31.144021739130437
T100630,CUST5918,2023-02-19 21:01:00,99.96,Fashion,Credit Card,Desktop,Chennai,0,198,188.06,1529,No,0,21,19,2,0.5315324896309688,0,4.189041095890411,38.157338965153116
T100631,CUST4430,2024-02-05 23:19:00,180.46,Health,Debit Card,POS,Bengaluru,0,179,161.43,1276,No,0,23,5,2,1.1178839125317475,0,3.495890410958904,39.8141377209019
T100632,CUST4252,2023-09-30 04:38:00,57.34,Health,Debit Card,Desktop,Hyderabad,0,128,278.0,1491,No,0,4,30,9,0.2062589928057554,0,4.0849315068493155,25.172413793103445
T100633,CUST2630,2023-07-22 20:13:00,60.76,Electronics,UPI,Mobile,Bengaluru,0,151,73.24,713,No,0,20,22,7,0.829601310759148,0,1.9534246575342467,51.12708719851577
T100634,CUST1833,2023-09-18 04:48:00,9.07,Fashion,NetBanking,Desktop,Mumbai,0,31,27.94,1973,No,1,4,18,9,0.32462419470293485,0,5.405479452054794,4.839606501283148
T100635,CUST1103,2023-02-17 15:04:00,47.45,Grocery,Credit Card,Mobile,Chennai,0,149,449.73,1437,No,0,15,17,2,0.10550774909390079,0,3.936986301369863,30.180355160932294
T100636,CUST8105,2024-01-14 21:31:00,60.85,Utilities,Debit Card,POS,Delhi,0,24,465.18,348,No,0,21,14,1,0.130809579087665,0,0.9534246575342465,12.286115007012622
T100637,CUST3315,2024-02-17 09:50:00,22.22,Grocery,Credit Card,Desktop,Chennai,0,9,47.32,1049,No,0,9,17,2,0.4695688926458157,0,2.873972602739726,2.3231966053748234
T100638,CUST9079,2023-08-16 17:10:00,25.09,Food,PayPal,POS,Pune,0,150,279.35,254,No,0,17,16,8,0.08981564345802756,0,0.6958904109589041,88.44911147011308
T100639,CUST2460,2023-01-16 09:25:00,37.89,Entertainment,PayPal,Mobile,Delhi,0,132,274.44,452,No,0,9,16,1,0.1380629645824224,0,1.2383561643835617,58.9718482252142
T100640,CUST5893,2023-01-07 16:35:00,1.62,Health,NetBanking,Mobile,Kolkata,0,77,192.49,937,No,0,16,7,1,0.008416021611512286,0,2.5671232876712327,21.586021505376344
T100641,CUST5766,2024-01-09 22:48:00,31.1,Electronics,Debit Card,POS,Kolkata,0,131,288.76,1244,No,0,22,9,1,0.10770189776977422,0,3.408219178082192,29.717215661901804
T100642,CUST8724,2023-06-14 02:18:00,19.0,Grocery,UPI,POS,Hyderabad,1,120,234.48,1924,No,0,2,14,6,0.08103036506311839,0,5.271232876712329,19.134993446920053
T100643,CUST9205,2023-01-25 09:49:00,31.74,Travel,Debit Card,Mobile,Delhi,0,156,249.92,1830,No,0,9,25,1,0.12700064020486557,0,5.013698630136986,25.94077448747153
T100644,CUST1001,2023-05-07 15:38:00,10.21,Utilities,Credit Card,POS,Delhi,0,90,380.12,1809,No,0,15,7,5,0.026859938966642113,0,4.956164383561644,15.110395584176633
T100645,CUST7707,2023-08-15 10:56:00,176.97,Electronics,PayPal,Mobile,Hyderabad,0,117,267.72,108,No,0,10,15,8,0.6610264455401165,0,0.2958904109589041,90.28541226215644
T100646,CUST9233,2023-01-26 13:21:00,72.03,Electronics,Credit Card,POS,Chennai,0,110,168.59,884,No,0,13,26,1,0.42724954030488166,0,2.421917808219178,32.14571657325861
T100647,CUST8437,2023-09-26 12:44:00,90.93,Grocery,NetBanking,Mobile,Hyderabad,1,121,294.91,1033,No,0,12,26,9,0.30833135532874434,0,2.83013698630137,31.59155937052933
T100648,CUST2153,2023-01-07 11:27:00,124.54,Travel,PayPal,Mobile,Pune,0,98,323.97,394,No,0,11,7,1,0.3844183103373769,0,1.0794520547945206,47.12779973649538
T100649,CUST1872,2023-03-23 01:15:00,55.2,Food,UPI,Desktop,Mumbai,0,15,334.53,51,No,1,1,23,3,0.1650076226347413,0,0.13972602739726028,13.161057692307693
T100650,CUST6063,2023-11-02 01:37:00,7.27,Grocery,PayPal,Mobile,Kolkata,0,136,312.97,577,No,0,1,2,11,0.023229063488513273,0,1.5808219178082192,52.6963906581741
T100651,CUST7629,2023-02-04 01:05:00,61.62,Travel,Debit Card,Mobile,Mumbai,0,176,335.66,359,No,1,1,4,2,0.18357862122385746,0,0.9835616438356164,88.72928176795581
T100652,CUST6860,2023-12-25 20:13:00,70.71,Electronics,Debit Card,Desktop,Kolkata,0,52,161.95,1209,No,0,20,25,12,0.4366162395801173,0,3.3123287671232875,12.058449809402797
T100653,CUST5662,2023-11-24 15:25:00,109.46,Utilities,PayPal,Desktop,Delhi,0,55,228.61,85,No,0,15,24,11,0.4788067013691439,0,0.2328767123287671,44.61111111111111
T100654,CUST7977,2023-07-02 01:32:00,45.2,Travel,NetBanking,POS,Hyderabad,0,37,337.67,1920,No,0,1,2,7,0.13385850090324874,0,5.260273972602739,5.910284463894968
T100655,CUST4143,2023-12-04 18:11:00,10.92,Electronics,Debit Card,POS,Hyderabad,0,132,379.64,1301,No,0,18,4,12,0.028764092297966497,0,3.5643835616438357,28.91956782713085
T100656,CUST3285,2023-03-04 16:33:00,26.7,Entertainment,Debit Card,Mobile,Hyderabad,0,55,222.73,954,No,0,16,4,3,0.11987608315000224,0,2.6136986301369864,15.219863532979529
T100657,CUST7672,2023-04-07 12:23:00,36.09,Grocery,UPI,POS,Pune,0,12,189.01,290,No,0,12,7,4,0.19094227818633938,0,0.7945205479452054,6.687022900763359
T100658,CUST6034,2023-07-27 15:01:00,83.06,Health,PayPal,POS,Pune,0,147,360.78,1825,No,0,15,27,7,0.23022340484505796,0,5.0,24.5
T100659,CUST5590,2023-05-24 04:29:00,67.66,Grocery,Debit Card,Mobile,Chennai,0,185,118.86,464,No,0,4,24,5,0.569241124011442,0,1.2712328767123289,81.45355850422195
T100660,CUST9000,2023-12-06 18:49:00,35.22,Entertainment,NetBanking,Desktop,Bengaluru,1,37,14.65,1580,No,1,18,6,12,2.4040955631399314,1,4.328767123287672,6.94344473007712
T100661,CUST9052,2023-01-15 18:43:00,344.5,Fashion,Credit Card,Desktop,Kolkata,0,7,240.87,1531,No,0,18,15,1,1.4302320753933657,0,4.1945205479452055,1.3475738396624473
T100662,CUST9563,2023-05-07 23:28:00,74.47,Fashion,PayPal,Mobile,Bengaluru,0,55,94.95,1753,No,0,23,7,5,0.7843075302790943,0,4.802739726027397,9.478281397544853
T100663,CUST1973,2023-08-18 13:08:00,21.66,Fashion,UPI,Mobile,Bengaluru,0,28,195.36,567,No,0,13,18,8,0.11087223587223587,0,1.5534246575342465,10.965665236051503
T100664,CUST8414,2023-12-11 03:04:00,8.59,Grocery,Debit Card,Mobile,Kolkata,0,37,152.7,564,No,0,3,11,12,0.05625409299279634,0,1.5452054794520549,14.537136706135628
T100665,CUST1937,2023-04-19 19:02:00,13.27,Food,NetBanking,Mobile,Chennai,0,189,390.86,410,No,0,19,19,4,0.033950775213631476,0,1.1232876712328768,89.01290322580645
T100666,CUST8743,2023-08-01 14:39:00,22.58,Grocery,PayPal,Mobile,Hyderabad,0,75,172.39,132,No,0,14,1,8,0.13098207552642266,0,0.36164383561643837,55.0804828973843
T100667,CUST5765,2023-02-13 20:07:00,14.01,Utilities,NetBanking,Mobile,Bengaluru,1,114,323.93,58,No,0,20,13,2,0.043250084894884695,0,0.1589041095890411,98.36879432624113
T100668,CUST1598,2023-08-20 23:13:00,16.52,Entertainment,NetBanking,POS,Hyderabad,0,167,340.22,1907,No,0,23,20,8,0.048556816177767324,0,5.2246575342465755,26.828785211267604
T100669,CUST1974,2023-11-10 19:03:00,26.85,Utilities,UPI,POS,Delhi,1,106,233.66,1536,No,0,19,10,11,0.11491055379611402,0,4.208219178082191,20.352446081009997
T100670,CUST7641,2023-08-13 15:07:00,15.23,Entertainment,PayPal,POS,Bengaluru,0,151,49.73,1110,Yes,1,15,13,8,0.3062537703599437,0,3.041095890410959,37.36610169491525
T100671,CUST5312,2023-07-12 18:37:00,181.66,Health,Debit Card,Desktop,Delhi,0,180,353.18,1115,No,0,18,12,7,0.5143552862562999,0,3.0547945205479454,44.39189189189189
T100672,CUST6200,2023-08-05 21:43:00,6.69,Travel,UPI,Mobile,Chennai,0,110,46.83,984,Yes,0,21,5,8,0.14285714285714288,0,2.695890410958904,29.76278724981468
T100673,CUST2683,2024-02-14 16:27:00,59.47,Grocery,Debit Card,Mobile,Mumbai,0,84,58.61,1101,No,0,16,14,2,1.0146732639481317,0,3.0164383561643837,20.914051841746247
T100674,CUST6624,2023-04-06 07:59:00,42.26,Grocery,Credit Card,POS,Pune,0,11,106.04,1420,No,0,7,6,4,0.39852885703508106,0,3.8904109589041096,2.249299719887955
T100675,CUST9890,2023-09-21 11:35:00,323.09,Electronics,NetBanking,Desktop,Kolkata,0,66,147.38,576,No,0,11,21,9,2.1922241823856696,1,1.5780821917808219,25.600425079702447
T100676,CUST7045,2023-06-13 09:20:00,9.51,Entertainment,Credit Card,POS,Chennai,1,13,424.76,1611,No,0,9,13,6,0.022389113852528487,0,4.413698630136986,2.401315789473684
T100677,CUST3656,2023-06-28 01:12:00,40.58,Electronics,NetBanking,Mobile,Chennai,0,169,340.71,1598,No,0,1,28,6,0.11910422353321007,0,4.3780821917808215,31.42384105960265
T100678,CUST9178,2024-01-17 05:54:00,279.12,Electronics,UPI,Mobile,Chennai,0,177,199.73,356,No,0,5,17,1,1.3974866069193412,0,0.9753424657534246,89.60471567267683
T100679,CUST6138,2023-11-17 20:33:00,160.5,Grocery,Debit Card,POS,Bengaluru,0,15,489.53,1791,No,0,20,17,11,0.3278655036463547,0,4.906849315068493,2.539424860853432
T100680,CUST1426,2024-02-16 06:09:00,135.89,Food,Debit Card,POS,Delhi,0,56,129.37,295,No,0,6,16,2,1.050398083017701,0,0.8082191780821918,30.96969696969697
T100681,CUST8909,2023-09-18 21:07:00,23.86,Travel,UPI,Mobile,Pune,0,182,308.81,1781,No,0,21,18,9,0.07726433729477672,0,4.879452054794521,30.955265610438023
T100682,CUST1882,2023-07-06 02:33:00,14.99,Travel,PayPal,POS,Bengaluru,0,159,425.13,758,No,0,2,6,7,0.03525980288382377,0,2.0767123287671234,51.67853962600178
T100683,CUST3707,2023-11-02 05:05:00,88.36,Utilities,Credit Card,Mobile,Mumbai,0,189,402.99,1229,No,0,5,2,11,0.21926102384674556,0,3.367123287671233,43.277917189460474
T100684,CUST7192,2023-08-12 03:01:00,212.03,Entertainment,Credit Card,POS,Kolkata,0,186,54.25,1097,No,0,3,12,8,3.9083870967741934,1,3.0054794520547947,46.43638850889192
T100685,CUST6396,2024-02-11 17:36:00,65.09,Health,Debit Card,Desktop,Kolkata,1,188,351.66,248,No,1,17,11,2,0.18509355627594837,0,0.6794520547945205,111.94127243066885
T100686,CUST6783,2023-12-28 23:48:00,67.82,Entertainment,Debit Card,Mobile,Pune,0,53,136.35,155,No,0,23,28,12,0.49739640630729737,0,0.4246575342465753,37.20192307692308
T100687,CUST8911,2024-01-04 22:58:00,26.28,Food,Debit Card,Desktop,Kolkata,0,61,184.31,911,No,0,22,4,1,0.142585860778037,0,2.495890410958904,17.44905956112853
T100688,CUST7847,2023-08-30 05:06:00,117.4,Food,UPI,POS,Kolkata,0,128,249.61,1432,No,0,5,30,8,0.47033372060414247,0,3.9232876712328766,25.998887033945465
T100689,CUST7804,2023-01-31 22:30:00,16.57,Travel,PayPal,Desktop,Chennai,0,42,397.47,348,No,0,22,31,1,0.041688680906735096,0,0.9534246575342465,21.500701262272088
T100690,CUST1269,2024-01-04 15:56:00,31.29,Fashion,Credit Card,POS,Hyderabad,0,29,91.44,1358,No,0,15,4,1,0.3421916010498688,0,3.7205479452054795,6.143354614045269
T100691,CUST4595,2023-02-04 17:57:00,44.33,Electronics,NetBanking,Desktop,Mumbai,0,155,63.19,1253,No,0,17,4,2,0.7015350530147175,0,3.4328767123287673,34.96600741656366
T100692,CUST3524,2023-08-16 05:44:00,56.68,Electronics,UPI,Desktop,Delhi,0,44,85.19,114,No,0,5,16,8,0.6653363070782956,0,0.31232876712328766,33.528183716075155
T100693,CUST6846,2023-08-07 18:29:00,22.21,Travel,Credit Card,Desktop,Mumbai,0,133,116.93,1094,No,0,18,7,8,0.18994270076113914,0,2.9972602739726026,33.272789581905414
T100694,CUST2791,2023-11-09 14:02:00,9.76,Entertainment,PayPal,Mobile,Bengaluru,0,180,39.16,752,No,0,14,9,11,0.24923391215526047,0,2.0602739726027397,58.81826320501343
T100695,CUST3585,2023-09-13 02:48:00,75.46,Food,UPI,Desktop,Kolkata,0,113,463.91,1919,No,0,2,13,9,0.16266086094285528,0,5.257534246575342,18.058231173380037
T100696,CUST6281,2023-09-27 10:52:00,27.25,Entertainment,Credit Card,POS,Hyderabad,1,106,166.35,1604,No,1,10,27,9,0.1638112413585813,0,4.394520547945206,19.649568308786186
T100697,CUST8574,2023-07-26 06:26:00,69.64,Health,UPI,POS,Bengaluru,0,181,96.72,1416,No,0,6,26,7,0.7200165425971877,0,3.8794520547945206,37.0943290286356
T100698,CUST3063,2023-12-15 01:47:00,13.41,Fashion,Credit Card,Mobile,Pune,0,180,322.54,1972,No,0,1,15,12,0.04157623860606436,0,5.402739726027397,28.11296534017972
T100699,CUST8384,2023-09-14 03:43:00,52.49,Travel,Credit Card,Mobile,Chennai,0,38,395.63,1322,No,0,3,14,9,0.1326744685691176,0,3.621917808219178,8.221695317131001
T100700,CUST7776,2023-08-22 21:09:00,60.84,Electronics,PayPal,POS,Kolkata,0,172,379.08,391,No,0,21,22,8,0.16049382716049385,0,1.0712328767123287,83.04232804232805
T100701,CUST4623,2023-08-20 16:32:00,4.26,Grocery,NetBanking,Desktop,Chennai,0,181,362.17,396,No,0,16,20,8,0.011762432007068502,0,1.084931506849315,86.81340341655716
T100702,CUST5553,2023-06-25 05:14:00,32.83,Entertainment,PayPal,POS,Mumbai,0,115,34.76,1234,No,0,5,25,6,0.9444764096662831,0,3.3808219178082193,26.250781738586614
T100703,CUST5720,2023-03-17 03:08:00,11.55,Food,Credit Card,Mobile,Chennai,0,130,393.26,1284,No,0,3,17,3,0.02936988252046992,0,3.5178082191780824,28.775015160703454
T100704,CUST5382,2023-08-12 02:00:00,5.24,Grocery,UPI,Mobile,Chennai,0,109,255.92,1017,No,0,2,12,8,0.02047514848390122,0,2.786301369863014,28.787988422575975
T100705,CUST7605,2023-05-26 15:10:00,368.1,Health,PayPal,POS,Pune,1,182,328.05,1123,No,0,15,26,5,1.1220850480109739,0,3.0767123287671234,44.64381720430107
T100706,CUST3698,2023-12-10 02:27:00,31.13,Travel,NetBanking,Desktop,Delhi,1,84,478.65,1878,No,0,2,10,12,0.0650370834639089,0,5.145205479452055,13.66919304502898
T100707,CUST4954,2023-02-25 09:49:00,132.81,Entertainment,Credit Card,Desktop,Delhi,1,163,407.23,617,No,0,9,25,2,0.3261301966947425,0,1.6904109589041096,60.58553971486761
T100708,CUST4242,2023-08-08 06:29:00,23.51,Electronics,PayPal,Mobile,Bengaluru,0,46,414.43,992,No,0,6,8,8,0.0567285186883189,0,2.717808219178082,12.372881355932204
T100709,CUST8053,2023-03-30 23:17:00,91.53,Entertainment,PayPal,POS,Kolkata,0,92,98.92,1997,No,0,23,30,3,0.925293166194905,0,5.471232876712329,14.216765453005927
T100710,CUST5086,2024-01-27 13:39:00,114.25,Fashion,PayPal,POS,Bengaluru,0,105,243.44,1841,No,0,13,27,1,0.4693148209004272,0,5.043835616438356,17.37307343608341
T100711,CUST1548,2023-05-02 19:41:00,72.44,Utilities,PayPal,Mobile,Delhi,0,183,475.17,518,No,0,19,2,5,0.15245070185407328,0,1.4191780821917808,75.64552661381653
T100712,CUST3564,2023-12-18 08:35:00,51.03,Grocery,UPI,POS,Mumbai,0,72,295.52,1287,No,0,8,18,12,0.17267866811044938,0,3.526027397260274,15.907990314769977
T100713,CUST8206,2023-08-12 16:49:00,42.46,Fashion,NetBanking,Mobile,Delhi,1,139,60.27,1883,No,0,16,12,8,0.7044964327194292,0,5.158904109589041,22.568950177935946
T100714,CUST9766,2023-03-22 20:26:00,34.32,Health,NetBanking,Desktop,Bengaluru,0,29,368.59,1482,No,0,20,22,3,0.09311158740063485,0,4.06027397260274,5.730914997292907
T100715,CUST7696,2023-12-15 01:13:00,212.2,Electronics,Credit Card,Desktop,Hyderabad,0,197,31.03,860,No,0,1,15,12,6.838543345149854,1,2.356164383561644,58.69795918367347
T100716,CUST6454,2023-12-31 11:52:00,142.05,Grocery,Debit Card,POS,Kolkata,0,191,373.73,1701,No,0,11,31,12,0.38008722874802664,0,4.66027397260274,33.74394966118103
T100717,CUST2817,2023-07-06 17:29:00,268.25,Health,UPI,Desktop,Chennai,0,47,441.09,695,No,0,17,6,7,0.6081525312294543,0,1.904109589041096,16.183962264150942
T100718,CUST9371,2023-11-02 08:30:00,10.62,Fashion,Credit Card,Desktop,Pune,0,111,218.37,1347,No,0,8,2,11,0.04863305399093282,0,3.6904109589041094,23.665303738317757
T100719,CUST9743,2023-11-25 13:17:00,105.0,Fashion,Credit Card,Mobile,Hyderabad,0,7,212.67,1401,No,0,13,25,11,0.4937226689236846,0,3.8383561643835615,1.4467723669309172
T100720,CUST2866,2023-07-07 19:20:00,222.89,Utilities,PayPal,Mobile,Hyderabad,0,117,159.06,1152,No,0,19,7,7,1.4012951087639882,0,3.1561643835616437,28.150955833882666
T100721,CUST4705,2023-07-11 07:45:00,16.0,Grocery,Debit Card,POS,Chennai,0,64,439.7,905,No,0,7,11,7,0.036388446668182854,0,2.4794520547945207,18.393700787401574
T100722,CUST3995,2023-04-17 19:04:00,5.5,Electronics,Debit Card,Mobile,Delhi,0,82,278.41,390,Yes,1,19,17,4,0.019755037534571314,0,1.0684931506849316,39.64238410596027
T100723,CUST7063,2023-06-29 00:12:00,108.11,Fashion,UPI,POS,Kolkata,0,64,293.84,1990,No,1,0,29,6,0.36792131772393144,0,5.4520547945205475,9.919320594479831
T100724,CUST2451,2023-09-13 13:20:00,68.35,Travel,Debit Card,POS,Mumbai,1,92,334.24,1928,No,0,13,13,9,0.20449377692675919,0,5.282191780821917,14.644570431748802
T100725,CUST7930,2023-08-10 09:22:00,147.53,Utilities,Credit Card,Mobile,Hyderabad,0,12,157.11,387,No,0,9,10,8,0.9390236140283876,0,1.0602739726027397,5.824468085106383
T100726,CUST9481,2023-09-12 08:29:00,12.04,Health,Debit Card,Desktop,Mumbai,0,12,222.07,1183,No,0,8,12,9,0.054217138740036926,0,3.241095890410959,2.8294573643410854
T100727,CUST6176,2023-07-26 09:54:00,126.88,Grocery,Debit Card,Desktop,Pune,0,36,373.39,1572,No,0,9,26,7,0.3398055652267067,0,4.306849315068493,6.7836861125451735
T100728,CUST7136,2023-02-07 21:42:00,18.01,Food,NetBanking,Desktop,Pune,0,29,492.89,1436,No,0,21,7,2,0.03653959301263974,0,3.9342465753424656,5.877290394225431
T100729,CUST8034,2023-03-27 17:17:00,14.3,Food,Credit Card,Desktop,Pune,0,139,26.81,1670,No,0,17,27,3,0.5333830660201417,0,4.575342465753424,24.93120393120393
T100730,CUST9891,2024-01-21 20:50:00,14.36,Electronics,Debit Card,POS,Bengaluru,0,181,30.9,1974,No,0,20,21,1,0.46472491909385116,0,5.4082191780821915,28.24497648567764
T100731,CUST1311,2023-06-03 12:43:00,134.81,Travel,Debit Card,Desktop,Hyderabad,0,198,219.76,1872,Yes,0,12,3,6,0.6134419366581726,0,5.1287671232876715,32.306660706303084
T100732,CUST8321,2023-10-11 08:35:00,87.54,Fashion,PayPal,POS,Pune,0,85,333.21,1615,No,0,8,11,10,0.2627172053659855,0,4.424657534246576,15.669191919191919
T100733,CUST9437,2023-04-23 10:26:00,59.23,Food,Debit Card,Mobile,Bengaluru,0,74,199.32,765,No,0,10,23,4,0.2971603451735902,0,2.095890410958904,23.902654867256636
T100734,CUST1858,2024-02-03 13:19:00,35.56,Electronics,Debit Card,Mobile,Pune,0,47,499.82,93,No,0,13,3,2,0.07114561242047138,0,0.2547945205479452,37.45633187772926
T100735,CUST4036,2023-02-21 18:20:00,167.78,Health,NetBanking,POS,Delhi,0,161,105.73,1449,No,0,18,21,2,1.5868722216967748,0,3.96986301369863,32.39525909592062
T100736,CUST7545,2023-03-31 03:10:00,39.87,Utilities,Credit Card,Desktop,Hyderabad,1,81,13.88,210,Yes,1,3,31,3,2.872478386167147,1,0.5753424657534246,51.417391304347824
T100737,CUST6556,2023-06-04 23:08:00,135.69,Travel,UPI,POS,Bengaluru,0,195,103.16,616,No,0,23,4,6,1.3153354013183405,0,1.6876712328767123,72.55351681957185
T100738,CUST5647,2023-03-10 05:37:00,46.26,Travel,Credit Card,Desktop,Pune,0,121,444.55,1831,No,0,5,10,3,0.10406028568215048,0,5.016438356164383,20.111566484517304
T100739,CUST8735,2023-03-12 20:46:00,37.85,Entertainment,PayPal,Desktop,Kolkata,0,43,81.12,218,No,0,20,12,3,0.46659270216962523,0,0.5972602739726027,26.921097770154375
T100740,CUST4200,2024-01-05 19:21:00,49.69,Electronics,Credit Card,POS,Bengaluru,0,146,244.7,1236,No,0,19,5,1,0.20306497752349817,0,3.3863013698630136,33.28544659587758
T100741,CUST2078,2024-01-31 06:27:00,28.69,Electronics,Debit Card,POS,Pune,0,74,215.45,1920,No,0,6,31,1,0.1331631469018334,0,5.260273972602739,11.820568927789935
T100742,CUST2989,2023-12-25 11:28:00,110.14,Entertainment,PayPal,Desktop,Delhi,0,53,336.21,1545,No,0,11,25,12,0.32759287350168054,0,4.232876712328767,10.128272251308902
T100743,CUST5896,2023-12-23 18:21:00,55.89,Utilities,Credit Card,POS,Mumbai,0,39,36.75,609,No,0,18,23,12,1.5208163265306123,0,1.6684931506849314,14.614989733059549
T100744,CUST8299,2023-03-29 10:44:00,21.14,Fashion,PayPal,Desktop,Pune,0,107,332.79,199,No,0,10,29,3,0.06352354337570239,0,0.5452054794520548,69.24645390070923
T100745,CUST7059,2023-11-23 12:00:00,183.87,Electronics,UPI,POS,Mumbai,0,162,183.83,351,No,0,12,23,11,1.0002175923407495,0,0.9616438356164384,82.58379888268156
T100746,CUST1735,2023-02-01 10:30:00,38.75,Entertainment,Credit Card,Mobile,Hyderabad,0,37,463.76,1225,No,0,10,1,2,0.08355614973262032,0,3.356164383561644,8.493710691823898
T100747,CUST6875,2023-06-01 16:54:00,62.74,Fashion,Debit Card,Desktop,Delhi,0,169,425.95,313,No,0,16,1,6,0.14729428336659234,0,0.8575342465753425,90.98082595870206
T100748,CUST8725,2023-12-11 23:29:00,189.56,Utilities,PayPal,Mobile,Kolkata,0,97,205.76,1672,No,0,23,11,12,0.9212674961119751,0,4.580821917808219,17.380952380952383
T100749,CUST6942,2023-02-18 16:46:00,78.3,Fashion,NetBanking,POS,Hyderabad,0,49,496.52,395,No,0,16,18,2,0.15769757512285507,0,1.082191780821918,23.532894736842103
T100750,CUST7940,2023-06-21 15:41:00,9.95,Grocery,PayPal,Mobile,Kolkata,0,128,35.45,140,No,0,15,21,6,0.2806770098730606,0,0.3835616438356164,92.51485148514851
T100751,CUST1545,2023-10-29 19:46:00,224.85,Travel,NetBanking,POS,Mumbai,0,10,396.43,107,No,0,19,29,10,0.5671871452715486,0,0.29315068493150687,7.733050847457627
T100752,CUST3990,2023-10-04 20:35:00,79.05,Health,Debit Card,Desktop,Delhi,0,40,222.58,1751,No,0,20,4,10,0.35515320334261835,0,4.7972602739726025,6.899810964083176
T100753,CUST4363,2023-10-14 10:01:00,32.63,Travel,UPI,POS,Chennai,0,146,222.32,282,No,0,10,14,10,0.14677042101475352,0,0.7726027397260274,82.3647604327666
T100754,CUST4635,2024-01-26 06:55:00,12.0,Travel,NetBanking,POS,Delhi,0,153,93.37,265,No,0,6,26,1,0.12852093820284888,0,0.726027397260274,88.64285714285714
T100755,CUST6074,2023-01-17 19:45:00,126.4,Grocery,UPI,Desktop,Delhi,0,106,262.29,122,No,0,19,17,1,0.4819093369934042,0,0.33424657534246577,79.44558521560575
T100756,CUST1828,2023-04-17 13:15:00,77.42,Fashion,PayPal,POS,Kolkata,0,41,51.51,1695,No,0,13,17,4,1.503009124441856,0,4.6438356164383565,7.264563106796116
T100757,CUST6087,2023-12-22 00:33:00,60.99,Fashion,Debit Card,Desktop,Chennai,0,164,312.12,1748,No,0,0,22,12,0.19540561322568242,0,4.789041095890411,28.32938949361098
T100758,CUST1740,2024-01-01 16:17:00,179.46,Electronics,NetBanking,POS,Bengaluru,0,2,128.38,1087,No,0,16,1,1,1.3978812899205484,0,2.978082191780822,0.5027548209366391
T100759,CUST1487,2023-08-18 06:09:00,124.32,Grocery,PayPal,Desktop,Bengaluru,0,177,365.18,1534,No,0,6,18,8,0.34043485404458074,0,4.2027397260273975,34.02053712480252
T100760,CUST4688,2023-09-24 01:53:00,13.16,Electronics,Credit Card,Mobile,Bengaluru,0,195,307.61,1457,No,0,1,24,9,0.0427814440362797,0,3.9917808219178084,39.0642151481888
T100761,CUST2041,2023-08-03 10:20:00,29.89,Grocery,PayPal,POS,Mumbai,0,53,375.74,1868,No,0,10,3,8,0.07954968861446746,0,5.117808219178082,8.663233318405732
T100762,CUST5394,2023-10-20 20:11:00,22.85,Electronics,UPI,POS,Delhi,0,147,377.37,251,No,0,20,20,10,0.06055065320507725,0,0.6876712328767123,87.10227272727273
T100763,CUST8531,2023-02-03 03:27:00,108.99,Food,Debit Card,POS,Pune,0,26,106.39,1939,Yes,1,3,3,2,1.0244383870664535,0,5.3123287671232875,4.118923611111112
T100764,CUST9924,2023-06-03 17:23:00,2.73,Entertainment,Debit Card,Desktop,Chennai,0,54,10.33,925,No,0,17,3,6,0.26427879961277834,0,2.5342465753424657,15.279069767441861
T100765,CUST4730,2023-04-09 13:13:00,67.5,Travel,PayPal,POS,Pune,0,51,189.22,1543,No,0,13,9,4,0.35672761864496355,0,4.227397260273973,9.7562893081761
T100766,CUST1469,2023-12-02 06:18:00,114.99,Travel,Credit Card,Desktop,Mumbai,0,153,460.34,1847,No,0,6,2,12,0.24979363079463004,0,5.06027397260274,25.24638336347197
T100767,CUST4386,2024-02-05 15:57:00,167.49,Utilities,UPI,POS,Chennai,0,114,293.17,1393,No,0,15,5,2,0.5713067503496265,0,3.8164383561643835,23.668941979522188
T100768,CUST9332,2023-03-04 20:44:00,33.49,Health,PayPal,Mobile,Pune,0,17,366.48,1566,No,0,20,4,3,0.0913828858327876,0,4.2904109589041095,3.2133609528741585
T100769,CUST2826,2023-11-28 11:49:00,137.74,Entertainment,PayPal,POS,Kolkata,0,120,440.99,990,No,0,11,28,11,0.31234268350756256,0,2.712328767123288,32.32472324723247
T100770,CUST2434,2023-10-17 23:15:00,9.38,Fashion,Debit Card,Mobile,Mumbai,0,189,453.97,1014,No,0,23,17,10,0.020662158292398175,0,2.778082191780822,50.0253807106599
T100771,CUST7945,2023-05-31 06:23:00,149.9,Health,UPI,Desktop,Mumbai,0,46,269.22,1662,No,0,6,31,5,0.5567937003194413,0,4.553424657534246,8.28317710902812
T100772,CUST3458,2023-05-19 00:05:00,10.91,Food,Credit Card,Mobile,Mumbai,0,55,275.06,1652,No,0,0,19,5,0.039664073293099684,0,4.526027397260274,9.952900347050075
T100773,CUST2770,2023-07-20 22:40:00,40.51,Utilities,Debit Card,POS,Chennai,0,50,426.96,872,Yes,0,22,20,7,0.09488008244332022,0,2.389041095890411,14.75343573160873
T100774,CUST2900,2023-02-12 19:03:00,127.68,Health,PayPal,POS,Pune,0,75,405.67,281,No,0,19,12,2,0.31473858061971555,0,0.7698630136986301,42.37616099071207
T100775,CUST5958,2023-10-10 18:12:00,12.99,Utilities,Debit Card,Desktop,Pune,1,11,352.44,1417,No,0,18,10,10,0.036857337419135175,0,3.882191780821918,2.253086419753086
T100776,CUST1583,2023-11-06 07:27:00,20.83,Travel,Debit Card,POS,Hyderabad,0,140,306.19,1580,No,0,7,6,11,0.06802965478950977,0,4.328767123287672,26.27249357326478
T100777,CUST7356,2023-05-14 21:07:00,102.48,Fashion,NetBanking,POS,Mumbai,0,168,312.44,171,No,0,21,14,5,0.32799897580335424,0,0.4684931506849315,114.40298507462687
T100778,CUST6092,2023-07-16 15:13:00,101.85,Food,Debit Card,Desktop,Bengaluru,0,48,187.83,340,No,0,15,16,7,0.5422456476601182,0,0.9315068493150684,24.851063829787236
T100779,CUST8205,2023-04-30 06:57:00,81.99,Travel,Debit Card,Desktop,Delhi,0,121,422.05,1438,No,0,6,30,4,0.1942660822177467,0,3.9397260273972603,24.495285635052692
T100780,CUST2642,2023-05-19 09:39:00,94.72,Entertainment,UPI,Mobile,Kolkata,0,56,312.71,1854,No,0,9,19,5,0.30290045089699724,0,5.079452054794521,9.211356466876971
T100781,CUST9916,2023-04-21 06:44:00,62.6,Electronics,Debit Card,Desktop,Kolkata,0,8,119.53,611,No,0,6,21,4,0.5237178950890989,0,1.673972602739726,2.991803278688525
T100782,CUST1467,2023-07-12 00:53:00,23.21,Grocery,Credit Card,POS,Hyderabad,0,14,127.52,1365,Yes,0,0,12,7,0.18201066499372648,0,3.73972602739726,2.953757225433526
T100783,CUST2383,2023-05-31 09:52:00,33.93,Food,PayPal,Desktop,Hyderabad,0,114,432.19,1332,No,0,9,31,5,0.07850713806427728,0,3.649315068493151,24.519740718915735
T100784,CUST6491,2023-04-10 04:25:00,16.03,Fashion,UPI,POS,Chennai,0,184,316.6,1619,No,0,4,10,4,0.05063171193935565,0,4.435616438356164,33.850806451612904
T100785,CUST9806,2023-07-18 19:03:00,191.27,Utilities,Debit Card,Mobile,Hyderabad,0,54,205.37,375,No,0,19,18,7,0.931343428933145,0,1.0273972602739727,26.635135135135133
T100786,CUST5476,2024-01-09 05:33:00,70.05,Health,Credit Card,Desktop,Pune,0,17,101.68,1440,No,1,5,9,1,0.6889260424862312,0,3.9452054794520546,3.437673130193906
T100787,CUST2922,2023-06-20 09:11:00,40.98,Entertainment,PayPal,POS,Chennai,0,173,309.01,331,No,0,9,20,6,0.1326170674088217,0,0.9068493150684932,90.72557471264368
T100788,CUST6572,2023-05-09 19:47:00,49.59,Health,UPI,Desktop,Chennai,0,133,100.31,1817,No,0,19,9,5,0.494367460871299,0,4.978082191780822,22.24793767186068
T100789,CUST2471,2023-08-28 20:56:00,235.43,Food,Credit Card,Desktop,Kolkata,0,131,240.38,536,No,0,20,28,8,0.9794076046260088,0,1.4684931506849315,53.068812430632626
T100790,CUST1644,2023-09-29 19:49:00,13.32,Entertainment,Debit Card,Desktop,Kolkata,1,9,341.98,276,No,1,19,29,9,0.03894964617813907,0,0.7561643835616438,5.124804992199688
T100791,CUST7472,2023-12-28 17:27:00,70.6,Fashion,NetBanking,Desktop,Bengaluru,0,122,287.05,1699,No,0,17,28,12,0.245950182894966,0,4.654794520547945,21.574612403100776
T100792,CUST8247,2023-10-21 22:17:00,56.4,Food,NetBanking,Mobile,Mumbai,0,114,461.83,517,No,0,22,21,10,0.12212285906069333,0,1.4164383561643836,47.176870748299315
T100793,CUST2477,2023-07-21 06:19:00,75.63,Fashion,UPI,POS,Hyderabad,0,20,29.46,1809,No,0,6,21,7,2.567209775967413,1,4.956164383561644,3.357865685372585
T100794,CUST5056,2023-05-27 05:34:00,1.46,Health,Credit Card,Desktop,Mumbai,0,83,147.1,1974,No,0,5,27,5,0.009925220938137322,0,5.4082191780821915,12.952116289012398
T100795,CUST4355,2023-12-13 01:18:00,164.54,Travel,PayPal,POS,Mumbai,0,21,37.97,1292,No,1,1,13,12,4.333421121938373,1,3.5397260273972604,4.6258298129149065
T100796,CUST6478,2023-11-23 00:20:00,215.2,Entertainment,Credit Card,Mobile,Mumbai,0,33,105.36,1582,No,0,0,23,11,2.0425208807896733,1,4.3342465753424655,6.186440677966102
T100797,CUST1970,2023-06-07 23:33:00,66.62,Electronics,NetBanking,POS,Chennai,0,133,70.75,1977,No,0,23,7,6,0.9416254416961132,0,5.416438356164384,20.72801024765158
T100798,CUST8872,2023-07-16 15:35:00,95.43,Travel,UPI,POS,Mumbai,0,152,369.0,957,No,0,15,16,7,0.25861788617886183,0,2.621917808219178,41.96671709531014
T100799,CUST2531,2023-06-17 17:09:00,204.6,Electronics,Debit Card,Mobile,Hyderabad,0,191,190.99,1402,No,0,17,17,6,1.0712602754070892,0,3.841095890410959,39.45387662705151
T100800,CUST3205,2023-04-14 12:01:00,98.27,Health,Credit Card,Desktop,Chennai,0,26,463.27,820,No,0,12,14,4,0.21212252034450751,0,2.2465753424657535,8.0084388185654
T100801,CUST7733,2023-01-24 23:18:00,13.24,Utilities,NetBanking,POS,Hyderabad,0,108,21.46,1798,Yes,0,23,24,1,0.6169617893755824,0,4.926027397260274,18.2246879334258
T100802,CUST7006,2023-11-04 03:59:00,68.7,Entertainment,PayPal,POS,Chennai,0,89,329.93,941,No,0,3,4,11,0.2082259873306459,0,2.578082191780822,24.87366003062787
T100803,CUST4877,2023-02-28 20:04:00,74.66,Travel,UPI,Desktop,Delhi,0,92,485.57,1405,No,0,20,28,2,0.1537574397100315,0,3.8493150684931505,18.97175141242938
T100804,CUST4020,2024-01-06 03:28:00,44.15,Travel,Debit Card,Desktop,Delhi,0,33,96.16,183,No,0,3,6,1,0.459130615640599,0,0.5013698630136987,21.97992700729927
T100805,CUST3904,2024-02-20 03:25:00,106.68,Food,Credit Card,POS,Delhi,0,18,226.79,1563,No,0,3,20,2,0.47039111071916756,0,4.282191780821917,3.407676348547718
T100806,CUST9071,2023-04-29 00:58:00,217.89,Grocery,PayPal,Mobile,Delhi,0,18,353.93,1982,No,1,0,29,4,0.6156302093634334,0,5.4301369863013695,2.7993182786536006
T100807,CUST7733,2024-02-19 06:21:00,207.83,Health,Debit Card,Desktop,Chennai,0,166,320.24,1239,No,0,6,19,2,0.6489820134898826,0,3.3945205479452056,37.774314214463836
T100808,CUST6411,2023-12-15 14:20:00,47.95,Fashion,NetBanking,Desktop,Mumbai,0,33,287.35,973,No,0,14,15,12,0.1668696711327649,0,2.665753424657534,9.002242152466367
T100809,CUST9490,2023-02-11 02:00:00,9.61,Health,NetBanking,Mobile,Bengaluru,0,27,170.11,624,No,0,2,11,2,0.056492857562753504,0,1.7095890410958905,9.964610717896866
T100810,CUST7026,2023-10-20 02:16:00,335.13,Fashion,PayPal,POS,Kolkata,0,49,366.82,1620,No,1,2,20,10,0.9136088544790361,0,4.438356164383562,9.01007556675063
T100811,CUST5041,2023-05-25 00:38:00,146.06,Entertainment,NetBanking,Desktop,Pune,0,178,330.1,1478,No,1,0,25,5,0.4424719781884277,0,4.049315068493151,35.25230602278893
T100812,CUST4750,2023-11-17 08:43:00,10.65,Fashion,UPI,POS,Bengaluru,0,143,89.77,91,No,0,8,17,11,0.1186365155397126,0,0.2493150684931507,114.46271929824562
T100813,CUST1306,2023-05-08 12:40:00,202.9,Utilities,PayPal,POS,Delhi,0,108,482.4,1454,No,0,12,8,5,0.42060530679933666,0,3.9835616438356163,21.67124793842771
T100814,CUST4061,2023-05-14 08:49:00,163.15,Electronics,NetBanking,POS,Mumbai,0,180,282.28,899,Yes,1,8,14,5,0.5779722261584244,0,2.463013698630137,51.97784810126582
T100815,CUST6589,2023-02-27 07:28:00,58.52,Fashion,Credit Card,Mobile,Hyderabad,0,68,267.48,1112,No,0,7,27,2,0.21878271272618513,0,3.0465753424657533,16.804333107650642
T100816,CUST7799,2023-05-30 08:47:00,71.58,Fashion,NetBanking,POS,Mumbai,0,99,425.64,1195,No,0,8,30,5,0.1681702847476741,0,3.2739726027397262,23.163461538461537
T100817,CUST1623,2023-03-21 11:37:00,40.73,Food,UPI,POS,Hyderabad,1,19,323.8,495,No,0,11,21,3,0.12578752316244593,0,1.356164383561644,8.063953488372093
T100818,CUST1395,2023-05-29 20:56:00,4.51,Travel,Debit Card,Desktop,Bengaluru,0,25,46.49,1202,No,0,20,29,5,0.09701010970101095,0,3.293150684931507,5.8232291001914485
T100819,CUST3018,2023-01-02 07:17:00,32.66,Health,Debit Card,Desktop,Mumbai,0,104,258.23,1500,No,0,7,2,1,0.12647639701041705,0,4.109589041095891,20.353887399463805
T100820,CUST7200,2023-08-03 00:08:00,129.9,Health,NetBanking,Mobile,Mumbai,0,76,392.49,1227,No,0,0,3,8,0.33096384621264235,0,3.361643835616438,17.42462311557789
T100821,CUST5935,2023-12-12 16:22:00,0.37,Entertainment,Debit Card,Mobile,Pune,0,76,352.99,340,No,0,16,12,12,0.0010481883339471373,0,0.9315068493150684,39.347517730496456
T100822,CUST2830,2023-02-15 07:30:00,32.46,Entertainment,NetBanking,Desktop,Bengaluru,0,106,485.68,1115,No,0,7,15,2,0.06683412946796244,0,3.0547945205479454,26.14189189189189
T100823,CUST7705,2024-02-13 08:48:00,40.62,Utilities,UPI,Desktop,Mumbai,0,153,22.21,1220,No,0,8,13,2,1.828905898244034,0,3.3424657534246576,35.23343848580441
T100824,CUST4915,2023-09-12 21:53:00,61.67,Fashion,Debit Card,Mobile,Hyderabad,0,33,138.0,1735,No,0,21,12,9,0.4468840579710145,0,4.7534246575342465,5.735714285714286
T100825,CUST5935,2023-12-14 02:03:00,201.91,Grocery,Credit Card,POS,Kolkata,0,188,279.09,845,No,0,2,14,12,0.7234583826005948,0,2.315068493150685,56.710743801652896
T100826,CUST4820,2023-02-19 16:17:00,34.01,Health,NetBanking,Mobile,Mumbai,0,37,313.55,132,No,0,16,19,2,0.10846754903524158,0,0.36164383561643837,27.173038229376257
T100827,CUST7437,2023-01-09 13:37:00,34.09,Entertainment,Debit Card,POS,Hyderabad,0,92,144.43,57,No,0,13,9,1,0.23603129543723605,0,0.15616438356164383,79.57345971563981
T100828,CUST6590,2023-11-07 08:24:00,107.0,Fashion,UPI,Desktop,Delhi,0,124,415.13,1649,No,0,8,7,11,0.2577505841543613,0,4.517808219178082,22.47269116186693
T100829,CUST8035,2023-06-30 00:56:00,48.15,Entertainment,UPI,Desktop,Mumbai,0,43,90.53,537,No,1,0,30,6,0.5318678890975367,0,1.4712328767123288,17.40022172949002
T100830,CUST2234,2023-07-07 00:25:00,20.35,Utilities,Credit Card,Desktop,Hyderabad,0,126,10.42,163,No,1,0,7,7,1.952975047984645,0,0.4465753424657534,87.10227272727272
T100831,CUST6582,2023-07-02 07:56:00,48.18,Electronics,UPI,POS,Kolkata,0,9,476.67,88,No,0,7,2,7,0.10107621625023601,0,0.2410958904109589,7.251655629139074
T100832,CUST2074,2023-05-21 01:31:00,12.15,Electronics,UPI,Mobile,Bengaluru,0,14,201.86,1143,No,0,1,21,5,0.06019023085306648,0,3.1315068493150684,3.388594164456234
T100833,CUST1693,2023-04-24 03:49:00,15.52,Entertainment,Debit Card,POS,Delhi,0,131,479.17,99,No,0,3,24,4,0.03238933990024417,0,0.27123287671232876,103.04956896551724
T100834,CUST8669,2023-06-22 20:26:00,55.19,Electronics,NetBanking,Mobile,Mumbai,0,69,146.19,1988,No,0,20,22,6,0.37752240235310214,0,5.446575342465754,10.703357416064598
T100835,CUST3861,2023-10-16 21:21:00,43.43,Entertainment,PayPal,Mobile,Pune,1,184,41.09,214,Yes,1,21,16,10,1.0569481625699684,0,0.5863013698630137,115.99309153713298
T100836,CUST9151,2023-02-03 13:05:00,197.06,Fashion,UPI,Mobile,Hyderabad,0,26,388.53,1491,No,0,13,3,2,0.5071937816899597,0,4.0849315068493155,5.113146551724138
T100837,CUST5284,2023-09-10 12:40:00,36.0,Food,UPI,Desktop,Kolkata,0,127,419.55,601,No,0,12,10,9,0.08580622095101895,0,1.6465753424657534,47.98654244306418
T100838,CUST2117,2023-12-24 04:47:00,69.51,Grocery,PayPal,Mobile,Pune,0,53,251.12,1527,Yes,0,4,24,12,0.27679993628544125,0,4.183561643835616,10.22463002114165
T100839,CUST1276,2024-02-06 07:27:00,80.03,Fashion,UPI,Desktop,Mumbai,0,41,46.19,1710,No,0,7,6,2,1.7326261095475213,0,4.684931506849315,7.212048192771085
T100840,CUST4874,2023-02-20 15:51:00,1.05,Food,Debit Card,Mobile,Hyderabad,0,82,330.53,197,No,0,15,20,2,0.0031767161830998703,0,0.5397260273972603,53.256227758007114
T100841,CUST2273,2023-05-05 16:56:00,87.14,Food,Debit Card,Mobile,Mumbai,0,102,99.25,607,No,0,16,5,5,0.8779848866498741,0,1.663013698630137,38.30246913580247
T100842,CUST3269,2023-11-18 02:37:00,15.68,Health,PayPal,Desktop,Delhi,0,21,426.2,1936,No,1,2,18,11,0.03679023932426091,0,5.304109589041096,3.33116036505867
T100843,CUST6088,2023-10-23 07:01:00,259.68,Fashion,UPI,Desktop,Kolkata,0,121,144.27,1177,No,0,7,23,10,1.799958411312123,0,3.2246575342465755,28.641374837872892
T100844,CUST1910,2023-10-15 22:53:00,12.88,Fashion,UPI,POS,Kolkata,0,39,425.38,1266,No,0,22,15,10,0.030278809535004,0,3.4684931506849317,8.727774371551195
T100845,CUST2889,2023-12-01 04:12:00,42.84,Entertainment,NetBanking,Mobile,Delhi,0,151,219.19,211,No,1,4,1,12,0.1954468725763037,0,0.5780821917808219,95.68576388888889
T100846,CUST2044,2023-03-17 11:00:00,7.14,Food,UPI,Desktop,Mumbai,0,186,302.28,100,No,0,11,17,3,0.023620484319174278,0,0.273972602739726,146.0
T100847,CUST4417,2023-09-25 10:42:00,461.45,Food,Debit Card,POS,Mumbai,0,69,396.89,585,No,0,10,25,9,1.1626647181838796,0,1.6027397260273972,26.510526315789477
T100848,CUST7872,2023-11-28 14:50:00,55.8,Food,Credit Card,POS,Chennai,0,75,29.82,881,No,0,14,28,11,1.8712273641851105,0,2.4136986301369863,21.970304975922954
T100849,CUST3692,2023-09-17 06:25:00,72.39,Entertainment,Credit Card,Desktop,Mumbai,1,157,412.37,1248,No,1,6,17,9,0.17554623275214007,0,3.419178082191781,35.526968381897085
T100850,CUST7042,2023-02-24 11:15:00,5.55,Health,Credit Card,Mobile,Kolkata,0,62,77.94,1622,No,0,11,24,2,0.0712086220169361,0,4.443835616438356,11.389028686462003
T100851,CUST8461,2023-09-30 14:40:00,110.89,Fashion,Credit Card,POS,Mumbai,0,181,185.62,1345,No,0,14,30,9,0.5974032970585066,0,3.684931506849315,38.634502923976605
T100852,CUST2250,2023-04-28 19:01:00,18.85,Food,UPI,Mobile,Pune,0,45,241.66,1110,No,0,19,28,4,0.07800215178349748,0,3.041095890410959,11.135593220338981
T100853,CUST4869,2023-02-10 06:05:00,182.67,Electronics,UPI,Mobile,Pune,1,27,448.76,1942,No,0,6,10,2,0.4070549959889473,0,5.32054794520548,4.271781534460338
T100854,CUST9384,2023-10-03 02:15:00,18.37,Fashion,NetBanking,POS,Delhi,0,116,21.0,712,No,1,2,3,10,0.8747619047619049,0,1.9506849315068493,39.31290622098422
T100855,CUST2895,2023-12-06 09:30:00,16.93,Entertainment,UPI,Desktop,Pune,0,162,284.01,1353,No,0,9,6,12,0.059610577092355906,0,3.706849315068493,34.41792782305006
T100856,CUST1526,2023-01-26 01:51:00,2.98,Health,Credit Card,Mobile,Mumbai,0,142,324.84,347,No,0,1,26,1,0.009173747075483315,0,0.9506849315068493,72.79494382022472
T100857,CUST2351,2023-10-03 06:41:00,51.1,Electronics,PayPal,Desktop,Bengaluru,0,41,165.13,1424,No,0,6,3,10,0.30945315811784657,0,3.9013698630136986,8.365008384572388
T100858,CUST9644,2023-04-21 04:40:00,66.56,Entertainment,PayPal,POS,Mumbai,0,106,152.34,1136,No,0,4,21,4,0.43691742155704344,0,3.1123287671232878,25.776149233844105
T100859,CUST8226,2023-10-20 22:13:00,5.44,Travel,Debit Card,Mobile,Kolkata,0,74,250.33,858,Yes,1,22,20,10,0.021731314664642672,0,2.350684931506849,22.085036794766967
T100860,CUST3361,2023-04-15 17:14:00,119.52,Fashion,Debit Card,Desktop,Chennai,0,60,101.68,123,No,0,17,15,4,1.175452399685287,0,0.336986301369863,44.877049180327866
T100861,CUST4834,2023-01-18 21:15:00,48.31,Travel,UPI,Desktop,Hyderabad,0,42,239.38,296,Yes,1,21,18,1,0.20181301696048126,0,0.810958904109589,23.19213313161876
T100862,CUST6591,2023-10-15 13:26:00,59.45,Entertainment,PayPal,Mobile,Kolkata,0,122,384.86,1898,Yes,1,13,15,10,0.1544717559632074,0,5.2,19.677419354838708
T100863,CUST3060,2024-01-09 09:32:00,46.49,Entertainment,Credit Card,Desktop,Delhi,0,179,424.24,1429,No,0,9,9,1,0.10958419762398643,0,3.915068493150685,36.41861761426979
T100864,CUST2122,2023-10-29 22:29:00,40.97,Entertainment,Credit Card,Desktop,Pune,0,11,198.73,1214,No,0,22,29,10,0.20615911035072712,0,3.326027397260274,2.542748575047498
T100865,CUST8097,2023-04-29 04:10:00,65.61,Food,Credit Card,POS,Bengaluru,0,163,312.48,643,No,0,4,29,4,0.2099654377880184,0,1.7616438356164383,59.022817460317455
T100866,CUST8407,2023-06-07 13:05:00,13.5,Health,UPI,POS,Kolkata,0,147,10.01,531,No,0,13,7,6,1.3486513486513487,0,1.4547945205479451,59.88281250000001
T100867,CUST2229,2023-01-05 22:16:00,16.06,Food,UPI,Desktop,Hyderabad,0,118,279.67,1430,No,0,22,5,1,0.05742482211177458,0,3.9178082191780823,23.99442896935933
T100868,CUST2520,2023-05-08 22:04:00,158.32,Health,NetBanking,Desktop,Bengaluru,0,65,487.87,1165,No,0,22,8,5,0.32451267755754604,0,3.191780821917808,15.506535947712418
T100869,CUST6304,2023-06-22 04:06:00,233.67,Grocery,Credit Card,Mobile,Delhi,0,189,163.01,607,No,0,4,22,6,1.4334703392429913,0,1.663013698630137,70.97222222222221
T100870,CUST6694,2024-01-11 10:12:00,37.38,Food,Credit Card,POS,Pune,0,47,301.44,1675,No,0,10,11,1,0.1240047770700637,0,4.589041095890411,8.409313725490195
T100871,CUST7475,2023-10-06 09:43:00,25.26,Travel,UPI,Mobile,Chennai,0,14,383.52,661,No,0,9,6,10,0.06586357947434293,0,1.810958904109589,4.980506822612085
T100872,CUST4379,2024-02-07 07:02:00,82.63,Health,UPI,Desktop,Kolkata,0,67,308.38,308,No,0,7,7,2,0.2679486348012193,0,0.8438356164383561,36.3372956909361
T100873,CUST8620,2023-10-15 21:31:00,42.04,Food,NetBanking,Mobile,Kolkata,0,180,215.06,783,No,0,21,15,10,0.19548033107039894,0,2.1452054794520548,57.22996515679443
T100874,CUST7766,2023-12-18 01:26:00,2.06,Fashion,NetBanking,Desktop,Kolkata,0,109,84.76,1486,No,0,1,18,12,0.02430391694195375,0,4.071232876712329,21.49378714208536
T100875,CUST2660,2023-08-23 16:05:00,13.58,Entertainment,Debit Card,POS,Delhi,0,160,237.21,1713,No,0,16,23,8,0.057248851228868934,0,4.693150684931507,28.103946102021172
T100876,CUST3741,2023-02-03 21:57:00,100.69,Health,PayPal,POS,Bengaluru,0,10,154.44,271,No,0,21,3,2,0.651968401968402,0,0.7424657534246575,5.738993710691824
T100877,CUST4235,2023-10-07 17:50:00,86.05,Health,Credit Card,Desktop,Bengaluru,0,124,351.0,1275,No,0,17,7,10,0.24515669515669514,0,3.493150684931507,27.597560975609756
T100878,CUST2899,2023-10-29 16:43:00,2.2,Food,Credit Card,POS,Delhi,0,17,226.54,812,No,0,16,29,10,0.00971130926105765,0,2.2246575342465755,5.271877655055225
T100879,CUST9479,2023-02-04 18:09:00,20.08,Grocery,NetBanking,Desktop,Kolkata,0,168,426.44,991,No,0,18,4,2,0.04708751524247256,0,2.7150684931506848,45.2212389380531
T100880,CUST2528,2023-05-29 18:00:00,21.02,Food,NetBanking,Mobile,Mumbai,0,196,104.73,1339,No,0,18,29,5,0.20070657882173207,0,3.6684931506849314,41.983568075117375
T100881,CUST6526,2024-02-06 23:57:00,89.15,Utilities,Debit Card,Desktop,Delhi,0,191,214.68,1014,No,0,23,6,2,0.41526923793553194,0,2.778082191780822,50.55474981870921
T100882,CUST5518,2024-02-17 20:39:00,1.59,Travel,PayPal,Mobile,Pune,0,143,283.18,33,No,0,20,17,2,0.0056148033053181725,0,0.09041095890410959,131.14321608040203
T100883,CUST2634,2023-09-01 14:15:00,8.79,Travel,Debit Card,Desktop,Pune,0,97,71.75,349,No,0,14,1,9,0.12250871080139372,0,0.9561643835616438,49.58683473389356
T100884,CUST4553,2023-02-09 16:24:00,128.72,Health,PayPal,POS,Chennai,0,167,298.08,1374,No,0,16,9,2,0.43183038110574345,0,3.7643835616438355,35.05175388154111
T100885,CUST1708,2023-04-29 05:29:00,15.73,Health,Credit Card,Desktop,Delhi,0,57,152.55,1061,No,0,5,29,4,0.10311373320222877,0,2.9068493150684933,14.58976157082749
T100886,CUST2328,2024-02-05 15:25:00,84.62,Food,Debit Card,Desktop,Hyderabad,0,138,122.47,1105,No,0,15,5,2,0.6909447211562015,0,3.0273972602739727,34.265306122448976
T100887,CUST8887,2023-07-28 12:21:00,21.76,Travel,NetBanking,Desktop,Pune,0,71,79.54,1053,No,0,12,28,7,0.2735730450088006,0,2.884931506849315,18.27574047954866
T100888,CUST9173,2024-02-16 06:29:00,8.38,Travel,Debit Card,POS,Pune,0,97,181.44,1195,No,0,6,16,2,0.04618606701940036,0,3.2739726027397262,22.69551282051282
T100889,CUST4499,2023-01-26 04:43:00,22.29,Grocery,Debit Card,Desktop,Pune,1,17,465.2,1879,No,0,4,26,1,0.04791487532244196,0,5.147945205479452,2.765151515151515
T100890,CUST6671,2023-03-22 05:31:00,102.49,Fashion,Credit Card,POS,Mumbai,0,76,25.19,808,Yes,1,5,22,3,4.068678046843985,1,2.213698630136986,23.648763853367434
T100891,CUST7126,2024-02-09 08:11:00,154.87,Grocery,NetBanking,Desktop,Hyderabad,0,17,427.56,856,No,0,8,9,2,0.36221816821030967,0,2.345205479452055,5.0819000819000815
T100892,CUST3997,2024-02-14 08:11:00,141.86,Utilities,NetBanking,Mobile,Kolkata,0,111,204.71,309,No,0,8,14,2,0.6929803136143814,0,0.8465753424657534,60.111275964391695
T100893,CUST3100,2023-02-10 08:26:00,40.49,Electronics,UPI,Desktop,Kolkata,0,120,285.18,1141,No,0,8,10,2,0.14198050354162284,0,3.126027397260274,29.083665338645417
T100894,CUST7737,2023-10-17 21:22:00,88.23,Entertainment,UPI,Mobile,Delhi,0,144,261.28,1213,No,0,21,17,10,0.33768371096142075,0,3.3232876712328765,33.30798479087453
T100895,CUST4022,2024-02-19 15:07:00,18.35,Grocery,UPI,POS,Mumbai,0,119,463.61,1014,No,0,15,19,2,0.0395806820387826,0,2.778082191780822,31.497461928934012
T100896,CUST8780,2023-03-29 07:14:00,27.75,Utilities,Credit Card,POS,Pune,0,78,387.36,1867,No,0,7,29,3,0.07163878562577447,0,5.115068493150685,12.755376344086022
T100897,CUST6672,2023-08-23 07:34:00,181.33,Food,Debit Card,Desktop,Kolkata,0,3,492.56,57,No,0,7,23,8,0.36813789183043694,0,0.15616438356164383,2.59478672985782
T100898,CUST1784,2023-11-08 23:47:00,1.05,Fashion,NetBanking,POS,Hyderabad,0,108,399.27,1581,No,0,23,8,11,0.002629799383875573,0,4.331506849315068,20.256937307297022
T100899,CUST8535,2023-08-10 15:56:00,7.15,Food,NetBanking,Desktop,Kolkata,0,51,154.99,839,No,0,15,10,8,0.046132008516678494,0,2.2986301369863016,15.4609634551495
T100900,CUST4691,2023-12-13 08:14:00,18.64,Entertainment,Debit Card,POS,Hyderabad,0,114,481.81,1924,No,0,8,13,12,0.03868744940951828,0,5.271232876712329,18.17824377457405
T100901,CUST3063,2023-05-14 14:09:00,2.15,Utilities,NetBanking,Mobile,Mumbai,0,94,491.95,301,Yes,1,14,14,5,0.0043703628417522105,0,0.8246575342465754,51.51651651651652
T100902,CUST5900,2024-02-10 08:29:00,16.02,Electronics,Debit Card,POS,Kolkata,1,174,70.32,1153,No,0,8,10,2,0.22781569965870307,0,3.158904109589041,41.83794466403162
T100903,CUST8668,2023-01-04 09:51:00,69.98,Fashion,Credit Card,Mobile,Pune,0,116,451.51,1961,No,0,9,4,1,0.15499103009900114,0,5.372602739726028,18.20292347377472
T100904,CUST7827,2024-01-10 02:46:00,43.77,Health,Credit Card,Desktop,Mumbai,1,183,335.46,1257,No,0,2,10,1,0.1304775532105169,0,3.4438356164383563,41.18064118372379
T100905,CUST9453,2023-01-28 10:31:00,178.55,Travel,Credit Card,Desktop,Bengaluru,0,105,461.78,219,No,0,10,28,1,0.38665598336870377,0,0.6,65.625
T100906,CUST6069,2023-06-02 22:40:00,136.06,Grocery,Debit Card,Desktop,Pune,0,99,458.71,575,No,0,22,2,6,0.2966144186959081,0,1.5753424657534247,38.441489361702125
T100907,CUST9229,2023-10-30 08:02:00,33.46,Utilities,Debit Card,Mobile,Mumbai,0,154,446.77,323,No,0,8,30,10,0.07489312174049288,0,0.8849315068493151,81.70058139534883
T100908,CUST4556,2023-07-12 22:25:00,24.03,Food,PayPal,Desktop,Delhi,0,76,443.79,1948,No,0,22,12,7,0.05414723179882377,0,5.336986301369863,11.993082576740164
T100909,CUST4860,2023-04-27 11:42:00,38.2,Electronics,NetBanking,Desktop,Kolkata,0,159,67.65,1996,No,0,11,27,4,0.5646711012564671,0,5.468493150684932,24.58068614993647
T100910,CUST1683,2023-11-15 16:52:00,71.39,Travel,NetBanking,Mobile,Pune,0,81,80.32,1843,No,0,16,15,11,0.888819721115538,0,5.049315068493151,13.389945652173912
T100911,CUST3379,2023-03-14 08:53:00,24.96,Grocery,PayPal,POS,Chennai,0,72,67.71,877,No,0,8,14,3,0.36863092600797526,0,2.4027397260273973,21.159420289855074
T100912,CUST2228,2023-01-18 08:28:00,78.28,Travel,PayPal,Desktop,Pune,0,147,54.6,1397,No,0,8,18,1,1.4336996336996337,0,3.8273972602739725,30.451191827468786
T100913,CUST7019,2023-07-24 23:29:00,42.13,Grocery,Credit Card,POS,Bengaluru,0,196,183.11,800,No,0,23,24,7,0.23008027961334718,0,2.191780821917808,61.407725321888414
T100914,CUST5413,2023-07-02 00:10:00,64.25,Utilities,PayPal,POS,Mumbai,0,143,345.14,798,No,0,0,2,7,0.18615634235382744,0,2.186301369863014,44.87962166809974
T100915,CUST6113,2023-12-02 23:06:00,45.83,Health,Debit Card,Desktop,Chennai,0,111,183.8,82,Yes,0,23,2,12,0.24934711643090313,0,0.22465753424657534,90.63758389261746
T100916,CUST8209,2024-02-19 16:27:00,27.9,Fashion,UPI,Desktop,Bengaluru,0,58,362.95,1757,No,0,16,19,2,0.07687009229921477,0,4.813698630136987,9.976437323279924
T100917,CUST5298,2023-11-13 16:53:00,237.22,Utilities,Debit Card,Mobile,Delhi,0,78,411.94,713,No,0,16,13,11,0.5758605622177987,0,1.9534246575342467,26.410018552875695
T100918,CUST7518,2023-09-23 17:56:00,115.38,Travel,PayPal,Mobile,Pune,1,158,336.45,1100,No,0,17,23,9,0.34293357111012035,0,3.0136986301369864,39.36518771331058
T100919,CUST9901,2023-04-15 22:13:00,12.08,Travel,NetBanking,Desktop,Kolkata,0,48,237.9,1040,No,0,22,15,4,0.05077763766288356,0,2.8493150684931505,12.469750889679716
T100920,CUST4796,2023-02-12 15:22:00,162.28,Travel,Debit Card,POS,Chennai,0,56,154.8,1475,No,0,15,12,2,1.0483204134366924,0,4.041095890410959,11.108695652173914
T100921,CUST2586,2023-11-14 13:58:00,53.47,Fashion,NetBanking,Mobile,Kolkata,0,42,70.96,732,No,0,13,14,11,0.7535231116121759,0,2.0054794520547947,13.97447584320875
T100922,CUST1781,2023-02-01 22:35:00,179.96,Electronics,Debit Card,Mobile,Mumbai,1,24,251.89,912,No,0,22,1,2,0.7144388423518203,0,2.4986301369863013,6.859827721221613
T100923,CUST9546,2023-08-19 19:15:00,128.7,Grocery,NetBanking,Desktop,Mumbai,0,110,362.6,494,No,0,19,19,8,0.35493656922228345,0,1.3534246575342466,46.740395809080326
T100924,CUST2490,2023-06-15 07:16:00,44.3,Utilities,Debit Card,Desktop,Delhi,0,52,278.64,582,No,0,7,15,6,0.15898650588573068,0,1.5945205479452054,20.042238648363252
T100925,CUST3608,2023-07-27 14:16:00,1.82,Utilities,NetBanking,Desktop,Bengaluru,0,171,363.53,946,No,0,14,27,7,0.005006464390834319,0,2.591780821917808,47.608695652173914
T100926,CUST4842,2023-12-16 17:58:00,25.03,Health,UPI,Desktop,Chennai,0,34,174.26,1482,No,0,17,16,12,0.14363594628715715,0,4.06027397260274,6.719003789929615
T100927,CUST6526,2023-09-02 10:22:00,62.41,Travel,Credit Card,Mobile,Delhi,0,188,42.73,1037,No,0,10,2,9,1.4605663468289258,0,2.841095890410959,48.944365192582026
T100928,CUST8589,2023-02-06 03:18:00,80.3,Entertainment,Debit Card,Mobile,Bengaluru,0,3,387.84,1450,No,1,3,6,2,0.20704414191419143,0,3.9726027397260273,0.6033057851239669
T100929,CUST6800,2023-01-21 22:27:00,23.86,Utilities,UPI,Mobile,Hyderabad,0,68,117.66,223,No,0,22,21,1,0.2027876933537311,0,0.6109589041095891,42.2108843537415
T100930,CUST3538,2024-01-18 01:41:00,12.01,Fashion,Credit Card,POS,Hyderabad,0,139,311.98,95,No,0,1,18,1,0.038496057439579456,0,0.2602739726027397,110.29347826086958
T100931,CUST7038,2023-12-08 04:33:00,144.11,Electronics,Debit Card,Mobile,Bengaluru,0,141,404.1,584,No,0,4,8,12,0.35661964860183126,0,1.6,54.230769230769226
T100932,CUST2588,2023-10-03 12:13:00,332.85,Utilities,UPI,Mobile,Mumbai,0,50,78.16,1755,No,0,12,3,10,4.258572159672467,1,4.808219178082192,8.608490566037736
T100933,CUST3110,2024-02-11 20:39:00,59.67,Grocery,UPI,Desktop,Mumbai,0,82,303.26,630,No,0,20,11,2,0.1967618545142782,0,1.726027397260274,30.080402010050253
T100934,CUST2294,2023-01-22 23:51:00,15.07,Fashion,UPI,Mobile,Hyderabad,0,19,347.79,1529,No,0,23,22,1,0.04333074556485235,0,4.189041095890411,3.6615628299894407
T100935,CUST8756,2023-01-20 04:52:00,25.43,Health,PayPal,Mobile,Mumbai,0,44,375.8,1741,No,0,4,20,1,0.06766897285790313,0,4.76986301369863,7.625830959164293
T100936,CUST9768,2023-07-06 16:18:00,1.48,Health,NetBanking,Mobile,Kolkata,0,161,82.36,1934,No,0,16,6,7,0.017969888295288974,0,5.298630136986302,25.561113527620705
T100937,CUST3293,2023-05-13 09:43:00,196.55,Grocery,Credit Card,Desktop,Mumbai,0,166,414.31,1079,No,0,9,13,5,0.4744032246385557,0,2.956164383561644,41.95983379501385
T100938,CUST2596,2023-10-14 17:34:00,10.02,Travel,NetBanking,Mobile,Bengaluru,0,3,56.13,1152,Yes,0,17,14,10,0.17851416354890431,0,3.1561643835616437,0.7218193803559658
T100939,CUST5522,2023-05-11 06:43:00,68.74,Health,NetBanking,Mobile,Pune,0,113,264.6,505,No,0,6,11,5,0.25978835978835974,0,1.3835616438356164,47.4080459770115
T100940,CUST3597,2023-11-08 15:29:00,25.62,Electronics,NetBanking,POS,Bengaluru,0,65,227.27,602,No,0,15,8,11,0.11272935275223303,0,1.6493150684931508,24.53464322647363
T100941,CUST6670,2023-07-15 23:12:00,64.63,Fashion,UPI,POS,Mumbai,0,163,118.67,1946,No,0,23,15,7,0.5446195331591809,0,5.331506849315068,25.744266551276507
T100942,CUST1014,2024-01-13 09:19:00,84.31,Utilities,NetBanking,POS,Bengaluru,0,164,157.95,791,No,0,9,13,1,0.5337765115542894,0,2.1671232876712327,51.78200692041523
T100943,CUST4337,2023-05-04 17:01:00,141.64,Electronics,PayPal,POS,Chennai,0,166,90.57,916,No,0,17,4,5,1.563873247212101,0,2.5095890410958903,47.29898516783763
T100944,CUST3718,2023-06-18 04:04:00,18.5,Travel,Debit Card,Desktop,Hyderabad,0,39,218.61,859,No,0,4,18,6,0.0846255889483555,0,2.3534246575342466,11.629901960784315
T100945,CUST8975,2023-05-18 08:32:00,0.88,Electronics,UPI,POS,Pune,0,153,27.4,1790,No,0,8,18,5,0.032116788321167884,0,4.904109589041096,25.91415313225058
T100946,CUST6911,2023-12-10 21:48:00,11.78,Electronics,Credit Card,Mobile,Chennai,1,64,445.57,111,No,1,21,10,12,0.02643804564939291,0,0.3041095890410959,49.075630252100844
T100947,CUST9846,2024-01-07 09:19:00,184.22,Food,Debit Card,POS,Chennai,0,104,90.11,1451,No,0,9,7,1,2.044390189768061,1,3.9753424657534246,20.90308370044053
T100948,CUST5545,2023-07-22 11:34:00,165.65,Electronics,Debit Card,Desktop,Mumbai,0,13,444.15,1747,No,0,11,22,7,0.3729595857255432,0,4.786301369863014,2.246685606060606
T100949,CUST6394,2023-12-26 13:00:00,72.79,Grocery,Debit Card,POS,Mumbai,0,68,433.15,1990,No,0,13,26,12,0.16804802031628768,0,5.4520547945205475,10.53927813163482
T100950,CUST1232,2023-08-19 11:54:00,73.41,Fashion,NetBanking,POS,Chennai,0,70,231.32,729,No,0,11,19,8,0.31735258516341,0,1.9972602739726026,23.354661791590495
T100951,CUST4913,2023-05-23 04:55:00,87.5,Food,NetBanking,Desktop,Chennai,0,75,253.89,1446,No,1,4,23,5,0.344637441411635,0,3.9616438356164383,15.115958034235229
T100952,CUST8521,2023-10-04 07:38:00,15.43,Fashion,UPI,Desktop,Delhi,0,1,157.94,73,No,0,7,4,10,0.09769532733949601,0,0.2,0.8333333333333334
T100953,CUST5190,2023-04-20 21:09:00,196.66,Fashion,NetBanking,Desktop,Delhi,1,182,498.47,853,No,0,21,20,4,0.39452725339538985,0,2.336986301369863,54.54022988505747
T100954,CUST7704,2023-01-26 23:51:00,43.41,Travel,NetBanking,Desktop,Kolkata,0,98,338.68,1531,No,0,23,26,1,0.1281740876343451,0,4.1945205479452055,18.866033755274263
T100955,CUST7058,2024-01-22 05:24:00,38.65,Travel,NetBanking,Desktop,Hyderabad,1,104,476.39,1824,No,1,5,22,1,0.08113100610844057,0,4.997260273972603,17.34125171311101
T100956,CUST1392,2023-04-02 03:21:00,58.54,Food,UPI,Desktop,Chennai,0,116,213.25,639,No,0,3,2,4,0.2745134818288394,0,1.7506849315068493,42.17131474103586
T100957,CUST3879,2024-01-18 20:33:00,3.85,Health,UPI,Mobile,Bengaluru,0,137,442.68,1918,No,0,20,18,1,0.008697027197975965,0,5.254794520547946,21.903197547087164
T100958,CUST7952,2023-06-26 01:27:00,14.55,Entertainment,PayPal,POS,Pune,0,164,229.63,1144,No,0,1,26,6,0.06336280102774028,0,3.1342465753424658,39.66865473823724
T100959,CUST4499,2023-08-26 09:26:00,107.16,Travel,PayPal,POS,Delhi,0,113,434.75,1880,No,0,9,26,8,0.24648648648648647,0,5.1506849315068495,18.37193763919822
T100960,CUST4887,2023-03-26 03:59:00,6.91,Entertainment,PayPal,Desktop,Mumbai,0,103,74.15,1382,No,1,3,26,3,0.09318948078219824,0,3.786301369863014,21.519748139668
T100961,CUST7979,2023-08-26 04:03:00,73.94,Travel,PayPal,Desktop,Chennai,1,37,322.06,1706,No,0,4,26,8,0.229584549462833,0,4.673972602739726,6.521004345726703
T100962,CUST5368,2023-05-05 02:24:00,22.52,Travel,Debit Card,Mobile,Bengaluru,1,106,342.56,1467,No,1,2,5,5,0.06574030826716487,0,4.019178082191781,21.118995633187772
T100963,CUST6823,2024-01-27 12:00:00,39.45,Fashion,Debit Card,Mobile,Pune,1,187,331.52,1874,No,0,12,27,1,0.11899734555984558,0,5.134246575342465,30.484591335417598
T100964,CUST8506,2023-08-19 19:13:00,27.25,Food,PayPal,Desktop,Bengaluru,0,108,229.04,1817,No,0,19,19,8,0.11897485155431366,0,4.978082191780822,18.065994500458295
T100965,CUST7357,2023-04-30 11:15:00,35.16,Fashion,PayPal,Mobile,Kolkata,1,21,345.12,749,No,0,11,30,4,0.10187760778859525,0,2.052054794520548,6.880610412926391
T100966,CUST1043,2023-02-17 21:46:00,101.57,Utilities,Credit Card,Mobile,Bengaluru,0,148,127.34,720,No,0,21,17,2,0.7976283964190356,0,1.9726027397260273,49.78801843317972
T100967,CUST2358,2023-03-14 19:55:00,28.21,Grocery,Debit Card,Desktop,Mumbai,0,129,301.97,1863,No,0,19,14,3,0.09341987614663708,0,5.104109589041096,21.13330341113106
T100968,CUST9886,2023-02-18 22:34:00,66.85,Fashion,Credit Card,Desktop,Delhi,0,187,281.58,1975,No,0,22,18,2,0.23741032743802826,0,5.410958904109589,29.16880341880342
T100969,CUST6893,2023-10-17 05:35:00,51.71,Entertainment,Credit Card,Desktop,Bengaluru,0,28,165.99,728,No,0,5,17,10,0.31152479065003913,0,1.9945205479452055,9.350411710887466
T100970,CUST7474,2023-10-16 05:24:00,87.17,Entertainment,NetBanking,Desktop,Pune,1,199,391.64,866,No,0,5,16,10,0.22257685629659893,0,2.372602739726027,59.004874086108856
T100971,CUST4339,2023-05-10 18:50:00,220.95,Grocery,UPI,POS,Delhi,1,184,49.63,139,No,0,18,10,5,4.451944388474712,1,0.38082191780821917,133.25396825396825
T100972,CUST6181,2023-04-01 11:18:00,105.51,Electronics,Debit Card,POS,Kolkata,0,108,94.01,248,No,0,11,1,4,1.1223274119774491,0,0.6794520547945205,64.30668841761828
T100973,CUST1067,2023-02-16 14:46:00,19.36,Electronics,PayPal,Desktop,Kolkata,0,9,240.86,492,No,0,14,16,2,0.08037864319521713,0,1.347945205479452,3.833138856476079
T100974,CUST5777,2023-11-15 09:34:00,2.53,Grocery,PayPal,Mobile,Hyderabad,0,193,446.95,889,No,0,9,15,11,0.005660588432710593,0,2.4356164383561643,56.1762360446571
T100975,CUST3014,2023-08-01 01:02:00,24.33,Grocery,UPI,Desktop,Mumbai,0,164,291.83,544,No,0,1,1,8,0.08337045540211767,0,1.4904109589041097,65.85258525852585
T100976,CUST5920,2023-10-22 01:55:00,72.32,Fashion,Debit Card,POS,Delhi,0,162,422.61,1606,No,0,1,22,10,0.17112704384657246,0,4.4,29.999999999999996
T100977,CUST5790,2024-02-11 15:23:00,4.22,Grocery,PayPal,Mobile,Kolkata,0,32,263.61,666,No,0,15,11,2,0.016008497401464282,0,1.8246575342465754,11.328806983511155
T100978,CUST3370,2023-03-24 10:17:00,54.87,Utilities,PayPal,POS,Kolkata,0,66,394.87,1310,No,0,10,24,3,0.13895712512978955,0,3.589041095890411,14.382089552238806
T100979,CUST1265,2023-11-18 21:57:00,72.67,Food,NetBanking,Desktop,Delhi,0,100,169.64,1246,No,0,21,18,11,0.4283777410987975,0,3.4136986301369863,22.65673494723774
T100980,CUST1602,2024-02-10 16:49:00,32.55,Electronics,Credit Card,POS,Bengaluru,0,153,409.42,656,Yes,1,16,10,2,0.07950271115236186,0,1.7972602739726027,54.69637610186093
T100981,CUST5331,2023-02-27 01:06:00,117.89,Electronics,PayPal,POS,Pune,0,179,206.83,99,No,1,1,27,2,0.5699850118454769,0,0.27123287671232876,140.8081896551724
T100982,CUST1426,2023-01-03 07:11:00,9.02,Utilities,Debit Card,POS,Bengaluru,0,191,283.83,488,No,0,7,3,1,0.031779586372124156,0,1.336986301369863,81.72919109026964
T100983,CUST7955,2023-11-01 22:50:00,6.25,Health,UPI,Mobile,Pune,0,173,96.18,1435,No,0,22,1,11,0.06498232480765231,0,3.9315068493150687,35.080555555555556
T100984,CUST5233,2023-02-15 16:56:00,104.21,Utilities,NetBanking,POS,Kolkata,0,154,461.01,1871,No,0,16,15,2,0.22604715732847444,0,5.126027397260274,25.138640429338103
T100985,CUST5591,2023-03-04 01:20:00,54.73,Utilities,Debit Card,Mobile,Kolkata,0,21,353.71,1547,No,1,1,4,3,0.15473127703485906,0,4.238356164383561,4.008891213389122
T100986,CUST5371,2023-09-02 15:48:00,93.28,Grocery,NetBanking,Desktop,Mumbai,0,82,430.84,1901,No,0,15,2,9,0.21650728808838549,0,5.208219178082191,13.208296557811122
T100987,CUST4512,2024-01-05 12:02:00,45.65,Travel,Credit Card,Desktop,Delhi,0,179,111.85,126,No,0,12,5,1,0.40813589628967367,0,0.3452054794520548,133.0651731160896
T100988,CUST3983,2023-12-19 14:28:00,22.63,Travel,PayPal,POS,Chennai,0,24,43.17,1781,No,0,14,19,12,0.5242066249710446,0,4.879452054794521,4.082013047530289
T100989,CUST2761,2023-04-14 23:59:00,136.79,Utilities,Debit Card,Mobile,Kolkata,0,111,175.23,1880,No,0,23,14,4,0.780631170461679,0,5.1506849315068495,18.046770601336302
T100990,CUST1981,2023-09-05 20:48:00,128.52,Grocery,UPI,Desktop,Pune,0,92,263.18,253,No,0,20,5,9,0.48833497986169166,0,0.6931506849315069,54.33656957928803
T100991,CUST7565,2023-03-18 13:33:00,94.92,Food,Credit Card,Mobile,Pune,0,12,403.16,1895,No,0,13,18,3,0.23544002381188608,0,5.191780821917808,1.9380530973451329
T100992,CUST4437,2023-10-10 06:53:00,25.41,Travel,Credit Card,Mobile,Bengaluru,0,139,204.89,860,No,0,6,10,10,0.12401776563033824,0,2.356164383561644,41.416326530612245
T100993,CUST4983,2023-10-15 06:45:00,71.37,Health,NetBanking,POS,Bengaluru,0,155,142.28,1334,No,0,6,15,10,0.5016165307843689,0,3.654794520547945,33.298999411418485
T100994,CUST3085,2023-07-31 06:07:00,35.82,Entertainment,Credit Card,POS,Kolkata,0,23,192.55,1959,No,0,6,31,7,0.18602960270059724,0,5.367123287671233,3.6123063683304646
T100995,CUST2670,2023-03-21 22:57:00,7.68,Grocery,Debit Card,Mobile,Kolkata,0,161,354.77,1386,No,0,22,21,3,0.021647828170363898,0,3.797260273972603,33.56082238720731
T100996,CUST6520,2023-01-10 12:39:00,199.42,Utilities,NetBanking,Mobile,Hyderabad,0,92,174.75,1945,No,0,12,10,1,1.141173104434907,0,5.328767123287672,14.536796536796535
T100997,CUST9969,2023-05-22 21:14:00,11.77,Food,Credit Card,POS,Pune,0,166,489.79,670,No,0,21,22,5,0.02403070703771004,0,1.8356164383561644,58.54106280193236
T100998,CUST8283,2023-10-10 00:54:00,240.04,Food,UPI,Mobile,Mumbai,0,183,95.74,1664,No,0,0,10,10,2.5072070190098183,1,4.558904109589041,32.92015771315919
T100999,CUST6148,2023-05-02 12:53:00,47.25,Fashion,Debit Card,POS,Delhi,0,198,379.02,1835,No,0,12,2,5,0.12466360614215609,0,5.027397260273973,32.85
T101000,CUST7397,2023-01-16 03:50:00,16.38,Food,UPI,Mobile,Delhi,0,170,298.69,1458,No,0,3,16,1,0.05483946566674478,0,3.9945205479452053,34.03730115194734
T101001,CUST7717,2024-01-04 20:02:00,62.45,Travel,UPI,POS,Delhi,0,123,124.22,525,No,0,20,4,1,0.5027370793753019,0,1.4383561643835616,50.443820224719104
T101002,CUST8960,2023-01-07 01:43:00,165.05,Utilities,NetBanking,Mobile,Pune,1,157,379.27,1812,No,0,1,7,1,0.43517810530756457,0,4.964383561643835,26.322921451538818
T101003,CUST4687,2023-05-09 22:35:00,105.41,Entertainment,PayPal,POS,Bengaluru,0,34,229.29,1239,No,0,22,9,5,0.4597234942649047,0,3.3945205479452056,7.736907730673316
T101004,CUST8693,2023-02-16 12:10:00,131.42,Travel,NetBanking,Mobile,Mumbai,0,125,344.38,1809,No,0,12,16,2,0.38161333410767173,0,4.956164383561644,20.986660533578657
T101005,CUST8600,2023-07-19 05:20:00,86.02,Grocery,Debit Card,Desktop,Delhi,0,57,334.51,1091,No,0,5,19,7,0.25715225254850377,0,2.989041095890411,14.289148351648352
T101006,CUST7000,2023-08-27 01:18:00,94.28,Entertainment,Debit Card,Desktop,Pune,1,3,64.22,798,No,0,1,27,8,1.4680784802242293,0,2.186301369863014,0.9415305245055889
T101007,CUST1336,2023-09-17 02:01:00,151.34,Grocery,NetBanking,Mobile,Chennai,0,6,421.59,1905,No,1,2,17,9,0.35897435897435903,0,5.219178082191781,0.9647577092511013
T101008,CUST6773,2023-01-10 21:16:00,22.98,Food,PayPal,Desktop,Kolkata,0,48,343.92,789,No,0,21,10,1,0.066817864619679,0,2.1616438356164385,15.181975736568457
T101009,CUST7257,2023-11-02 14:37:00,53.78,Health,NetBanking,Mobile,Hyderabad,0,102,392.49,1698,Yes,0,14,2,11,0.13702259930189303,0,4.652054794520548,18.04653417353369
T101010,CUST1703,2023-12-11 15:18:00,20.0,Electronics,Debit Card,Mobile,Hyderabad,0,192,229.41,517,Yes,1,15,11,12,0.08718015779608561,0,1.4164383561643836,79.45578231292517
T101011,CUST1540,2023-02-24 01:33:00,351.64,Entertainment,PayPal,Desktop,Delhi,0,120,105.58,585,Yes,0,1,24,2,3.3305550293616215,1,1.6027397260273972,46.10526315789474
T101012,CUST6829,2023-09-06 22:35:00,230.68,Utilities,Debit Card,Mobile,Bengaluru,0,13,169.84,1021,No,0,22,6,9,1.3582195007065474,0,2.797260273972603,3.423520923520923
T101013,CUST3269,2023-02-25 16:01:00,3.22,Fashion,PayPal,POS,Hyderabad,1,36,451.72,1758,No,0,16,25,2,0.007128309572301426,0,4.816438356164384,6.189354686764013
T101014,CUST6114,2023-12-08 22:14:00,97.82,Electronics,PayPal,Mobile,Hyderabad,1,70,469.63,1559,No,0,22,8,12,0.20829163383940547,0,4.271232876712329,13.27962577962578
T101015,CUST4408,2023-08-03 03:36:00,207.49,Food,NetBanking,Mobile,Hyderabad,0,33,246.11,518,No,1,3,3,8,0.8430782983218886,0,1.4191780821917808,13.640996602491505
T101016,CUST8022,2023-01-28 05:19:00,15.93,Food,NetBanking,Desktop,Hyderabad,1,105,156.41,86,No,1,5,28,1,0.1018477079470622,0,0.2356164383561644,84.97782705099779
T101017,CUST5679,2023-11-26 13:59:00,67.14,Utilities,NetBanking,POS,Delhi,0,57,367.85,541,No,0,13,26,11,0.18252004893298898,0,1.4821917808219178,22.9635761589404
T101018,CUST4955,2023-11-11 16:37:00,197.67,Electronics,PayPal,Mobile,Pune,0,55,385.34,1301,No,0,16,11,11,0.5129755540561582,0,3.5643835616438357,12.049819927971187
T101019,CUST9322,2023-06-07 13:02:00,2.76,Fashion,PayPal,Mobile,Mumbai,0,107,409.58,133,No,0,13,7,6,0.006738610283705259,0,0.3643835616438356,78.42369477911647
T101020,CUST6358,2023-05-01 09:25:00,95.63,Entertainment,Debit Card,Mobile,Mumbai,0,141,25.23,586,No,0,9,1,5,3.790328973444312,1,1.6054794520547946,54.116719242902214
T101021,CUST2657,2023-01-27 16:41:00,28.23,Entertainment,UPI,Mobile,Bengaluru,0,51,14.77,89,No,0,16,27,1,1.9113067027758972,0,0.24383561643835616,41.002202643171806
T101022,CUST7959,2024-01-06 21:48:00,206.58,Electronics,NetBanking,Mobile,Pune,0,92,185.01,1631,No,0,21,6,1,1.1165882925247286,0,4.468493150684932,16.82364729458918
T101023,CUST9151,2023-10-21 10:20:00,283.4,Grocery,Debit Card,Mobile,Kolkata,0,53,84.72,764,No,0,10,21,10,3.3451369216241735,1,2.0931506849315067,17.13463241806909
T101024,CUST3964,2023-11-10 08:46:00,230.97,Travel,Debit Card,POS,Chennai,0,36,404.44,1612,No,0,8,10,11,0.5710859459994065,0,4.416438356164384,6.646433990895296
T101025,CUST5538,2023-11-15 13:01:00,51.43,Health,Credit Card,POS,Mumbai,0,133,271.09,1291,No,0,13,15,11,0.1897155926076211,0,3.536986301369863,29.31461352657005
T101026,CUST8559,2023-07-01 20:05:00,158.46,Grocery,NetBanking,Mobile,Chennai,0,119,414.42,400,No,0,20,1,7,0.38236571594035035,0,1.095890410958904,56.77777777777778
T101027,CUST2448,2023-10-11 13:55:00,148.91,Entertainment,Debit Card,Mobile,Mumbai,1,25,96.69,55,No,0,13,11,10,1.5400765332505948,0,0.1506849315068493,21.726190476190478
T101028,CUST6052,2023-09-01 00:42:00,30.75,Travel,Credit Card,Desktop,Mumbai,0,81,317.34,422,No,0,0,1,9,0.09689922480620156,0,1.1561643835616437,37.56670902160102
T101029,CUST7105,2023-10-18 07:02:00,141.25,Health,NetBanking,POS,Bengaluru,0,37,294.28,1872,No,0,7,18,10,0.4799850482533642,0,5.1287671232876715,6.037103263299061
T101030,CUST4798,2023-10-22 19:39:00,3.02,Health,PayPal,POS,Hyderabad,0,19,176.79,635,No,0,19,22,10,0.017082414163697043,0,1.7397260273972603,6.935
T101031,CUST2198,2023-05-04 13:53:00,72.56,Health,Credit Card,Mobile,Bengaluru,0,35,263.37,139,No,0,13,4,5,0.2755059422105783,0,0.38082191780821917,25.34722222222222
T101032,CUST2266,2023-01-30 12:49:00,20.91,Food,PayPal,POS,Mumbai,0,107,298.62,1445,Yes,1,12,30,1,0.07002210166767128,0,3.958904109589041,21.577348066298345
T101033,CUST2348,2023-03-22 12:28:00,10.28,Utilities,UPI,POS,Pune,0,162,445.85,802,No,0,12,22,3,0.023057081978243802,0,2.197260273972603,50.66838046272493
T101034,CUST6597,2023-06-04 21:51:00,6.41,Health,UPI,Desktop,Hyderabad,0,54,37.26,283,No,0,21,4,6,0.1720343531937735,0,0.7753424657534247,30.416666666666664
T101035,CUST4777,2023-09-30 22:08:00,95.33,Fashion,UPI,Desktop,Pune,0,174,413.45,1860,No,0,22,30,9,0.23057201596323618,0,5.095890410958904,28.543820224719102
T101036,CUST6548,2024-01-31 08:07:00,33.23,Electronics,UPI,POS,Pune,0,6,490.28,1889,No,0,8,31,1,0.0677775964754834,0,5.175342465753425,0.9716060337178349
T101037,CUST6791,2023-11-21 21:29:00,103.21,Entertainment,Debit Card,POS,Pune,1,129,368.57,1605,No,0,21,21,11,0.2800282171636324,0,4.397260273972603,23.901015228426395
T101038,CUST5526,2023-07-10 00:47:00,5.41,Fashion,UPI,POS,Hyderabad,0,199,371.3,1857,No,1,0,10,7,0.014570428225154862,0,5.087671232876712,32.68901890189019
T101039,CUST4673,2023-03-02 09:31:00,30.3,Electronics,Debit Card,Mobile,Pune,0,34,116.81,946,No,0,9,2,3,0.2593955996918072,0,2.591780821917808,9.466056445461481
T101040,CUST9571,2024-01-03 22:12:00,62.03,Grocery,Debit Card,Desktop,Hyderabad,0,56,266.31,795,No,0,22,3,1,0.23292403589801358,0,2.1780821917808217,17.620689655172416
T101041,CUST8990,2023-05-23 07:22:00,125.13,Utilities,NetBanking,Mobile,Chennai,0,97,355.91,1150,No,0,7,23,5,0.35157764603410974,0,3.1506849315068495,23.36963696369637
T101042,CUST2890,2024-02-11 04:27:00,30.71,Grocery,Debit Card,Desktop,Kolkata,0,26,305.12,567,No,0,4,11,2,0.1006489250131096,0,1.5534246575342465,10.182403433476395
T101043,CUST9493,2023-01-16 02:57:00,78.66,Electronics,Debit Card,Desktop,Mumbai,0,170,198.71,1157,No,0,2,16,1,0.3958532534849781,0,3.16986301369863,40.76872536136662
T101044,CUST3081,2023-07-16 03:07:00,173.71,Fashion,UPI,Desktop,Delhi,0,91,470.66,644,No,0,3,16,7,0.3690774656864828,0,1.7643835616438357,32.91873141724479
T101045,CUST3051,2023-02-01 19:44:00,76.54,Electronics,Debit Card,POS,Pune,0,38,261.85,616,No,0,19,1,2,0.29230475463051364,0,1.6876712328767123,14.138634046890926
T101046,CUST8152,2023-07-25 13:45:00,21.22,Health,PayPal,Desktop,Bengaluru,0,154,485.24,626,No,0,13,25,7,0.04373093726815596,0,1.715068493150685,56.72048435923309
T101047,CUST3233,2023-12-25 18:34:00,1.98,Food,UPI,Mobile,Chennai,0,59,286.3,1549,No,0,18,25,12,0.006915822563744324,0,4.243835616438356,11.251306165099269
T101048,CUST8497,2024-01-05 23:26:00,163.28,Entertainment,Credit Card,Desktop,Bengaluru,0,127,398.76,1267,No,0,23,5,1,0.4094693550005016,0,3.4712328767123286,28.403799019607845
T101049,CUST6705,2023-01-31 00:04:00,1.72,Grocery,UPI,Mobile,Delhi,0,24,373.59,142,No,0,0,31,1,0.0046039776225273695,0,0.38904109589041097,17.27810650887574
T101050,CUST5411,2023-05-18 14:55:00,166.16,Entertainment,Debit Card,Desktop,Hyderabad,0,111,333.8,1365,No,0,14,18,5,0.49778310365488315,0,3.73972602739726,23.419075144508668
T101051,CUST4617,2023-08-24 14:24:00,60.22,Food,PayPal,Desktop,Delhi,0,21,17.09,598,No,0,14,24,8,3.5236980690462256,1,1.6383561643835616,7.959501557632398
T101052,CUST1907,2023-10-09 06:16:00,223.84,Health,UPI,POS,Bengaluru,0,60,47.94,984,No,0,6,9,10,4.6691697955778055,1,2.695890410958904,16.234247590808007
T101053,CUST2143,2023-03-13 02:47:00,128.27,Health,PayPal,Mobile,Delhi,0,90,294.93,925,No,0,2,13,3,0.434916759909131,0,2.5342465753424657,25.46511627906977
T101054,CUST6744,2023-05-22 07:44:00,494.58,Grocery,Credit Card,Desktop,Mumbai,0,148,456.77,1154,No,0,7,22,5,1.0827768899008254,0,3.1616438356164385,35.562870309414095
T101055,CUST1793,2023-04-29 11:56:00,34.55,Grocery,Credit Card,Desktop,Delhi,0,6,304.56,791,No,0,11,29,4,0.11344234305227212,0,2.1671232876712327,1.8944636678200693
T101056,CUST5802,2023-03-08 20:59:00,116.6,Health,NetBanking,Mobile,Pune,0,195,125.64,1700,No,0,20,8,3,0.9280483922317733,0,4.657534246575342,34.46731234866828
T101057,CUST8495,2023-07-18 15:12:00,41.12,Travel,NetBanking,Desktop,Mumbai,0,10,166.91,967,No,0,15,18,7,0.24636031394164518,0,2.649315068493151,2.74024024024024
T101058,CUST8028,2023-04-02 23:34:00,52.29,Entertainment,UPI,POS,Pune,0,140,315.35,682,No,0,23,2,4,0.16581576026637068,0,1.8684931506849316,48.80611270296084
T101059,CUST3043,2023-05-05 01:28:00,79.0,Utilities,NetBanking,Mobile,Kolkata,0,97,302.56,113,No,0,1,5,5,0.2611052353252247,0,0.3095890410958904,74.06903765690377
T101060,CUST3905,2023-12-12 01:30:00,165.51,Food,PayPal,POS,Kolkata,0,150,478.29,748,No,1,1,12,12,0.3460452863325597,0,2.0493150684931507,49.19137466307278
T101061,CUST1060,2023-12-16 22:36:00,331.23,Entertainment,NetBanking,Mobile,Delhi,0,190,269.25,1795,No,0,22,16,12,1.2301949860724235,0,4.917808219178082,32.10648148148148
T101062,CUST2309,2023-04-30 06:59:00,116.98,Food,PayPal,Mobile,Mumbai,0,189,183.96,1983,No,0,6,30,4,0.6358991085018483,0,5.432876712328767,29.38032367972743
T101063,CUST9381,2023-01-24 18:26:00,43.27,Travel,NetBanking,Mobile,Mumbai,0,80,267.25,897,No,0,18,24,1,0.1619083255378859,0,2.4575342465753423,23.1378763866878
T101064,CUST5976,2023-05-20 19:40:00,43.77,Utilities,NetBanking,Desktop,Kolkata,0,17,395.25,978,No,0,19,20,5,0.11074003795066414,0,2.6794520547945204,4.620253164556962
T101065,CUST5428,2023-12-19 23:31:00,107.03,Fashion,NetBanking,Mobile,Delhi,0,138,274.78,331,No,0,23,19,12,0.38951160928743,0,0.9068493150684932,72.37068965517241
T101066,CUST3488,2023-10-29 16:50:00,21.83,Food,Debit Card,Mobile,Chennai,0,140,169.77,1626,No,0,16,29,10,0.12858573363963008,0,4.454794520547945,25.665494726268207
T101067,CUST4178,2023-05-24 00:10:00,9.37,Entertainment,Debit Card,Mobile,Hyderabad,0,83,175.92,1270,No,0,0,24,5,0.05326284674852205,0,3.4794520547945207,18.52905198776758
T101068,CUST5155,2023-11-26 00:20:00,35.03,Electronics,NetBanking,POS,Hyderabad,0,40,380.84,597,No,1,0,26,11,0.09198088436088647,0,1.6356164383561644,15.176715176715176
T101069,CUST7218,2023-01-07 08:20:00,27.09,Utilities,PayPal,Mobile,Hyderabad,0,151,42.56,570,No,0,8,7,1,0.6365131578947368,0,1.5616438356164384,58.94652406417112
T101070,CUST3569,2023-11-09 17:47:00,28.11,Health,UPI,Desktop,Mumbai,0,168,144.63,1676,No,0,17,9,11,0.1943580170089193,0,4.5917808219178085,30.044096031357178
T101071,CUST4287,2023-11-23 11:39:00,21.28,Health,Credit Card,Mobile,Kolkata,0,74,84.99,121,No,0,11,23,11,0.25038239792916817,0,0.3315068493150685,55.57613168724279
T101072,CUST1891,2023-08-17 11:05:00,3.44,Travel,Debit Card,Mobile,Hyderabad,0,74,472.89,683,No,0,11,17,8,0.007274418998075662,0,1.8712328767123287,25.77290076335878
T101073,CUST4391,2024-01-29 03:59:00,1.44,Food,NetBanking,POS,Kolkata,0,50,54.15,1505,No,0,3,29,1,0.026592797783933517,0,4.123287671232877,9.759358288770054
T101074,CUST1996,2023-12-07 23:23:00,352.0,Fashion,Credit Card,Desktop,Mumbai,0,10,381.51,643,No,0,23,7,12,0.9226494718356006,0,1.7616438356164383,3.6210317460317456
T101075,CUST5164,2023-04-17 04:11:00,44.66,Food,Debit Card,Desktop,Kolkata,0,103,318.91,100,No,0,4,17,4,0.14003950957950517,0,0.273972602739726,80.84946236559139
T101076,CUST9935,2024-02-09 10:01:00,38.8,Health,UPI,Desktop,Chennai,0,94,320.07,1578,No,0,10,9,2,0.12122348236323303,0,4.323287671232877,17.65826042202779
T101077,CUST3963,2023-11-03 00:44:00,91.07,Grocery,PayPal,Mobile,Delhi,0,132,384.08,1454,No,0,0,3,11,0.2371120599875026,0,3.9835616438356163,26.487080813633867
T101078,CUST3046,2023-09-26 20:01:00,19.7,Electronics,NetBanking,Mobile,Kolkata,0,129,206.24,698,No,0,20,26,9,0.09551978277734677,0,1.9123287671232876,44.294449670743184
T101079,CUST4963,2023-03-31 04:01:00,239.6,Utilities,UPI,Desktop,Kolkata,0,43,206.36,110,No,0,4,31,3,1.1610777282419071,0,0.3013698630136986,33.0421052631579
T101080,CUST7076,2023-11-10 15:05:00,123.47,Travel,Debit Card,Desktop,Delhi,0,83,151.47,1153,No,0,15,10,11,0.8151449131841288,0,3.158904109589041,19.957180500658758
T101081,CUST1574,2023-02-11 16:34:00,7.49,Grocery,NetBanking,POS,Mumbai,1,133,302.9,624,No,0,16,11,2,0.024727632882139323,0,1.7095890410958905,49.08493427704752
T101082,CUST3650,2023-08-16 10:12:00,43.25,Entertainment,Credit Card,Desktop,Mumbai,1,104,465.6,247,No,0,10,16,8,0.09289089347079037,0,0.6767123287671233,62.02614379084967
T101083,CUST2217,2023-06-03 16:26:00,169.04,Fashion,PayPal,Mobile,Kolkata,0,34,462.75,913,No,0,16,3,6,0.36529443544030255,0,2.5013698630136987,9.710485133020343
T101084,CUST9762,2023-05-16 03:52:00,231.64,Grocery,Debit Card,Mobile,Chennai,0,194,354.45,778,No,1,3,16,5,0.6535195373113274,0,2.1315068493150684,61.951006124234475
T101085,CUST8689,2023-04-11 05:22:00,50.4,Entertainment,PayPal,Mobile,Hyderabad,0,24,454.03,154,No,1,5,11,4,0.11100588066867828,0,0.42191780821917807,16.878612716763005
T101086,CUST1759,2023-11-16 23:55:00,76.03,Grocery,NetBanking,POS,Chennai,0,142,482.12,230,No,0,23,16,11,0.1576993279681407,0,0.6301369863013698,87.109243697479
T101087,CUST7950,2023-03-22 02:55:00,14.62,Fashion,UPI,Desktop,Delhi,1,41,399.6,1055,No,1,2,22,3,0.03658658658658658,0,2.8904109589041096,10.538732394366198
T101088,CUST2265,2023-06-04 18:11:00,378.36,Utilities,PayPal,Mobile,Delhi,0,170,209.84,603,No,0,18,4,6,1.803088067098742,0,1.652054794520548,64.10123966942149
T101089,CUST7950,2024-01-13 17:01:00,21.08,Grocery,Credit Card,POS,Pune,0,13,246.78,1073,No,0,17,13,1,0.08542021233487315,0,2.9397260273972603,3.299721835883171
T101090,CUST9927,2023-06-16 13:01:00,228.8,Travel,Debit Card,POS,Hyderabad,0,157,466.32,1012,No,0,13,16,6,0.490650197289415,0,2.7726027397260276,41.6158315177923
T101091,CUST2294,2024-01-20 19:17:00,83.91,Health,Credit Card,Mobile,Kolkata,0,193,338.3,751,Yes,0,19,20,1,0.24803428909252143,0,2.0575342465753423,63.12275985663083
T101092,CUST1693,2023-06-26 18:35:00,74.87,Food,PayPal,POS,Delhi,0,174,412.14,981,No,0,18,26,6,0.18166157131071967,0,2.6876712328767125,47.184249628528974
T101093,CUST2579,2023-08-15 20:48:00,57.51,Grocery,UPI,POS,Pune,1,162,66.9,1911,No,1,20,15,8,0.8596412556053811,0,5.235616438356164,25.97978910369069
T101094,CUST2849,2023-04-06 02:47:00,20.98,Travel,UPI,Mobile,Mumbai,0,191,105.01,209,No,0,2,6,4,0.19979049614322444,0,0.5726027397260274,121.45470383275261
T101095,CUST9796,2023-12-01 17:16:00,15.54,Food,Credit Card,POS,Delhi,0,132,178.61,1462,No,0,17,1,12,0.08700520687531492,0,4.005479452054795,26.37110016420361
T101096,CUST9814,2023-02-15 04:54:00,19.93,Utilities,NetBanking,Mobile,Bengaluru,0,28,102.24,1115,No,0,4,15,2,0.19493348982785602,0,3.0547945205479454,6.905405405405405
T101097,CUST2341,2023-03-01 04:27:00,16.51,Entertainment,NetBanking,Mobile,Hyderabad,0,83,454.17,302,No,0,4,1,3,0.03635202677411542,0,0.8273972602739726,45.41979010494753
T101098,CUST5726,2023-10-12 17:20:00,120.98,Food,UPI,POS,Pune,0,129,116.28,836,No,0,17,12,10,1.0404196766425868,0,2.2904109589041095,39.20482930890925
T101099,CUST7981,2023-03-03 09:46:00,34.48,Entertainment,Credit Card,Mobile,Hyderabad,0,164,283.02,1806,No,0,9,3,3,0.12182884601794926,0,4.947945205479452,27.572547213265775
T101100,CUST8885,2023-10-17 04:11:00,4.77,Grocery,Credit Card,Mobile,Hyderabad,1,107,51.87,792,No,0,4,17,10,0.09196067090803932,0,2.16986301369863,33.75540190146932
T101101,CUST7562,2023-06-05 17:45:00,278.17,Travel,Credit Card,Desktop,Bengaluru,0,13,85.93,1063,No,0,17,5,6,3.2371697893634352,1,2.9123287671232876,3.3228291316526612
T101102,CUST4240,2023-07-31 06:19:00,172.19,Health,PayPal,Mobile,Chennai,0,114,131.23,728,No,0,6,31,7,1.31212375219081,0,1.9945205479452055,38.06953339432754
T101103,CUST5853,2023-07-25 09:08:00,210.21,Grocery,NetBanking,Desktop,Mumbai,0,106,491.62,950,No,0,9,25,7,0.4275863471787153,0,2.6027397260273974,29.422053231939163
T101104,CUST2681,2023-07-07 18:35:00,422.4,Entertainment,NetBanking,Desktop,Hyderabad,0,5,400.56,651,No,0,18,7,7,1.054523666866387,0,1.7835616438356163,1.796259842519685
T101105,CUST1931,2024-01-14 02:42:00,15.28,Fashion,PayPal,Desktop,Delhi,1,97,340.04,569,No,0,2,14,1,0.04493588989530643,0,1.558904109589041,37.906852248394
T101106,CUST8246,2024-02-03 15:24:00,40.37,Food,Debit Card,Desktop,Mumbai,0,14,458.97,1015,No,0,15,3,2,0.08795781859380786,0,2.780821917808219,3.7028985507246377
T101107,CUST3628,2023-12-02 09:24:00,113.58,Grocery,PayPal,POS,Delhi,0,80,478.54,489,No,0,9,2,12,0.2373469302461654,0,1.3397260273972602,34.192037470726
T101108,CUST5970,2023-10-22 23:47:00,95.26,Entertainment,Credit Card,POS,Mumbai,0,120,232.25,1114,No,0,23,22,10,0.41016146393972014,0,3.052054794520548,29.614604462474645
T101109,CUST8785,2023-01-05 21:00:00,13.37,Utilities,PayPal,Mobile,Kolkata,0,160,170.57,1111,No,0,21,5,1,0.07838424107404585,0,3.043835616438356,39.56639566395664
T101110,CUST3919,2024-01-02 23:35:00,135.35,Food,Credit Card,Mobile,Mumbai,0,178,164.5,329,No,0,23,2,1,0.8227963525835866,0,0.9013698630136986,93.61671469740634
T101111,CUST2338,2023-10-26 10:13:00,20.33,Utilities,UPI,Mobile,Pune,0,155,27.51,526,No,0,10,26,10,0.7390039985459832,0,1.441095890410959,63.49607182940516
T101112,CUST4232,2023-02-26 22:18:00,20.27,Entertainment,Credit Card,POS,Delhi,0,35,147.02,1392,No,0,22,26,2,0.13787239831315465,0,3.813698630136986,7.270916334661354
T101113,CUST5642,2023-01-09 16:55:00,61.6,Travel,NetBanking,Desktop,Delhi,0,3,183.97,1305,No,0,16,9,1,0.3348372017176714,0,3.5753424657534247,0.655688622754491
T101114,CUST7572,2023-04-12 12:44:00,71.9,Electronics,PayPal,POS,Kolkata,1,4,28.08,1460,No,0,12,12,4,2.560541310541311,1,4.0,0.8
T101115,CUST7974,2024-01-23 11:06:00,69.42,Utilities,Credit Card,POS,Mumbai,0,135,442.48,1309,No,0,11,23,1,0.1568884469354547,0,3.5863013698630137,29.43548387096774
T101116,CUST2143,2023-12-23 22:57:00,7.68,Grocery,Debit Card,Mobile,Hyderabad,0,131,425.45,1434,No,0,22,23,12,0.01805147490891997,0,3.9287671232876713,26.57865480822679
T101117,CUST4368,2023-05-07 00:06:00,167.95,Health,UPI,Mobile,Delhi,0,81,133.24,1198,No,0,0,7,5,1.260507355148604,0,3.282191780821918,18.915547024952012
T101118,CUST7693,2023-07-15 09:03:00,24.7,Grocery,Debit Card,Mobile,Kolkata,0,111,403.25,620,No,0,9,15,7,0.06125232486050837,0,1.6986301369863013,41.131979695431475
T101119,CUST4885,2023-05-29 05:46:00,11.1,Food,Debit Card,Desktop,Bengaluru,0,59,400.14,370,No,0,5,29,5,0.027740290898185634,0,1.0136986301369864,29.299319727891156
T101120,CUST5776,2023-07-02 22:44:00,175.68,Travel,Debit Card,Desktop,Bengaluru,0,74,174.16,1859,No,0,22,2,7,1.0087276067983464,0,5.093150684931507,12.14478417266187
T101121,CUST8265,2023-02-06 21:32:00,249.25,Entertainment,UPI,POS,Mumbai,0,129,351.56,1851,No,0,21,6,2,0.7089828194333826,0,5.071232876712329,21.24774368231047
T101122,CUST1988,2023-01-11 07:41:00,158.51,Fashion,UPI,Desktop,Chennai,0,156,152.03,432,Yes,0,7,11,1,1.0426231664802998,0,1.1835616438356165,71.44291091593476
T101123,CUST6779,2023-03-13 07:13:00,132.65,Health,UPI,Mobile,Mumbai,0,59,44.44,317,No,0,7,13,3,2.9849234923492354,1,0.8684931506849315,31.57624633431085
T101124,CUST8053,2023-11-21 02:08:00,85.19,Travel,UPI,Desktop,Kolkata,0,118,257.35,1018,No,1,2,21,11,0.3310277831746648,0,2.789041095890411,31.14244396240058
T101125,CUST7366,2023-08-23 21:11:00,64.03,Utilities,Debit Card,Desktop,Mumbai,0,181,224.78,243,No,0,21,23,8,0.2848563039416318,0,0.6657534246575343,108.6595394736842
T101126,CUST5019,2023-02-14 06:13:00,7.28,Utilities,NetBanking,Desktop,Hyderabad,0,138,77.69,561,No,0,6,14,2,0.09370575363624663,0,1.536986301369863,54.39524838012959
T101127,CUST3876,2023-12-03 11:40:00,42.0,Grocery,NetBanking,Desktop,Hyderabad,0,199,250.37,899,No,0,11,3,12,0.1677517274433838,0,2.463013698630137,57.464398734177216
T101128,CUST1888,2023-02-11 10:00:00,37.3,Fashion,UPI,Mobile,Pune,0,103,475.19,771,No,0,10,11,2,0.07849491782234475,0,2.1123287671232878,33.09419014084507
T101129,CUST4453,2023-09-16 10:53:00,24.06,Travel,PayPal,Mobile,Kolkata,0,131,368.38,1629,No,0,10,16,9,0.0653129920191107,0,4.463013698630137,23.979438314944833
T101130,CUST7748,2023-06-13 20:11:00,102.82,Electronics,Credit Card,POS,Chennai,0,135,372.05,1601,No,0,20,13,6,0.27636070420642384,0,4.3863013698630136,25.063580874872837
T101131,CUST1539,2023-10-22 07:37:00,54.79,Health,PayPal,POS,Kolkata,0,9,381.2,240,No,0,7,22,10,0.14373032528856244,0,0.6575342465753424,5.429752066115703
T101132,CUST3380,2023-01-14 07:23:00,6.76,Food,PayPal,POS,Kolkata,1,99,374.87,200,No,0,7,14,1,0.01803291807826713,0,0.547945205479452,63.955752212389385
T101133,CUST3268,2023-12-13 23:19:00,19.9,Travel,PayPal,Desktop,Chennai,0,197,19.75,567,No,0,23,13,12,1.0075949367088606,0,1.5534246575342465,77.15128755364807
T101134,CUST7445,2024-02-15 05:13:00,91.97,Travel,NetBanking,Desktop,Kolkata,1,141,463.1,1316,Yes,1,5,15,2,0.19859641546102352,0,3.6054794520547944,30.61570493753718
T101135,CUST4442,2024-02-08 08:42:00,6.33,Electronics,Credit Card,Mobile,Chennai,1,168,416.77,831,No,0,8,8,2,0.015188233318137102,0,2.276712328767123,51.27090301003345
T101136,CUST7417,2023-09-14 00:41:00,152.42,Grocery,PayPal,POS,Chennai,0,114,144.54,705,No,0,0,14,9,1.0545177805451778,0,1.9315068493150684,38.88785046728972
T101137,CUST3674,2023-10-18 23:57:00,54.68,Entertainment,UPI,Mobile,Chennai,0,62,280.84,419,No,0,23,18,10,0.19470160945734227,0,1.1479452054794521,28.864795918367346
T101138,CUST5292,2023-02-02 20:05:00,52.4,Entertainment,NetBanking,POS,Kolkata,0,62,311.35,450,No,0,20,2,2,0.16829934157700335,0,1.2328767123287672,27.766871165644172
T101139,CUST9479,2023-05-27 01:31:00,71.8,Health,UPI,POS,Kolkata,0,10,74.65,91,No,0,1,27,5,0.9618218352310782,0,0.2493150684931507,8.00438596491228
T101140,CUST5539,2023-02-05 02:29:00,139.29,Health,UPI,POS,Mumbai,0,87,134.44,115,No,1,2,5,2,1.0360755727462065,0,0.3150684931506849,66.15625
T101141,CUST1758,2023-08-12 17:16:00,34.19,Food,PayPal,Desktop,Kolkata,0,11,21.39,1042,Yes,0,17,12,8,1.598410472183263,0,2.8547945205479452,2.853589196872779
T101142,CUST3247,2023-12-21 00:33:00,90.66,Travel,UPI,POS,Mumbai,1,62,433.34,1638,No,0,0,21,12,0.20921216596667744,0,4.487671232876712,11.298052920619071
T101143,CUST8907,2023-09-10 17:01:00,66.73,Fashion,Credit Card,POS,Pune,0,77,22.2,520,No,0,17,10,9,3.0058558558558564,1,1.4246575342465753,31.757062146892657
T101144,CUST8426,2024-02-17 19:34:00,24.85,Travel,UPI,Desktop,Bengaluru,1,104,166.16,925,No,1,19,17,2,0.14955464612421762,0,2.5342465753424657,29.426356589147286
T101145,CUST9046,2024-02-15 07:47:00,168.71,Entertainment,PayPal,POS,Bengaluru,0,56,48.34,89,No,0,7,15,2,3.4900703351261892,1,0.24383561643835616,45.02202643171806
T101146,CUST2590,2024-02-06 10:51:00,127.73,Food,UPI,Desktop,Pune,0,110,392.89,506,No,0,10,6,2,0.3251037185980809,0,1.3863013698630138,46.09644087256028
T101147,CUST6423,2023-02-13 15:03:00,85.94,Travel,NetBanking,Desktop,Pune,0,49,463.24,349,No,0,15,13,2,0.18551938519989639,0,0.9561643835616438,25.04901960784314
T101148,CUST7565,2023-09-15 07:05:00,152.08,Electronics,NetBanking,Mobile,Delhi,0,16,285.78,719,No,0,7,15,9,0.5321576037511373,0,1.9698630136986301,5.387453874538746
T101149,CUST1029,2023-11-16 18:58:00,161.57,Entertainment,NetBanking,Desktop,Mumbai,0,73,78.39,81,No,0,18,16,11,2.0611047327465237,1,0.2219178082191781,59.742152466367706
T101150,CUST2723,2023-12-10 13:06:00,98.58,Travel,Debit Card,Desktop,Chennai,0,116,283.5,686,Yes,0,13,10,12,0.3477248677248677,0,1.8794520547945206,40.28544243577545
T101151,CUST6286,2023-06-21 05:40:00,145.13,Travel,NetBanking,Desktop,Delhi,1,93,387.47,857,No,0,5,21,6,0.3745580302991199,0,2.347945205479452,27.77823240589198
T101152,CUST7788,2023-12-11 04:06:00,95.65,Entertainment,NetBanking,POS,Hyderabad,0,137,362.02,1130,No,0,4,11,12,0.26421192199326005,0,3.095890410958904,33.448160535117054
T101153,CUST1698,2024-02-19 22:58:00,91.19,Fashion,Debit Card,Mobile,Mumbai,0,33,373.44,148,No,0,22,19,2,0.24418916023993145,0,0.4054794520547945,23.47953216374269
T101154,CUST2734,2023-08-31 15:18:00,77.11,Entertainment,NetBanking,POS,Kolkata,0,88,146.8,750,No,0,15,31,8,0.5252724795640327,0,2.0547945205479454,28.807174887892376
T101155,CUST5106,2024-02-20 09:25:00,111.78,Electronics,PayPal,Desktop,Pune,0,163,46.13,1235,No,0,9,20,2,2.4231519618469544,1,3.3835616438356166,37.184375
T101156,CUST5465,2023-11-17 01:41:00,13.82,Electronics,NetBanking,Desktop,Bengaluru,0,39,82.99,535,No,0,1,17,11,0.16652608748041933,0,1.4657534246575343,15.816666666666666
T101157,CUST9228,2023-07-06 02:53:00,170.2,Travel,NetBanking,Mobile,Mumbai,0,114,478.2,1703,No,0,2,6,7,0.355918025930573,0,4.6657534246575345,20.12088974854932
T101158,CUST3843,2024-02-11 16:41:00,164.36,Health,Debit Card,Mobile,Pune,0,77,310.62,666,No,0,16,11,2,0.529135277831434,0,1.8246575342465754,27.259941804073716
T101159,CUST8319,2023-03-24 04:44:00,2.37,Fashion,PayPal,Desktop,Mumbai,0,87,366.67,182,No,0,4,24,3,0.006463577603839965,0,0.4986301369863014,58.053016453382085
T101160,CUST3677,2023-11-25 01:54:00,139.81,Travel,UPI,Desktop,Kolkata,0,153,450.54,1071,No,0,1,25,11,0.3103165090779953,0,2.9342465753424656,38.889275766016716
T101161,CUST5039,2023-03-29 06:05:00,11.04,Entertainment,Credit Card,POS,Mumbai,0,114,427.85,1117,Yes,1,6,29,3,0.025803435783569004,0,3.0602739726027397,28.076923076923073
T101162,CUST5158,2024-01-10 03:22:00,32.65,Travel,PayPal,Desktop,Kolkata,0,56,117.02,526,No,0,3,10,1,0.27901213467783287,0,1.441095890410959,22.940516273849607
T101163,CUST5910,2023-08-23 14:58:00,108.85,Food,UPI,POS,Mumbai,0,176,38.45,1801,No,0,14,23,8,2.830949284785435,1,4.934246575342466,29.658356417359187
T101164,CUST6551,2023-09-18 05:53:00,14.02,Food,PayPal,Mobile,Hyderabad,0,138,463.31,108,No,0,5,18,9,0.030260516716669184,0,0.2958904109589041,106.49048625792811
T101165,CUST5488,2023-06-12 04:26:00,136.29,Health,UPI,POS,Bengaluru,0,41,491.02,88,No,1,4,12,6,0.27756506863264224,0,0.2410958904109589,33.035320088300224
T101166,CUST1501,2023-10-29 11:35:00,142.77,Fashion,UPI,Desktop,Mumbai,0,104,288.0,1464,No,0,11,29,10,0.4957291666666667,0,4.010958904109589,20.754510661563696
T101167,CUST5189,2023-11-15 15:32:00,56.66,Grocery,PayPal,POS,Pune,0,99,445.32,792,No,0,15,15,11,0.12723434833378244,0,2.16986301369863,31.23163353500432
T101168,CUST2924,2023-05-25 02:29:00,0.51,Utilities,Debit Card,POS,Hyderabad,0,59,123.59,855,No,0,2,25,5,0.0041265474552957355,0,2.3424657534246576,17.651639344262296
T101169,CUST7617,2024-02-04 12:46:00,27.07,Food,PayPal,Mobile,Delhi,0,156,64.41,1114,No,0,12,4,2,0.42027635460332247,0,3.052054794520548,38.49898580121704
T101170,CUST8546,2023-07-04 20:20:00,76.76,Grocery,PayPal,POS,Mumbai,0,122,254.91,1520,No,0,20,4,7,0.30112588756816133,0,4.164383561643835,23.623342175066313
T101171,CUST9712,2023-02-06 03:11:00,317.85,Electronics,UPI,Desktop,Kolkata,1,120,407.48,1683,No,1,3,6,2,0.7800382840875626,0,4.610958904109589,21.38671875
T101172,CUST5827,2023-09-19 10:36:00,79.93,Food,Credit Card,POS,Hyderabad,0,41,330.78,1132,No,0,10,19,9,0.24164096982888933,0,3.1013698630136988,9.996659986639946
T101173,CUST9612,2023-09-13 19:37:00,24.07,Food,UPI,POS,Chennai,0,66,322.29,1802,No,0,19,13,9,0.07468429054578174,0,4.936986301369863,11.116751269035532
T101174,CUST8552,2023-07-09 07:20:00,80.41,Fashion,NetBanking,POS,Delhi,0,179,18.55,1892,No,0,7,9,7,4.334770889487871,1,5.183561643835616,28.947718210013296
T101175,CUST7814,2024-01-03 19:55:00,62.12,Health,PayPal,Desktop,Bengaluru,0,62,165.57,1736,Yes,1,19,3,1,0.37518874192184576,0,4.756164383561644,10.77106139933365
T101176,CUST6675,2023-01-28 21:02:00,121.07,Grocery,PayPal,POS,Mumbai,0,158,470.35,1541,No,0,21,28,1,0.2574040608057829,0,4.221917808219178,30.257082896117524
T101177,CUST9301,2023-09-01 22:49:00,9.05,Entertainment,Debit Card,Desktop,Mumbai,0,40,75.79,273,No,0,22,1,9,0.11940889299379866,0,0.7479452054794521,22.88401253918495
T101178,CUST8502,2023-09-01 10:03:00,114.51,Food,UPI,POS,Hyderabad,0,40,365.92,237,No,0,10,1,9,0.31293725404459993,0,0.6493150684931507,24.25249169435216
T101179,CUST7502,2023-10-04 18:21:00,62.34,Food,Debit Card,Mobile,Bengaluru,0,197,382.06,885,No,0,18,4,10,0.16316808878186673,0,2.4246575342465753,57.524
T101180,CUST5934,2023-02-20 23:54:00,263.73,Fashion,PayPal,Mobile,Chennai,0,102,369.09,1140,No,0,23,20,2,0.7145411688206129,0,3.1232876712328768,24.737541528239202
T101181,CUST4362,2023-07-20 01:08:00,33.47,Fashion,UPI,Mobile,Delhi,0,190,494.75,1704,No,0,1,20,7,0.06765032844871147,0,4.668493150684932,33.51860802319961
T101182,CUST1004,2023-09-25 01:37:00,80.11,Health,UPI,Desktop,Pune,1,15,210.51,629,No,1,1,25,9,0.3805519927794404,0,1.7232876712328766,5.508048289738431
T101183,CUST1445,2023-12-06 14:12:00,215.09,Grocery,NetBanking,Desktop,Bengaluru,0,124,344.27,674,No,0,14,6,12,0.6247712551195284,0,1.8465753424657534,43.56111645813282
T101184,CUST3456,2023-07-29 06:22:00,8.65,Electronics,NetBanking,Desktop,Mumbai,0,131,104.89,68,No,0,6,29,7,0.08246734674420822,0,0.1863013698630137,110.42725173210161
T101185,CUST5637,2023-05-28 14:02:00,221.46,Entertainment,Credit Card,POS,Hyderabad,0,24,205.86,1229,No,0,14,28,5,1.0757796560769455,0,3.367123287671233,5.495608531994981
T101186,CUST3353,2023-10-19 11:35:00,93.15,Health,NetBanking,Desktop,Chennai,0,169,250.86,507,No,0,11,19,10,0.371322650083712,0,1.389041095890411,70.73967889908258
T101187,CUST1996,2024-02-04 07:50:00,5.62,Utilities,UPI,Desktop,Hyderabad,0,191,115.27,1645,No,0,7,4,2,0.04875509672941789,0,4.506849315068493,34.68407960199005
T101188,CUST1004,2023-09-08 05:29:00,28.64,Electronics,NetBanking,Desktop,Delhi,0,48,454.34,49,No,0,5,8,9,0.06303649249460756,0,0.13424657534246576,42.31884057971015
T101189,CUST7344,2024-02-12 05:07:00,98.53,Travel,Credit Card,Desktop,Kolkata,0,189,360.94,250,No,0,5,12,2,0.2729816590014961,0,0.684931506849315,112.17073170731707
T101190,CUST8390,2023-12-14 00:52:00,5.58,Food,PayPal,Mobile,Kolkata,0,48,149.04,1902,No,0,0,14,12,0.03743961352657005,0,5.210958904109589,7.728275253639171
T101191,CUST4411,2023-01-08 18:52:00,69.81,Grocery,NetBanking,POS,Bengaluru,0,47,76.13,304,No,0,18,8,1,0.9169841061342442,0,0.8328767123287671,25.642750373692078
T101192,CUST8686,2023-02-02 22:32:00,33.96,Health,UPI,Mobile,Hyderabad,0,184,151.05,1753,No,0,22,2,2,0.22482621648460774,0,4.802739726027397,31.709159584513692
T101193,CUST6080,2023-06-30 00:55:00,77.6,Food,PayPal,POS,Pune,0,105,315.26,1207,No,1,0,30,6,0.24614603819069972,0,3.3068493150684932,24.37977099236641
T101194,CUST3726,2023-05-28 08:12:00,3.75,Grocery,UPI,POS,Pune,0,113,414.94,492,No,0,8,28,5,0.009037451197763531,0,1.347945205479452,48.1271878646441
T101195,CUST4770,2023-03-30 07:37:00,164.17,Grocery,PayPal,Mobile,Kolkata,0,8,256.55,1462,No,0,7,30,3,0.6399142467355291,0,4.005479452054795,1.598248494800219
T101196,CUST2513,2023-10-19 20:26:00,290.42,Grocery,UPI,Desktop,Kolkata,1,18,60.22,1708,No,0,20,19,10,4.82265028229824,1,4.67945205479452,3.1693198263386395
T101197,CUST9715,2023-09-06 07:31:00,277.59,Food,NetBanking,Mobile,Hyderabad,0,108,132.16,280,Yes,0,7,6,9,2.1004085956416465,1,0.7671232876712328,61.116279069767444
T101198,CUST1009,2023-10-15 01:49:00,110.79,Health,NetBanking,POS,Mumbai,0,84,179.12,241,No,0,1,15,10,0.6185238945958017,0,0.6602739726027397,50.59405940594059
T101199,CUST6293,2023-03-03 23:32:00,11.15,Entertainment,Credit Card,POS,Hyderabad,0,151,321.71,1531,No,0,23,3,3,0.034658543408659974,0,4.1945205479452055,29.06909282700422
T101200,CUST6139,2023-09-19 06:52:00,113.59,Fashion,PayPal,Desktop,Chennai,0,197,130.86,1714,No,0,6,19,9,0.8680268989760048,0,4.695890410958904,34.58633958633959
T101201,CUST5740,2023-06-16 00:32:00,1.99,Food,Credit Card,Mobile,Bengaluru,0,65,124.62,716,No,0,0,16,6,0.015968544374899696,0,1.9616438356164383,21.9472710453284
T101202,CUST2813,2023-07-10 12:35:00,1.79,Utilities,Debit Card,POS,Delhi,0,109,150.24,448,No,0,12,10,7,0.011914270500532481,0,1.2273972602739727,48.9360393603936
T101203,CUST9155,2023-03-17 21:12:00,31.28,Grocery,NetBanking,Mobile,Pune,0,46,300.34,1225,No,0,21,17,3,0.10414863155090898,0,3.356164383561644,10.559748427672954
T101204,CUST6151,2023-08-24 19:34:00,53.66,Health,PayPal,Desktop,Hyderabad,0,66,251.39,536,No,0,19,24,8,0.2134532002068499,0,1.4684931506849315,26.7369589345172
T101205,CUST8379,2023-03-21 05:09:00,117.72,Entertainment,Credit Card,Desktop,Chennai,0,80,422.4,675,No,0,5,21,3,0.2786931818181818,0,1.8493150684931507,28.07692307692308
T101206,CUST1599,2023-01-15 16:09:00,91.98,Travel,Credit Card,POS,Kolkata,1,197,351.99,1681,No,0,16,15,1,0.26131424188187163,0,4.605479452054794,35.144183773216035
T101207,CUST8883,2023-01-25 00:22:00,47.23,Utilities,Debit Card,Desktop,Pune,0,150,336.74,898,No,1,0,25,1,0.14025657777513809,0,2.4602739726027396,43.34916864608076
T101208,CUST2786,2023-10-16 16:26:00,25.58,Electronics,Credit Card,POS,Pune,0,193,85.78,1256,No,0,16,16,10,0.29820470972254604,0,3.441095890410959,43.45774213448489
T101209,CUST4186,2023-11-26 03:22:00,468.12,Utilities,UPI,POS,Delhi,0,140,37.06,1972,No,0,3,26,11,12.631408526713438,1,5.402739726027397,21.86563970902867
T101210,CUST8724,2024-01-20 22:14:00,44.44,Grocery,NetBanking,Desktop,Pune,0,147,259.9,521,No,0,22,20,1,0.17098884186225471,0,1.4273972602739726,60.558690744920995
T101211,CUST2036,2023-05-22 04:20:00,48.03,Travel,Credit Card,Desktop,Chennai,0,150,45.1,324,No,0,4,22,5,1.0649667405764967,0,0.8876712328767123,79.46298984034833
T101212,CUST1199,2023-03-30 15:57:00,14.29,Fashion,Credit Card,Mobile,Pune,0,183,188.37,486,No,0,15,30,3,0.07586133673090194,0,1.3315068493150686,78.49001175088131
T101213,CUST6861,2023-08-10 14:48:00,126.71,Entertainment,Debit Card,Mobile,Pune,1,106,22.8,1199,No,0,14,10,8,5.557456140350877,1,3.2849315068493152,24.737851662404093
T101214,CUST1949,2023-05-20 14:34:00,94.65,Entertainment,UPI,POS,Hyderabad,0,126,96.64,1291,No,0,14,20,5,0.9794081125827815,0,3.536986301369863,27.77173913043478
T101215,CUST3778,2023-01-03 22:03:00,19.96,Grocery,Credit Card,Mobile,Hyderabad,0,190,64.08,769,No,0,22,3,1,0.31148564294631714,0,2.106849315068493,61.15520282186949
T101216,CUST7529,2023-10-24 09:09:00,6.88,Utilities,NetBanking,POS,Kolkata,0,179,402.48,1820,No,0,9,24,10,0.017094017094017092,0,4.986301369863014,29.901601830663612
T101217,CUST4935,2023-07-23 14:32:00,91.28,Utilities,NetBanking,Desktop,Bengaluru,0,176,179.6,453,No,0,14,23,7,0.5082405345211581,0,1.2410958904109588,78.53300733496333
T101218,CUST2550,2023-12-04 10:57:00,85.02,Entertainment,Credit Card,Desktop,Mumbai,0,145,48.63,1037,No,0,10,4,12,1.7483035163479332,0,2.841095890410959,37.74964336661912
T101219,CUST6232,2023-03-18 03:23:00,25.53,Travel,UPI,Mobile,Chennai,0,13,140.09,321,No,0,3,18,3,0.1822399885787708,0,0.8794520547945206,6.9169096209912535
T101220,CUST9460,2023-05-28 15:23:00,241.05,Grocery,NetBanking,POS,Mumbai,0,28,344.58,185,No,0,15,28,5,0.6995472749434094,0,0.5068493150684932,18.581818181818182
T101221,CUST9333,2023-12-20 06:57:00,13.1,Food,NetBanking,POS,Mumbai,0,123,375.36,1904,No,0,6,20,12,0.03489982949701619,0,5.2164383561643834,19.78624944909652
T101222,CUST5603,2023-10-28 20:11:00,45.3,Health,UPI,Mobile,Pune,0,67,68.73,379,No,0,20,28,10,0.6591008293321693,0,1.0383561643835617,32.869623655913976
T101223,CUST8241,2023-10-14 21:42:00,230.05,Travel,UPI,POS,Kolkata,0,5,391.5,1495,No,0,21,14,10,0.5876117496807153,0,4.095890410958904,0.9811827956989247
T101224,CUST5894,2024-02-20 17:18:00,43.54,Health,Credit Card,POS,Delhi,0,100,191.57,1987,Yes,0,17,20,2,0.22727984548728924,0,5.443835616438356,15.518707482993197
T101225,CUST5810,2023-09-19 16:57:00,81.41,Food,PayPal,Desktop,Delhi,1,188,342.9,272,No,1,16,19,9,0.23741615631379412,0,0.7452054794520548,107.723704866562
T101226,CUST1143,2023-07-18 04:42:00,40.55,Food,Debit Card,POS,Pune,0,143,339.04,1260,No,0,4,18,7,0.11960240679565831,0,3.452054794520548,32.120000000000005
T101227,CUST8715,2023-10-16 00:42:00,25.64,Health,PayPal,POS,Kolkata,0,81,398.86,1481,Yes,0,0,16,10,0.06428320714034999,0,4.057534246575343,16.015709642470206
T101228,CUST2643,2023-06-16 09:09:00,330.7,Travel,PayPal,POS,Chennai,0,44,351.62,1819,No,0,9,16,6,0.9405039531312211,0,4.983561643835617,7.353479853479853
T101229,CUST2856,2023-01-31 17:35:00,42.12,Health,NetBanking,Mobile,Mumbai,0,119,29.05,1001,No,0,17,31,1,1.4499139414802065,0,2.7424657534246575,31.79721815519766
T101230,CUST5189,2023-01-01 18:56:00,179.62,Health,UPI,Mobile,Bengaluru,0,46,264.55,287,No,0,18,1,1,0.6789642789642789,0,0.7863013698630137,25.75153374233129
T101231,CUST2456,2024-01-01 05:45:00,20.9,Electronics,NetBanking,Mobile,Kolkata,0,157,91.43,614,Yes,1,5,1,1,0.22859017827846437,0,1.6821917808219178,58.53421859039837
T101232,CUST2210,2023-06-14 10:00:00,19.17,Travel,Debit Card,POS,Mumbai,0,68,485.28,64,No,0,10,14,6,0.03950296735905045,0,0.17534246575342466,57.85547785547786
T101233,CUST7913,2023-04-13 01:27:00,2.53,Utilities,Credit Card,POS,Delhi,0,128,135.36,1182,No,0,1,13,4,0.01869089834515366,0,3.2383561643835614,30.200387847446674
T101234,CUST2138,2023-01-31 10:54:00,84.37,Utilities,Debit Card,Mobile,Mumbai,0,49,215.85,459,No,0,10,31,1,0.3908732916377114,0,1.2575342465753425,21.70509708737864
T101235,CUST6162,2023-02-14 15:40:00,36.78,Electronics,NetBanking,Mobile,Hyderabad,0,171,106.38,1753,No,0,15,14,2,0.3457416807670615,0,4.802739726027397,29.468838526912183
T101236,CUST1558,2023-08-14 04:39:00,159.82,Grocery,NetBanking,POS,Hyderabad,0,102,75.95,1372,No,0,4,14,8,2.1042791310072415,1,3.758904109589041,21.43350604490501
T101237,CUST2522,2023-06-25 12:25:00,51.28,Entertainment,NetBanking,POS,Bengaluru,1,196,304.46,124,No,0,12,25,6,0.16842935032516587,0,0.33972602739726027,146.29856850715748
T101238,CUST9724,2023-05-13 16:32:00,275.85,Utilities,NetBanking,Desktop,Chennai,0,77,251.66,249,No,0,16,13,5,1.096121751569578,0,0.6821917808219178,45.773615635179155
T101239,CUST6111,2023-12-08 05:19:00,16.42,Health,PayPal,Mobile,Mumbai,1,20,193.58,330,No,0,5,8,12,0.08482281227399525,0,0.9041095890410958,10.503597122302159
T101240,CUST7098,2023-06-07 23:05:00,162.37,Grocery,Credit Card,POS,Hyderabad,0,111,51.86,1690,No,0,23,7,6,3.1309294253760123,1,4.63013698630137,19.715328467153284
T101241,CUST9408,2023-09-21 05:05:00,119.9,Utilities,PayPal,Mobile,Chennai,0,146,370.62,1238,No,0,5,21,9,0.32351195294371593,0,3.3917808219178083,33.243917654398004
T101242,CUST8944,2024-01-12 06:47:00,117.9,Travel,NetBanking,Mobile,Kolkata,0,192,12.87,1090,No,0,6,12,1,9.160839160839162,1,2.9863013698630136,48.16494845360825
T101243,CUST8076,2023-04-06 11:21:00,149.03,Health,UPI,Mobile,Kolkata,0,177,234.25,804,No,0,11,6,4,0.6362006403415155,0,2.202739726027397,55.26518391787853
T101244,CUST8867,2023-10-16 13:47:00,114.51,Entertainment,PayPal,Desktop,Hyderabad,1,115,319.96,1675,Yes,1,13,16,10,0.3578884860607576,0,4.589041095890411,20.57598039215686
T101245,CUST7220,2023-06-27 11:56:00,78.73,Grocery,NetBanking,POS,Chennai,0,170,221.05,429,No,0,11,27,6,0.35616376385433157,0,1.1753424657534246,78.14861460957178
T101246,CUST6004,2023-09-30 18:21:00,11.26,Utilities,NetBanking,POS,Chennai,0,12,71.84,719,No,0,18,30,9,0.1567371937639198,0,1.9698630136986301,4.04059040590406
T101247,CUST1023,2023-09-09 02:15:00,2.65,Utilities,Credit Card,Mobile,Hyderabad,0,79,391.34,1195,No,0,2,9,9,0.006771605253743548,0,3.2739726027397262,18.483974358974358
T101248,CUST1067,2023-03-25 05:55:00,202.91,Fashion,Debit Card,POS,Pune,0,119,168.73,1022,No,0,5,25,3,1.2025721567000534,0,2.8,31.315789473684212
T101249,CUST6802,2023-08-04 21:21:00,76.7,Utilities,PayPal,Desktop,Delhi,0,36,76.03,163,No,0,21,4,8,1.008812310929896,0,0.4465753424657534,24.886363636363637
T101250,CUST9594,2023-01-11 09:41:00,127.38,Food,PayPal,Mobile,Chennai,0,8,279.63,1498,Yes,1,9,11,1,0.4555305224761292,0,4.104109589041096,1.5673644659151904
T101251,CUST6375,2023-11-25 06:54:00,52.55,Health,PayPal,Desktop,Kolkata,0,28,19.39,690,No,0,6,25,11,2.710159876224858,1,1.8904109589041096,9.687203791469194
T101252,CUST6663,2023-09-09 02:12:00,9.98,Entertainment,NetBanking,Desktop,Pune,0,116,168.79,1959,No,0,2,9,9,0.059126725516914516,0,5.367123287671233,18.21858864027539
T101253,CUST8028,2023-02-21 03:59:00,10.7,Food,Credit Card,POS,Mumbai,0,86,377.81,1341,No,0,3,21,2,0.02832111378735343,0,3.673972602739726,18.39976553341149
T101254,CUST3254,2023-05-25 12:24:00,92.56,Electronics,NetBanking,POS,Pune,0,188,457.23,1955,Yes,0,12,25,5,0.20243641055923714,0,5.3561643835616435,29.57758620689655
T101255,CUST2412,2023-01-02 14:12:00,45.01,Grocery,NetBanking,Desktop,Hyderabad,0,49,299.95,287,No,0,14,2,1,0.1500583430571762,0,0.7863013698630137,27.430981595092025
T101256,CUST5553,2023-07-22 20:48:00,17.9,Utilities,UPI,POS,Pune,0,166,116.63,1092,Yes,0,20,22,7,0.1534768069964846,0,2.9917808219178084,41.58544955387783
T101257,CUST4380,2023-11-03 11:34:00,54.12,Electronics,Credit Card,Desktop,Delhi,0,80,117.8,334,No,0,11,3,11,0.4594227504244482,0,0.915068493150685,41.77396280400572
T101258,CUST7931,2023-01-01 14:42:00,5.31,Entertainment,PayPal,Desktop,Hyderabad,0,186,305.9,1336,No,0,14,1,1,0.017358613926119648,0,3.66027397260274,39.91181657848325
T101259,CUST2781,2023-05-29 08:12:00,69.78,Health,Debit Card,Mobile,Bengaluru,0,5,209.31,1877,No,0,8,29,5,0.33338110935932347,0,5.142465753424657,0.8140053523639608
T101260,CUST3291,2023-07-20 17:18:00,25.07,Food,PayPal,Desktop,Mumbai,0,46,96.86,555,No,0,17,20,7,0.2588271732397274,0,1.5205479452054795,18.249999999999996
T101261,CUST6073,2023-05-03 21:57:00,127.78,Food,NetBanking,Desktop,Kolkata,0,98,395.82,436,No,0,21,3,5,0.32282350563387396,0,1.1945205479452055,44.65667915106118
T101262,CUST7702,2023-08-15 19:14:00,29.73,Grocery,Credit Card,POS,Bengaluru,0,102,108.12,1412,No,0,19,15,8,0.2749722530521643,0,3.8684931506849316,20.951041080472706
T101263,CUST6626,2023-12-10 09:40:00,48.59,Health,Credit Card,Mobile,Pune,0,2,167.6,915,No,0,9,10,12,0.2899164677804296,0,2.506849315068493,0.5703125
T101264,CUST3145,2023-06-27 02:17:00,0.94,Utilities,Credit Card,POS,Chennai,0,25,40.1,407,No,0,2,27,6,0.023441396508728177,0,1.115068493150685,11.8199481865285
T101265,CUST1482,2023-01-12 11:49:00,6.02,Fashion,UPI,Mobile,Pune,0,1,353.67,498,No,0,11,12,1,0.017021517233579322,0,1.3643835616438356,0.42294322132097334
T101266,CUST4345,2023-09-01 06:29:00,39.87,Fashion,PayPal,POS,Kolkata,0,197,144.89,902,No,0,6,1,9,0.27517427013596524,0,2.4712328767123286,56.752170481452254
T101267,CUST6185,2023-12-31 05:45:00,52.3,Grocery,UPI,Desktop,Kolkata,0,168,124.1,1019,No,0,5,31,12,0.42143432715551976,0,2.791780821917808,44.30635838150289
T101268,CUST9986,2023-03-20 21:09:00,73.31,Health,Debit Card,Mobile,Chennai,0,68,158.65,1334,No,0,21,20,3,0.4620863536085723,0,3.654794520547945,14.608593290170688
T101269,CUST3605,2023-01-07 11:03:00,27.59,Grocery,NetBanking,Mobile,Bengaluru,0,69,438.32,1618,No,0,11,7,1,0.06294488045263734,0,4.432876712328767,12.700453857791226
T101270,CUST4585,2023-01-28 17:36:00,94.99,Health,UPI,Mobile,Bengaluru,0,197,263.83,40,No,0,17,28,1,0.3600424515786681,0,0.1095890410958904,177.54320987654322
T101271,CUST2929,2023-05-23 17:28:00,157.36,Entertainment,UPI,Mobile,Chennai,0,16,87.36,704,No,0,17,23,5,1.8012820512820515,0,1.9287671232876713,5.463049579045837
T101272,CUST6907,2023-07-27 20:15:00,121.08,Entertainment,NetBanking,POS,Delhi,0,182,389.5,724,No,0,20,27,7,0.31086007702182283,0,1.9835616438356165,61.00091827364554
T101273,CUST7326,2024-01-02 21:33:00,3.23,Electronics,Credit Card,POS,Mumbai,0,191,112.14,1239,No,0,21,2,1,0.028803281612270377,0,3.3945205479452056,43.46321695760599
T101274,CUST8023,2023-12-20 22:19:00,52.39,Utilities,NetBanking,Mobile,Hyderabad,0,18,212.11,1602,No,0,22,20,12,0.24699448399415397,0,4.389041095890411,3.3401118454499237
T101275,CUST3102,2023-11-03 19:56:00,8.87,Grocery,PayPal,Mobile,Bengaluru,0,107,288.36,1002,No,0,19,3,11,0.03076016090997364,0,2.745205479452055,28.569861009509875
T101276,CUST2209,2023-03-09 05:52:00,22.17,Utilities,NetBanking,Mobile,Mumbai,0,17,296.38,38,No,1,5,9,3,0.07480261826034146,0,0.10410958904109589,15.397022332506204
T101277,CUST4530,2024-01-02 16:41:00,345.37,Health,Credit Card,POS,Hyderabad,0,125,43.83,57,No,0,16,2,1,7.879762719598449,1,0.15616438356164383,108.11611374407583
T101278,CUST9136,2023-06-06 14:06:00,12.3,Fashion,NetBanking,Mobile,Pune,0,82,420.03,852,No,0,14,6,6,0.029283622598385833,0,2.334246575342466,24.593262119967132
T101279,CUST5078,2023-07-17 03:36:00,55.27,Utilities,UPI,Mobile,Hyderabad,0,4,244.92,715,No,0,3,17,7,0.2256655234362241,0,1.9589041095890412,1.3518518518518516
T101280,CUST4591,2023-10-11 20:12:00,77.02,Health,Debit Card,Mobile,Bengaluru,0,115,494.74,1517,No,0,20,11,10,0.1556777297166188,0,4.156164383561644,22.303400637619553
T101281,CUST7655,2023-10-01 22:11:00,96.98,Entertainment,UPI,POS,Delhi,0,95,361.55,1692,No,0,22,1,10,0.26823399253215324,0,4.635616438356164,16.857073407875546
T101282,CUST6399,2024-02-12 11:54:00,65.61,Health,Debit Card,Desktop,Delhi,0,95,496.36,540,No,0,11,12,2,0.13218228704972196,0,1.4794520547945205,38.31491712707183
T101283,CUST8638,2023-05-06 02:35:00,0.79,Grocery,NetBanking,Desktop,Mumbai,0,137,232.2,531,No,0,2,6,5,0.003402239448751077,0,1.4547945205479451,55.80915178571429
T101284,CUST1183,2023-11-08 14:04:00,31.62,Electronics,PayPal,POS,Pune,0,31,78.98,611,No,0,14,8,11,0.4003545201316789,0,1.673972602739726,11.593237704918034
T101285,CUST3717,2023-01-03 12:08:00,58.34,Electronics,NetBanking,Desktop,Mumbai,0,133,366.38,1848,No,0,12,3,1,0.15923358261913861,0,5.063013698630137,21.936285585178492
T101286,CUST9266,2023-10-16 22:35:00,7.36,Electronics,Credit Card,Mobile,Chennai,0,16,391.1,807,No,0,22,16,10,0.018818716440807976,0,2.210958904109589,4.982935153583617
T101287,CUST2764,2023-02-25 12:47:00,34.54,Electronics,NetBanking,Mobile,Delhi,0,42,427.89,1716,No,0,12,25,2,0.08072168080581459,0,4.701369863013698,7.366650648726574
T101288,CUST9529,2023-06-06 07:00:00,2.7,Entertainment,Debit Card,POS,Mumbai,0,169,157.71,690,No,0,7,6,6,0.017120030435609664,0,1.8904109589041096,58.46919431279621
T101289,CUST9375,2023-02-10 10:28:00,6.55,Travel,UPI,POS,Chennai,0,30,260.24,1271,No,0,10,10,2,0.025169074700276666,0,3.4821917808219176,6.6931540342298295
T101290,CUST2532,2023-06-25 21:14:00,40.46,Utilities,PayPal,Desktop,Pune,0,26,430.18,1482,No,0,21,25,6,0.0940536519596448,0,4.06027397260274,5.138061721710882
T101291,CUST6010,2023-11-21 01:57:00,11.39,Grocery,NetBanking,Desktop,Kolkata,0,177,433.72,1691,No,1,1,21,11,0.026261182329613574,0,4.632876712328767,31.422665369649806
T101292,CUST2503,2024-02-07 13:49:00,67.06,Food,NetBanking,Mobile,Hyderabad,0,31,22.59,32,No,0,13,7,2,2.9685701637892876,1,0.08767123287671233,28.501259445843825
T101293,CUST1789,2023-05-28 18:15:00,93.56,Grocery,UPI,POS,Mumbai,0,50,338.75,1240,No,0,18,28,5,0.2761918819188192,0,3.3972602739726026,11.370716510903428
T101294,CUST6579,2023-11-20 11:32:00,128.99,Travel,PayPal,Desktop,Chennai,0,143,304.83,72,No,0,11,20,11,0.4231538890529148,0,0.19726027397260273,119.43935926773455
T101295,CUST9393,2023-07-29 00:45:00,17.87,Electronics,NetBanking,Desktop,Delhi,0,52,50.84,1664,No,0,0,29,7,0.3514948859166011,0,4.558904109589041,9.354361754558896
T101296,CUST7126,2023-02-12 22:20:00,14.66,Travel,NetBanking,Mobile,Hyderabad,0,166,465.77,804,No,0,22,12,2,0.03147476222169741,0,2.202739726027397,51.83062446535501
T101297,CUST8383,2023-02-13 02:16:00,8.84,Fashion,Debit Card,Mobile,Mumbai,0,38,228.23,1464,No,1,2,13,2,0.038732857205450645,0,4.010958904109589,7.58337889557135
T101298,CUST9587,2023-04-06 14:15:00,80.94,Fashion,Debit Card,Mobile,Delhi,0,188,340.39,1243,No,0,14,6,4,0.23778606892094362,0,3.4054794520547946,42.67412935323382
T101299,CUST9969,2023-07-02 14:17:00,98.06,Utilities,Credit Card,Mobile,Kolkata,0,20,442.57,71,No,0,14,2,7,0.22156946923650497,0,0.19452054794520549,16.743119266055047
T101300,CUST3987,2023-03-24 14:03:00,2.57,Entertainment,UPI,Desktop,Hyderabad,0,99,73.76,1150,No,0,14,24,3,0.03484273318872017,0,3.1506849315068495,23.85148514851485
T101301,CUST4295,2023-05-30 17:25:00,220.18,Grocery,PayPal,POS,Bengaluru,0,44,429.36,1825,No,0,17,30,5,0.5128097633687348,0,5.0,7.333333333333333
T101302,CUST2291,2023-03-01 05:52:00,4.27,Grocery,NetBanking,POS,Delhi,0,111,364.91,759,No,0,5,1,3,0.011701515442163819,0,2.0794520547945203,36.04537366548043
T101303,CUST5651,2023-07-30 15:48:00,62.35,Food,NetBanking,Mobile,Bengaluru,0,89,421.4,677,No,0,15,30,7,0.14795918367346939,0,1.8547945205479452,31.175623800383878
T101304,CUST6723,2023-12-07 18:42:00,98.77,Entertainment,Credit Card,Mobile,Pune,0,63,252.47,1905,No,0,18,7,12,0.39121479779775814,0,5.219178082191781,10.129955947136564
T101305,CUST5630,2023-06-09 11:14:00,163.82,Food,NetBanking,Desktop,Mumbai,0,118,26.41,686,No,0,11,9,6,6.202953426732298,1,1.8794520547945206,40.980019029495715
T101306,CUST4121,2023-08-28 21:36:00,100.17,Fashion,UPI,Mobile,Kolkata,0,178,338.55,1570,No,0,21,28,8,0.29587948604342046,0,4.301369863013699,33.576227390180875
T101307,CUST8179,2023-06-06 23:40:00,129.45,Electronics,Credit Card,POS,Chennai,0,150,193.52,910,No,0,23,6,6,0.6689231087226125,0,2.493150684931507,42.94117647058823
T101308,CUST8267,2023-07-28 07:01:00,33.17,Travel,UPI,Mobile,Mumbai,0,72,207.18,1958,No,0,7,28,7,0.1601023264793899,0,5.364383561643836,11.31295738269479
T101309,CUST8204,2023-05-23 16:28:00,134.92,Food,Credit Card,POS,Delhi,0,54,226.22,1189,No,0,16,23,5,0.5964105737777384,0,3.2575342465753425,12.683397683397683
T101310,CUST8535,2023-11-07 14:31:00,6.68,Health,NetBanking,Mobile,Bengaluru,0,137,251.53,539,No,0,14,7,11,0.02655746829404047,0,1.4767123287671233,55.315265486725664
T101311,CUST3363,2023-01-09 08:23:00,180.16,Food,Credit Card,Mobile,Bengaluru,0,143,334.35,1572,No,0,8,9,1,0.5388365485269926,0,4.306849315068493,26.946308724832218
T101312,CUST9110,2024-01-15 19:22:00,63.45,Electronics,Debit Card,POS,Hyderabad,0,48,366.12,66,No,0,19,15,1,0.1733038348082596,0,0.18082191780821918,40.64965197215778
T101313,CUST2152,2024-02-06 18:44:00,135.99,Electronics,PayPal,Desktop,Mumbai,0,148,390.65,852,No,0,18,6,2,0.3481121208242673,0,2.334246575342466,44.38783894823336
T101314,CUST6082,2023-11-17 02:37:00,48.16,Grocery,NetBanking,Desktop,Mumbai,0,163,339.09,608,No,0,2,17,11,0.14202719042142203,0,1.6657534246575343,61.1459403905447
T101315,CUST3892,2023-12-08 23:04:00,82.53,Travel,PayPal,Mobile,Delhi,0,101,403.7,1957,No,0,23,8,12,0.20443398563289572,0,5.361643835616438,15.876399655469424
T101316,CUST2327,2023-05-23 12:43:00,59.79,Electronics,NetBanking,Mobile,Bengaluru,0,195,69.85,866,No,0,12,23,5,0.8559770937723694,0,2.372602739726027,57.818846466287575
T101317,CUST7226,2023-05-12 03:28:00,105.22,Entertainment,PayPal,POS,Delhi,1,60,420.04,546,No,0,3,12,5,0.25049995238548706,0,1.4958904109589042,24.03951701427003
T101318,CUST1296,2023-05-05 06:44:00,6.81,Food,Debit Card,POS,Delhi,0,98,199.77,814,No,0,6,5,5,0.034089202582970414,0,2.23013698630137,30.339270568278202
T101319,CUST4165,2023-03-17 04:18:00,4.98,Food,PayPal,Mobile,Pune,0,162,269.1,1050,No,0,4,17,3,0.01850613154960981,0,2.8767123287671232,41.78798586572438
T101320,CUST9594,2023-03-01 07:16:00,22.71,Fashion,Credit Card,POS,Bengaluru,0,100,222.55,908,No,0,7,1,3,0.10204448438553133,0,2.4876712328767123,28.672427336999213
T101321,CUST1396,2023-06-16 10:27:00,13.9,Electronics,PayPal,Desktop,Delhi,0,99,243.1,1111,No,0,10,16,6,0.057178116001645414,0,3.043835616438356,24.481707317073173
T101322,CUST6239,2023-07-11 09:37:00,164.32,Health,NetBanking,Desktop,Bengaluru,0,73,149.86,988,No,0,9,11,7,1.0964900573868943,0,2.706849315068493,19.69327420546933
T101323,CUST1524,2023-06-26 10:30:00,19.8,Grocery,UPI,POS,Delhi,0,119,93.28,184,No,0,10,26,6,0.21226415094339623,0,0.5041095890410959,79.11657559198542
T101324,CUST8589,2023-03-13 05:08:00,297.93,Travel,PayPal,POS,Chennai,1,182,61.4,1925,No,0,5,13,3,4.85228013029316,1,5.273972602739726,29.00873362445415
T101325,CUST2168,2024-01-04 10:23:00,32.87,Health,PayPal,POS,Delhi,0,128,231.19,142,No,0,10,4,1,0.14217742981962886,0,0.38904109589041097,92.14990138067061
T101326,CUST7246,2023-08-13 20:10:00,16.08,Grocery,PayPal,Desktop,Delhi,1,140,71.38,1513,No,0,20,13,8,0.22527318576632108,0,4.145205479452055,27.209797657082003
T101327,CUST7574,2023-05-24 13:50:00,124.74,Food,NetBanking,Mobile,Kolkata,0,88,130.04,1657,No,0,13,24,5,0.9592433097508459,0,4.53972602739726,15.885262116716122
T101328,CUST5171,2023-12-28 00:25:00,86.0,Health,PayPal,POS,Chennai,0,105,75.47,865,No,0,0,28,12,1.1395256393268849,0,2.3698630136986303,31.15853658536585
T101329,CUST5800,2023-05-29 10:46:00,55.16,Grocery,NetBanking,POS,Mumbai,0,19,63.47,1809,No,0,10,29,5,0.869072002520876,0,4.956164383561644,3.189972401103956
T101330,CUST5814,2023-11-29 21:51:00,64.84,Food,NetBanking,POS,Bengaluru,0,80,442.41,1849,No,0,21,29,11,0.14656088243936619,0,5.065753424657534,13.188798554652214
T101331,CUST3298,2023-10-02 23:53:00,101.61,Food,UPI,Mobile,Kolkata,0,26,340.27,630,No,0,23,2,10,0.2986158050959532,0,1.726027397260274,9.537688442211056
T101332,CUST2996,2023-10-28 06:26:00,20.75,Food,Credit Card,POS,Hyderabad,1,151,462.64,471,No,0,6,28,10,0.04485128825868926,0,1.2904109589041095,65.92703349282297
T101333,CUST6273,2023-12-24 15:10:00,448.69,Food,NetBanking,POS,Chennai,0,121,325.57,1743,No,0,15,24,12,1.3781675215775409,0,4.7753424657534245,20.9511385199241
T101334,CUST7711,2023-02-08 05:10:00,294.45,Entertainment,Debit Card,Desktop,Kolkata,0,33,423.54,257,No,1,5,8,2,0.6952117863720073,0,0.7041095890410959,19.364951768488748
T101335,CUST8368,2023-12-08 14:47:00,84.06,Food,PayPal,POS,Mumbai,0,106,282.1,903,No,0,14,8,12,0.29797943991492376,0,2.473972602739726,30.51261829652997
T101336,CUST8568,2023-12-13 11:56:00,17.81,Fashion,Debit Card,Desktop,Delhi,0,185,236.69,1632,No,0,11,13,12,0.07524610249693692,0,4.471232876712329,33.81321982974462
T101337,CUST6162,2023-05-25 13:47:00,91.21,Health,PayPal,Mobile,Pune,0,30,268.95,1175,No,0,13,25,5,0.3391336679680238,0,3.219178082191781,7.1103896103896105
T101338,CUST5702,2023-09-19 04:56:00,5.99,Grocery,UPI,POS,Mumbai,0,151,166.91,700,No,0,4,19,9,0.0358876040980169,0,1.917808219178082,51.75117370892019
T101339,CUST7221,2023-11-13 12:53:00,2.49,Fashion,NetBanking,POS,Chennai,0,126,332.41,1410,No,0,12,13,11,0.007490749375770885,0,3.863013698630137,25.909859154929574
T101340,CUST2064,2023-09-28 23:54:00,23.84,Entertainment,Credit Card,Desktop,Pune,0,36,449.62,1321,No,0,23,28,9,0.05302255237756327,0,3.6191780821917807,7.793594306049823
T101341,CUST8661,2023-05-25 23:33:00,49.68,Utilities,NetBanking,Mobile,Delhi,0,125,393.35,724,No,0,23,25,5,0.1262997330621584,0,1.9835616438356165,41.89623507805326
T101342,CUST4791,2023-02-09 03:56:00,162.16,Utilities,PayPal,Mobile,Mumbai,0,124,236.38,1538,No,0,3,9,2,0.6860140451814875,0,4.213698630136986,23.783499737256964
T101343,CUST6663,2023-11-18 06:17:00,103.91,Fashion,Credit Card,Desktop,Hyderabad,0,171,477.42,898,No,0,6,18,11,0.21764903020401322,0,2.4602739726027396,49.41805225653207
T101344,CUST4792,2024-02-19 14:26:00,108.6,Electronics,NetBanking,Mobile,Bengaluru,0,194,492.86,1057,No,0,14,19,2,0.2203465487156596,0,2.8958904109589043,49.79606188466948
T101345,CUST9365,2023-08-29 01:42:00,44.34,Electronics,Credit Card,Mobile,Bengaluru,0,181,251.62,1531,No,0,1,29,8,0.17621810666878626,0,4.1945205479452055,34.844409282700425
T101346,CUST7480,2023-06-09 01:03:00,33.96,Electronics,PayPal,Mobile,Chennai,1,118,433.67,150,No,0,1,9,6,0.07830839117301173,0,0.410958904109589,83.63106796116506
T101347,CUST2147,2023-07-20 19:12:00,37.09,Travel,UPI,Mobile,Kolkata,1,123,12.34,771,No,0,19,20,7,3.0056726094003245,1,2.1123287671232878,39.52024647887324
T101348,CUST1953,2023-05-03 02:12:00,351.53,Electronics,UPI,Mobile,Delhi,0,188,42.66,1863,No,0,2,3,5,8.240271917487107,1,5.104109589041096,30.79892280071813
T101349,CUST5164,2023-08-05 00:58:00,3.27,Grocery,NetBanking,Mobile,Delhi,1,37,20.97,1539,No,0,0,5,8,0.15593705293276108,0,4.2164383561643834,7.09296218487395
T101350,CUST3325,2023-06-19 10:35:00,161.41,Fashion,Debit Card,Mobile,Bengaluru,0,61,388.85,1272,No,0,10,19,6,0.4150957952938151,0,3.484931506849315,13.601099572388517
T101351,CUST9473,2023-11-29 01:11:00,69.15,Grocery,PayPal,Mobile,Mumbai,0,96,49.09,723,No,1,1,29,11,1.4086371969851295,0,1.9808219178082191,32.205882352941174
T101352,CUST2701,2023-05-10 11:41:00,46.19,Health,NetBanking,POS,Delhi,0,120,18.35,1331,No,0,11,10,5,2.5171662125340597,1,3.6465753424657534,25.825471698113205
T101353,CUST7531,2024-02-13 14:43:00,103.35,Electronics,NetBanking,Desktop,Hyderabad,0,181,82.24,286,No,0,14,13,2,1.2566877431906616,0,0.7835616438356164,101.48233486943164
T101354,CUST2041,2024-02-05 16:08:00,53.35,Entertainment,UPI,Mobile,Hyderabad,0,12,160.08,1357,No,0,16,5,2,0.33327086456771615,0,3.717808219178082,2.5435540069686415
T101355,CUST8611,2023-06-13 10:46:00,165.35,Travel,Credit Card,Desktop,Delhi,0,122,237.7,72,No,0,10,13,6,0.6956247370635255,0,0.19726027397260273,101.89931350114416
T101356,CUST5588,2023-07-14 03:09:00,184.77,Health,PayPal,Mobile,Delhi,0,35,42.05,899,Yes,0,3,14,7,4.394054696789537,1,2.463013698630137,10.106803797468354
T101357,CUST1953,2023-09-09 01:04:00,43.82,Entertainment,Credit Card,Mobile,Bengaluru,0,67,254.5,945,No,0,1,9,9,0.17218074656188606,0,2.589041095890411,18.66793893129771
T101358,CUST5258,2023-05-07 06:59:00,25.93,Travel,PayPal,POS,Chennai,0,38,131.55,1583,No,0,6,7,5,0.19711136450019,0,4.336986301369863,7.120123203285421
T101359,CUST3348,2023-11-03 00:46:00,71.79,Utilities,Debit Card,Desktop,Bengaluru,0,24,144.44,1763,No,0,0,3,11,0.49702298532262534,0,4.83013698630137,4.116541353383458
T101360,CUST6341,2023-06-27 05:27:00,194.76,Health,UPI,Desktop,Chennai,0,81,412.73,1742,No,1,5,27,6,0.47188234438979476,0,4.772602739726027,14.031798766018035
T101361,CUST9533,2023-08-26 22:43:00,18.92,Utilities,Debit Card,POS,Hyderabad,0,168,493.59,617,No,0,22,26,8,0.03833140865900849,0,1.6904109589041096,62.44399185336048
T101362,CUST4499,2023-06-23 11:05:00,78.03,Fashion,NetBanking,POS,Chennai,0,193,237.29,942,No,0,11,23,6,0.3288381305575456,0,2.580821917808219,53.898240244835506
T101363,CUST9239,2023-03-18 00:17:00,79.88,Grocery,UPI,Desktop,Bengaluru,0,185,167.67,1746,No,0,0,18,3,0.47641199976143617,0,4.7835616438356166,31.987209853150166
T101364,CUST6006,2023-03-27 18:04:00,105.67,Food,NetBanking,Mobile,Delhi,0,72,466.41,1203,No,0,18,27,3,0.22656032246306895,0,3.2958904109589042,16.760204081632654
T101365,CUST6696,2023-06-14 09:52:00,11.29,Grocery,Debit Card,Mobile,Chennai,0,79,255.22,623,No,0,9,14,6,0.044236345114019276,0,1.7068493150684931,29.18522267206478
T101366,CUST2042,2023-02-28 18:57:00,100.65,Electronics,PayPal,Desktop,Bengaluru,0,114,367.87,1063,No,0,18,28,2,0.27360208769402233,0,2.9123287671232876,29.138655462184875
T101367,CUST6746,2023-12-14 21:12:00,191.78,Utilities,NetBanking,Mobile,Hyderabad,0,45,212.73,821,No,0,21,14,12,0.9015183566022659,0,2.249315068493151,13.849072512647554
T101368,CUST8541,2023-06-01 08:18:00,15.85,Entertainment,Credit Card,POS,Pune,0,125,109.25,241,No,0,8,1,6,0.14508009153318077,0,0.6602739726027397,75.28877887788778
T101369,CUST3635,2023-11-13 21:18:00,21.7,Food,PayPal,POS,Chennai,0,96,330.89,1705,No,0,21,13,11,0.06558070657922573,0,4.671232876712328,16.92753623188406
T101370,CUST4775,2024-01-02 22:05:00,284.33,Travel,PayPal,POS,Hyderabad,1,13,335.77,1313,No,0,22,2,1,0.8467998927837508,0,3.5972602739726027,2.8277711561382595
T101371,CUST3378,2023-12-05 07:48:00,15.97,Utilities,Debit Card,Desktop,Hyderabad,0,110,235.49,1991,No,0,7,5,12,0.06781604314408256,0,5.454794520547945,17.041595925297116
T101372,CUST8430,2023-03-19 02:50:00,154.14,Fashion,Debit Card,Desktop,Mumbai,0,6,142.28,1435,No,0,2,19,3,1.0833567613157153,0,3.9315068493150687,1.2166666666666666
T101373,CUST7261,2023-01-12 11:57:00,54.23,Fashion,UPI,Desktop,Pune,0,97,417.59,1442,No,0,11,12,1,0.12986422088651547,0,3.9506849315068493,19.593248478140566
T101374,CUST4538,2023-09-26 02:23:00,22.72,Utilities,UPI,Mobile,Chennai,0,71,144.91,951,No,0,2,26,9,0.15678697122351803,0,2.6054794520547944,19.69224924012158
T101375,CUST5394,2023-02-04 10:47:00,163.68,Utilities,Credit Card,Desktop,Bengaluru,0,47,332.92,1793,No,0,10,4,2,0.491649645560495,0,4.912328767123288,7.949490268767376
T101376,CUST4830,2023-09-20 11:48:00,47.15,Utilities,PayPal,Desktop,Chennai,0,93,198.15,365,No,0,11,20,9,0.2379510471864749,0,1.0,46.5
T101377,CUST6820,2023-12-05 23:10:00,57.86,Travel,Credit Card,POS,Chennai,0,101,241.52,1058,No,0,23,5,12,0.23956608148393507,0,2.8986301369863012,25.906535488404778
T101378,CUST3034,2023-07-30 22:07:00,35.61,Electronics,Credit Card,Mobile,Pune,1,44,113.59,951,No,0,22,30,7,0.3134959063297825,0,2.6054794520547944,12.203647416413375
T101379,CUST5386,2023-07-09 22:47:00,71.91,Travel,Debit Card,Mobile,Kolkata,0,32,328.25,112,No,0,22,9,7,0.21907083015993906,0,0.30684931506849317,24.486373165618446
T101380,CUST1550,2023-04-27 11:59:00,14.28,Health,Credit Card,POS,Hyderabad,0,3,120.65,1059,No,0,11,27,4,0.11835888934935763,0,2.9013698630136986,0.7689606741573034
T101381,CUST2015,2023-02-20 18:53:00,39.69,Entertainment,Credit Card,Mobile,Hyderabad,0,182,248.0,181,No,0,18,20,2,0.16004032258064516,0,0.4958904109589041,121.66666666666666
T101382,CUST2941,2023-03-28 19:10:00,278.97,Utilities,NetBanking,Desktop,Hyderabad,0,84,170.95,1788,No,0,19,28,3,1.6318806668616557,0,4.898630136986301,14.24059451927543
T101383,CUST8404,2023-12-12 23:56:00,23.89,Entertainment,UPI,Mobile,Hyderabad,0,166,482.17,1234,No,0,23,12,12,0.04954684032602609,0,3.3808219178082193,37.89243277048155
T101384,CUST2514,2023-11-26 09:33:00,85.54,Electronics,UPI,POS,Pune,0,4,491.29,1828,No,0,9,26,11,0.1741130493191394,0,5.008219178082192,0.6657546739626082
T101385,CUST3802,2023-11-30 05:58:00,31.47,Food,PayPal,Mobile,Bengaluru,0,145,379.21,1831,No,0,5,30,11,0.08298831781862293,0,5.016438356164383,24.10063752276867
T101386,CUST4225,2023-03-11 20:44:00,118.79,Travel,UPI,POS,Delhi,0,165,492.12,1220,No,0,20,11,3,0.24138421523205722,0,3.3424657534246576,37.996845425867505
T101387,CUST8219,2023-05-28 18:40:00,11.22,Electronics,PayPal,Desktop,Mumbai,0,88,65.64,1523,No,0,18,28,5,0.17093235831809872,0,4.1726027397260275,17.01271186440678
T101388,CUST5995,2023-04-06 07:29:00,280.05,Entertainment,NetBanking,Desktop,Kolkata,0,106,496.24,107,No,0,7,6,4,0.5643438658713525,0,0.29315068493150687,81.97033898305085
T101389,CUST9321,2024-01-06 03:47:00,48.38,Food,UPI,POS,Kolkata,0,105,60.74,441,No,0,3,6,1,0.7965097135330919,0,1.2082191780821918,47.549627791563275
T101390,CUST3301,2023-06-09 07:06:00,21.54,Travel,NetBanking,Desktop,Hyderabad,0,36,213.57,1607,No,0,7,9,6,0.10085686191880883,0,4.402739726027397,6.663286004056796
T101391,CUST4822,2023-11-21 11:34:00,6.11,Fashion,UPI,Desktop,Hyderabad,0,58,127.08,1627,No,0,11,21,11,0.0480799496380233,0,4.457534246575342,10.627510040160644
T101392,CUST2082,2023-11-30 14:49:00,14.88,Travel,UPI,Mobile,Mumbai,0,169,477.38,410,No,0,14,30,11,0.031170136997779548,0,1.1232876712328768,79.59354838709677
T101393,CUST8265,2023-09-28 04:46:00,58.68,Grocery,NetBanking,Desktop,Hyderabad,0,8,321.54,977,No,1,4,28,9,0.1824967344653853,0,2.6767123287671235,2.1758569299552906
T101394,CUST8114,2023-08-03 07:07:00,32.88,Travel,Credit Card,POS,Delhi,1,195,302.59,819,No,0,7,3,8,0.10866188571995111,0,2.243835616438356,60.114020270270274
T101395,CUST5637,2023-07-13 13:46:00,141.23,Grocery,Credit Card,Desktop,Kolkata,0,158,498.74,342,No,0,13,13,7,0.2831735974656133,0,0.936986301369863,81.57001414427157
T101396,CUST1452,2023-07-06 14:00:00,45.09,Food,Credit Card,Mobile,Chennai,0,86,310.09,893,No,0,14,6,7,0.14540939727175983,0,2.4465753424657533,24.952305246422895
T101397,CUST1618,2024-01-07 14:40:00,22.88,Travel,Credit Card,POS,Mumbai,0,180,326.62,424,No,0,14,7,1,0.07005082358704304,0,1.1616438356164382,83.26996197718633
T101398,CUST9502,2023-05-02 16:03:00,76.81,Food,UPI,Desktop,Kolkata,0,97,31.94,1963,No,0,16,2,5,2.404821540388228,1,5.3780821917808215,15.208333333333334
T101399,CUST6196,2023-12-17 12:53:00,98.15,Food,Debit Card,Desktop,Bengaluru,0,153,430.93,572,No,0,12,17,12,0.22776320980205603,0,1.5671232876712329,59.59978655282817
T101400,CUST1696,2023-12-12 23:00:00,14.62,Entertainment,NetBanking,Desktop,Kolkata,0,180,485.34,33,No,0,23,12,12,0.030123212593233608,0,0.09041095890410959,165.07537688442213
T101401,CUST1222,2023-12-16 22:34:00,14.68,Electronics,Debit Card,POS,Mumbai,0,59,480.55,138,No,0,22,16,12,0.030548330038497554,0,0.3780821917808219,42.813121272365805
T101402,CUST7247,2024-01-23 07:25:00,2.99,Food,Debit Card,Mobile,Delhi,1,30,118.34,947,No,0,7,23,1,0.025266182186919048,0,2.5945205479452054,8.346036585365853
T101403,CUST5528,2023-08-24 21:20:00,106.67,Food,PayPal,POS,Pune,0,101,120.7,915,No,0,21,24,8,0.8837613918806959,0,2.506849315068493,28.80078125
T101404,CUST9880,2023-02-19 13:03:00,87.21,Entertainment,Credit Card,POS,Bengaluru,0,67,189.36,122,No,0,13,19,2,0.46055133079847904,0,0.33424657534246577,50.215605749486656
T101405,CUST4245,2023-10-24 15:18:00,51.49,Entertainment,UPI,Mobile,Chennai,0,132,162.0,1152,No,0,15,24,10,0.3178395061728395,0,3.1561643835616437,31.760052735662494
T101406,CUST4937,2023-09-28 02:12:00,148.72,Travel,Credit Card,POS,Hyderabad,0,93,159.75,221,No,0,2,28,9,0.9309546165884194,0,0.6054794520547945,57.92662116040956
T101407,CUST7452,2024-02-15 22:14:00,131.06,Entertainment,Credit Card,POS,Mumbai,0,185,306.56,362,No,0,22,15,2,0.42751826722338204,0,0.9917808219178083,92.88170563961485
T101408,CUST2047,2024-01-09 16:23:00,70.43,Travel,Debit Card,Desktop,Bengaluru,0,63,404.75,1265,No,0,16,9,1,0.1740086473131563,0,3.4657534246575343,14.107361963190185
T101409,CUST5166,2023-08-23 04:02:00,162.16,Fashion,PayPal,POS,Mumbai,0,32,469.02,1648,No,1,4,23,8,0.3457421858342928,0,4.515068493150685,5.802285146547441
T101410,CUST8715,2023-01-31 23:28:00,18.44,Entertainment,Credit Card,Desktop,Chennai,0,87,43.25,1260,No,0,23,31,1,0.4263583815028902,0,3.452054794520548,19.54153846153846
T101411,CUST6016,2023-06-08 22:46:00,9.5,Electronics,NetBanking,POS,Mumbai,0,51,146.21,656,No,0,22,8,6,0.06497503590725669,0,1.7972602739726027,18.232125367286976
T101412,CUST3753,2023-04-16 02:19:00,25.15,Food,NetBanking,Desktop,Kolkata,0,63,134.96,1015,No,0,2,16,4,0.18635151155898041,0,2.780821917808219,16.66304347826087
T101413,CUST8675,2024-01-13 20:49:00,4.7,Electronics,Credit Card,Desktop,Kolkata,0,80,185.15,1817,No,0,20,13,1,0.025384823116392115,0,4.978082191780822,13.382218148487626
T101414,CUST3089,2023-11-18 15:40:00,60.6,Grocery,Debit Card,Desktop,Bengaluru,0,87,217.92,602,No,0,15,18,11,0.27808370044052866,0,1.6493150684931508,32.838676318510856
T101415,CUST8709,2023-07-25 14:34:00,220.67,Utilities,Debit Card,Mobile,Delhi,0,110,200.69,385,No,0,14,25,7,1.099556529971598,0,1.0547945205479452,53.533333333333324
T101416,CUST5895,2024-02-04 21:45:00,3.21,Entertainment,UPI,POS,Pune,0,101,476.55,1955,No,0,21,4,2,0.006735914384639597,0,5.3561643835616435,15.890086206896553
T101417,CUST3146,2023-11-13 07:38:00,10.42,Food,PayPal,POS,Bengaluru,1,129,224.19,1306,No,1,7,13,11,0.046478433471608904,0,3.578082191780822,28.177737881508076
T101418,CUST6112,2023-01-03 13:44:00,48.15,Electronics,Debit Card,POS,Mumbai,0,19,280.28,620,No,0,13,3,1,0.17179249322106466,0,1.6986301369863013,7.040609137055839
T101419,CUST6117,2024-01-10 08:01:00,217.3,Entertainment,UPI,Mobile,Chennai,0,101,376.83,225,No,0,8,10,1,0.5766526019690578,0,0.6164383561643836,62.483050847457626
T101420,CUST8690,2023-12-01 09:34:00,30.4,Entertainment,NetBanking,Desktop,Kolkata,1,163,365.29,291,No,1,9,1,12,0.08322155000136877,0,0.7972602739726027,90.69359756097562
T101421,CUST2285,2023-08-26 22:45:00,56.62,Utilities,NetBanking,POS,Hyderabad,0,191,295.65,351,No,0,22,26,8,0.1915102316928801,0,0.9616438356164384,97.3673184357542
T101422,CUST5279,2023-03-09 12:47:00,3.4,Fashion,NetBanking,Mobile,Hyderabad,1,94,431.81,449,No,0,12,9,3,0.007873833398948612,0,1.2301369863013698,42.14987714987715
T101423,CUST7219,2023-12-19 10:50:00,12.85,Fashion,Credit Card,Mobile,Chennai,0,81,315.85,1551,No,0,10,19,12,0.04068386892512268,0,4.249315068493151,15.430584551148225
T101424,CUST5609,2023-09-15 02:58:00,345.18,Food,PayPal,POS,Mumbai,0,103,438.63,1964,No,0,2,15,9,0.7869502769988374,0,5.380821917808219,16.142121082009446
T101425,CUST4353,2023-10-27 19:17:00,268.46,Grocery,UPI,Desktop,Pune,0,113,158.36,361,No,0,19,27,10,1.6952513260924473,0,0.989041095890411,56.811294765840216
T101426,CUST6558,2023-11-30 12:32:00,0.4,Fashion,PayPal,Mobile,Chennai,0,154,74.69,1349,No,0,12,30,11,0.0053554692729950466,0,3.695890410958904,32.79463243873979
T101427,CUST9826,2023-01-18 08:03:00,242.61,Utilities,Credit Card,POS,Mumbai,0,13,411.57,1289,No,0,8,18,1,0.5894744514906335,0,3.5315068493150683,2.8688029020556227
T101428,CUST5227,2023-04-18 22:00:00,81.54,Fashion,UPI,Desktop,Bengaluru,0,118,197.43,710,No,0,22,18,4,0.4130071417717672,0,1.9452054794520548,40.06511627906977
T101429,CUST3002,2023-06-06 19:51:00,161.95,Grocery,UPI,Mobile,Pune,0,86,329.03,36,No,0,19,6,6,0.4922043582652038,0,0.09863013698630137,78.2793017456359
T101430,CUST5835,2023-03-18 10:52:00,48.52,Electronics,Debit Card,Mobile,Delhi,0,23,371.28,563,No,0,10,18,3,0.13068304244774834,0,1.5424657534246575,9.046336206896552
T101431,CUST7330,2024-02-15 21:36:00,57.99,Fashion,PayPal,POS,Mumbai,0,107,170.09,101,No,0,21,15,2,0.34093715092010113,0,0.27671232876712326,83.8090128755365
T101432,CUST2069,2023-02-20 11:51:00,53.69,Utilities,PayPal,POS,Hyderabad,0,163,257.53,1553,No,0,11,20,2,0.20848056537102475,0,4.254794520547946,31.01929092805005
T101433,CUST5047,2023-02-04 16:21:00,87.94,Travel,Debit Card,Desktop,Hyderabad,0,12,448.51,647,No,0,16,4,2,0.19607143653430248,0,1.7726027397260273,4.32806324110672
T101434,CUST7937,2023-08-30 12:36:00,12.03,Utilities,NetBanking,POS,Kolkata,1,137,441.1,168,No,0,12,30,8,0.02727272727272727,0,0.4602739726027397,93.81801125703565
T101435,CUST6243,2023-02-14 15:54:00,2.43,Health,Credit Card,POS,Pune,0,78,377.18,1439,No,0,15,14,2,0.006442547324884671,0,3.9424657534246577,15.781596452328158
T101436,CUST1084,2023-09-19 16:35:00,29.45,Health,PayPal,Desktop,Delhi,0,67,383.74,571,No,0,16,19,9,0.07674467087090217,0,1.5643835616438355,26.12713675213675
T101437,CUST8676,2023-06-30 08:32:00,97.58,Fashion,Debit Card,POS,Mumbai,0,108,449.87,353,No,0,8,30,6,0.21690710649743258,0,0.9671232876712329,54.9025069637883
T101438,CUST6313,2023-10-20 12:50:00,18.04,Electronics,UPI,Desktop,Delhi,0,44,370.8,978,No,0,12,20,10,0.04865156418554476,0,2.6794520547945204,11.958302308265079
T101439,CUST3139,2023-11-05 21:06:00,89.53,Entertainment,Debit Card,Desktop,Kolkata,0,189,176.4,630,No,0,21,5,11,0.5075396825396825,0,1.726027397260274,69.33165829145729
T101440,CUST3313,2023-06-29 21:45:00,280.29,Electronics,NetBanking,Desktop,Bengaluru,0,149,69.18,1970,No,0,21,29,6,4.051604509973981,1,5.397260273972603,23.29122055674518
T101441,CUST8026,2023-05-13 09:38:00,7.89,Utilities,Credit Card,POS,Delhi,0,7,216.72,1718,No,0,9,13,5,0.03640642303433001,0,4.706849315068493,1.226596255400864
T101442,CUST2698,2023-07-01 15:30:00,89.33,Food,NetBanking,Desktop,Bengaluru,0,128,52.8,102,No,0,15,1,7,1.6918560606060606,0,0.27945205479452057,100.04282655246253
T101443,CUST1583,2023-08-26 16:35:00,46.92,Travel,UPI,POS,Hyderabad,1,97,66.73,869,No,0,16,26,8,0.7031320245766521,0,2.3808219178082193,28.69124797406807
T101444,CUST8846,2023-07-01 11:01:00,162.08,Electronics,UPI,Desktop,Bengaluru,0,11,475.58,1442,No,0,11,1,7,0.34080491189705203,0,3.9506849315068493,2.2219147758716105
T101445,CUST2746,2023-10-18 03:38:00,15.6,Grocery,UPI,POS,Mumbai,0,173,341.18,1291,No,0,3,18,10,0.04572366492760419,0,3.536986301369863,38.131038647343
T101446,CUST3094,2023-03-25 09:38:00,94.38,Utilities,UPI,Desktop,Pune,0,160,427.29,1017,No,0,9,25,3,0.2208804324931545,0,2.786301369863014,42.25759768451519
T101447,CUST8201,2023-10-15 14:20:00,145.67,Travel,Debit Card,Mobile,Pune,0,106,325.02,1375,No,0,14,15,10,0.44818780382745677,0,3.767123287671233,22.23563218390805
T101448,CUST3167,2023-12-19 14:02:00,231.47,Health,UPI,Mobile,Mumbai,1,83,215.08,1394,No,0,14,19,12,1.0762042030872232,0,3.819178082191781,17.2228538942581
T101449,CUST7073,2024-01-18 19:23:00,91.97,Utilities,UPI,Mobile,Mumbai,0,36,22.33,1816,No,0,19,18,1,4.118674429019257,1,4.975342465753425,6.024759284731775
T101450,CUST1842,2023-08-17 08:58:00,55.0,Travel,Debit Card,Desktop,Mumbai,0,118,478.36,1358,No,0,8,17,8,0.11497616857596789,0,3.7205479452054795,24.997098084735924
T101451,CUST7387,2023-03-01 16:33:00,76.95,Grocery,UPI,POS,Chennai,0,165,44.76,1061,No,0,16,1,3,1.7191689008042896,0,2.9068493150684933,42.23352033660589
T101452,CUST9993,2024-01-01 22:36:00,162.55,Fashion,NetBanking,Desktop,Kolkata,0,41,308.98,1260,No,0,22,1,1,0.5260858307981099,0,3.452054794520548,9.20923076923077
T101453,CUST5945,2023-02-03 10:11:00,67.63,Grocery,NetBanking,Desktop,Bengaluru,0,92,60.08,440,No,0,10,3,2,1.1256657789613849,0,1.2054794520547945,41.714285714285715
T101454,CUST3629,2023-04-05 03:01:00,2.47,Grocery,PayPal,Desktop,Mumbai,0,49,149.23,287,No,0,3,5,4,0.016551631709441805,0,0.7863013698630137,27.430981595092025
T101455,CUST2760,2023-01-26 08:11:00,213.83,Fashion,NetBanking,Desktop,Pune,0,143,101.05,1849,No,0,8,26,1,2.116081147946561,1,5.065753424657534,23.57497741644083
T101456,CUST9904,2023-02-15 09:47:00,93.57,Fashion,Credit Card,POS,Delhi,0,141,281.32,680,No,0,9,15,2,0.33261055026304565,0,1.8630136986301369,49.248803827751196
T101457,CUST9738,2024-02-16 15:39:00,90.29,Fashion,Credit Card,Desktop,Delhi,0,53,444.67,1099,No,0,15,16,2,0.20304945240290553,0,3.010958904109589,13.213797814207648
T101458,CUST9666,2023-04-07 06:19:00,19.43,Fashion,Credit Card,Mobile,Chennai,0,107,321.45,155,No,0,6,7,4,0.060444859231606786,0,0.4246575342465753,75.10576923076924
T101459,CUST5382,2023-05-06 09:13:00,86.04,Fashion,Debit Card,Mobile,Bengaluru,0,33,335.45,1074,No,0,9,6,5,0.25649128036965274,0,2.9424657534246577,8.370396108408617
T101460,CUST6455,2023-04-20 05:27:00,40.05,Grocery,NetBanking,Mobile,Bengaluru,0,119,455.38,1223,No,0,5,20,4,0.0879485265053362,0,3.350684931506849,27.352015113350124
T101461,CUST9447,2023-02-24 14:49:00,84.27,Food,Credit Card,Desktop,Kolkata,0,32,377.22,573,No,0,14,24,2,0.22339748687768407,0,1.5698630136986302,12.452025586353942
T101462,CUST4541,2023-12-22 03:47:00,9.02,Food,PayPal,POS,Bengaluru,0,118,434.32,1469,Yes,1,3,22,12,0.02076809725547983,0,4.024657534246575,23.484187568157033
T101463,CUST4214,2023-05-28 18:13:00,85.8,Utilities,Debit Card,POS,Pune,0,176,214.03,484,No,0,18,28,5,0.40087838153529876,0,1.326027397260274,75.66548881036512
T101464,CUST9285,2023-11-27 12:54:00,595.34,Electronics,PayPal,POS,Pune,0,196,434.02,691,No,0,12,27,11,1.3716879406478966,0,1.893150684931507,67.74621212121212
T101465,CUST7494,2023-09-16 01:10:00,3.95,Food,NetBanking,Desktop,Kolkata,0,185,326.47,1259,No,0,1,16,9,0.012099120899316935,0,3.4493150684931506,41.57943349753694
T101466,CUST9086,2023-07-23 19:56:00,302.39,Health,UPI,POS,Chennai,0,62,76.45,1386,No,0,19,23,7,3.955395683453237,1,3.797260273972603,12.924043403769275
T101467,CUST6661,2023-09-23 06:57:00,41.79,Food,PayPal,Mobile,Bengaluru,0,82,28.97,1074,No,0,6,23,9,1.4425267518122196,0,2.9424657534246577,20.799166087560806
T101468,CUST2729,2023-06-11 18:08:00,163.68,Grocery,UPI,POS,Bengaluru,0,130,129.58,947,No,0,18,11,6,1.263157894736842,0,2.5945205479452054,36.166158536585364
T101469,CUST8913,2023-12-03 07:49:00,122.0,Fashion,Debit Card,Desktop,Mumbai,0,77,195.39,1855,No,0,7,3,12,0.6243922411587083,0,5.082191780821918,12.65990990990991
T101470,CUST3482,2023-08-26 05:35:00,66.96,Utilities,PayPal,Desktop,Bengaluru,0,16,420.41,1703,No,0,5,26,8,0.1592730905544587,0,4.6657534246575345,2.8239845261121856
T101471,CUST8669,2023-09-24 16:30:00,107.29,Fashion,PayPal,POS,Pune,0,123,373.21,1118,No,0,16,24,9,0.2874788992792262,0,3.063013698630137,30.27309507754552
T101472,CUST1450,2023-01-29 04:40:00,168.64,Entertainment,Debit Card,Desktop,Mumbai,0,8,478.13,1630,No,0,4,29,1,0.35270742266747535,0,4.465753424657534,1.463659147869674
T101473,CUST4617,2023-07-11 11:57:00,41.42,Entertainment,Debit Card,POS,Mumbai,0,147,284.0,117,No,0,11,11,7,0.14584507042253522,0,0.32054794520547947,111.3174273858921
T101474,CUST7594,2023-11-09 23:42:00,31.68,Entertainment,Credit Card,POS,Bengaluru,0,160,376.39,1888,No,0,23,9,11,0.08416801721618535,0,5.1726027397260275,25.920994229915667
T101475,CUST7324,2023-11-13 07:52:00,88.11,Grocery,NetBanking,Mobile,Delhi,0,67,144.89,1532,No,0,7,13,11,0.6081165021740631,0,4.197260273972603,12.891407485503427
T101476,CUST2402,2023-12-06 19:33:00,131.96,Health,PayPal,Desktop,Hyderabad,0,115,342.99,1096,No,0,19,6,12,0.38473424881191876,0,3.0027397260273974,28.730321697467488
T101477,CUST7201,2023-10-05 11:44:00,114.93,Food,PayPal,Mobile,Pune,1,113,356.01,1936,No,0,11,5,10,0.3228280104491447,0,5.304109589041096,17.924815297696654
T101478,CUST7149,2024-02-14 02:53:00,127.89,Grocery,Debit Card,Desktop,Delhi,0,32,425.72,1990,No,0,2,14,2,0.300408719346049,0,5.4520547945205475,4.959660297239916
T101479,CUST1446,2023-11-07 14:27:00,45.76,Electronics,Debit Card,POS,Bengaluru,0,105,272.84,1194,No,0,14,7,11,0.16771734349802084,0,3.271232876712329,24.583066067992302
T101480,CUST9537,2023-04-10 02:10:00,136.23,Utilities,NetBanking,Desktop,Bengaluru,0,25,328.01,1427,No,1,2,10,4,0.41532270357611045,0,3.9095890410958902,5.092075892857143
T101481,CUST1501,2023-04-16 00:09:00,10.25,Fashion,Debit Card,POS,Delhi,0,53,109.49,545,No,0,0,16,4,0.09361585532925382,0,1.4931506849315068,21.258241758241756
T101482,CUST6917,2024-01-06 16:04:00,62.91,Entertainment,UPI,Desktop,Bengaluru,0,81,371.01,529,No,0,16,6,1,0.16956416269103258,0,1.4493150684931506,33.07046979865772
T101483,CUST7466,2023-03-14 11:47:00,0.46,Travel,UPI,Mobile,Pune,0,25,420.82,1332,No,0,11,14,3,0.0010931039399268096,0,3.649315068493151,5.37713612256924
T101484,CUST9671,2023-10-02 10:17:00,31.39,Electronics,UPI,Mobile,Kolkata,0,33,300.93,355,No,0,10,2,10,0.10430997241883494,0,0.9726027397260274,16.729166666666668
T101485,CUST7997,2023-01-03 18:17:00,36.51,Entertainment,UPI,POS,Mumbai,1,31,66.68,1471,No,0,18,3,1,0.5475404919016196,0,4.03013698630137,6.162854030501089
T101486,CUST8736,2023-01-03 05:22:00,40.36,Health,NetBanking,Mobile,Chennai,0,36,163.3,582,No,0,5,3,1,0.24715248009797916,0,1.5945205479452054,13.875395987328407
T101487,CUST5149,2024-02-08 21:50:00,95.12,Electronics,PayPal,POS,Bengaluru,0,87,243.0,1967,Yes,0,21,8,2,0.391440329218107,0,5.389041095890411,13.617066895368783
T101488,CUST5582,2023-05-04 14:29:00,39.35,Grocery,UPI,POS,Bengaluru,0,123,341.81,917,No,0,14,4,5,0.1151224364412978,0,2.5123287671232877,35.0195007800312
T101489,CUST7972,2023-11-07 13:03:00,47.64,Food,Debit Card,POS,Delhi,1,177,166.96,1025,No,1,13,7,11,0.2853378054623862,0,2.808219178082192,46.47841726618705
T101490,CUST9771,2023-10-28 18:24:00,21.7,Fashion,UPI,Desktop,Mumbai,0,44,421.74,1655,No,0,18,28,10,0.05145350215772751,0,4.534246575342466,7.9504950495049505
T101491,CUST9436,2024-01-29 06:09:00,37.38,Utilities,NetBanking,POS,Delhi,0,48,192.18,1022,No,0,6,29,1,0.19450515142054325,0,2.8,12.631578947368421
T101492,CUST5204,2024-02-17 05:09:00,20.63,Health,Debit Card,Mobile,Kolkata,0,158,30.99,1821,No,1,5,17,2,0.6656986124556309,0,4.989041095890411,26.381518755718208
T101493,CUST3001,2023-06-09 02:14:00,6.08,Health,UPI,Desktop,Pune,0,13,399.06,958,No,0,2,9,6,0.015235804139728361,0,2.6246575342465754,3.586545729402872
T101494,CUST6799,2023-09-24 01:30:00,74.0,Travel,PayPal,Mobile,Delhi,0,171,325.67,950,No,0,1,24,9,0.22722387693063528,0,2.6027397260273974,47.463878326996195
T101495,CUST9221,2023-01-04 01:17:00,88.26,Electronics,Debit Card,POS,Bengaluru,0,144,402.96,337,No,0,1,4,1,0.21902918403811794,0,0.9232876712328767,74.87179487179488
T101496,CUST2804,2023-06-05 02:29:00,77.3,Travel,Debit Card,POS,Mumbai,0,91,180.96,686,No,0,2,5,6,0.42716622458001763,0,1.8794520547945206,31.603235014272123
T101497,CUST4707,2023-03-22 23:35:00,49.81,Food,PayPal,Mobile,Pune,0,154,18.64,1360,No,0,23,22,3,2.6722103004291844,1,3.7260273972602738,32.585507246376814
T101498,CUST8743,2023-11-17 04:51:00,38.22,Entertainment,Debit Card,Desktop,Bengaluru,0,175,46.14,1952,No,1,4,17,11,0.8283485045513653,0,5.347945205479452,27.56797583081571
T101499,CUST2273,2023-09-06 21:36:00,159.22,Food,UPI,Mobile,Pune,0,165,64.78,1876,No,0,21,6,9,2.45785736338376,1,5.13972602739726,26.874163319946454
T101500,CUST7122,2023-11-13 08:59:00,58.56,Entertainment,Debit Card,POS,Bengaluru,1,131,404.52,499,No,0,8,13,11,0.1447641649362207,0,1.367123287671233,55.34143518518518
T101501,CUST7613,2023-02-06 03:10:00,52.19,Travel,UPI,Desktop,Bengaluru,1,154,157.7,1237,No,1,3,6,2,0.3309448319594166,0,3.389041095890411,35.087390761548065
T101502,CUST5481,2024-02-05 12:48:00,2.08,Fashion,PayPal,POS,Bengaluru,0,143,498.97,1684,No,0,12,5,2,0.004168587289817023,0,4.6136986301369864,25.47340165934602
T101503,CUST1002,2023-09-16 13:11:00,33.39,Food,Credit Card,POS,Chennai,1,66,381.61,654,No,0,13,16,9,0.08749770708314772,0,1.7917808219178082,23.64082433758587
T101504,CUST8890,2023-01-09 07:12:00,38.27,Travel,PayPal,Mobile,Hyderabad,0,28,304.57,320,No,0,7,9,1,0.12565255934596317,0,0.8767123287671232,14.91970802919708
T101505,CUST4152,2023-07-16 08:46:00,40.71,Electronics,UPI,POS,Mumbai,0,125,491.97,278,No,0,8,16,7,0.08274894810659186,0,0.7616438356164383,70.95645412130638
T101506,CUST9221,2023-05-06 00:10:00,69.43,Travel,NetBanking,Mobile,Kolkata,0,166,164.99,353,No,1,0,6,5,0.4208133826292503,0,0.9671232876712329,84.38718662952645
T101507,CUST4439,2023-01-24 09:48:00,61.02,Travel,PayPal,Desktop,Chennai,0,172,91.15,1496,No,0,9,24,1,0.6694459681843116,0,4.098630136986301,33.73455131649651
T101508,CUST9324,2023-10-24 07:19:00,74.9,Grocery,NetBanking,POS,Hyderabad,0,181,371.26,633,No,0,7,24,10,0.20174540753111028,0,1.7342465753424658,66.19739478957915
T101509,CUST6058,2023-11-15 06:03:00,115.81,Food,NetBanking,POS,Pune,0,80,146.26,88,No,0,6,15,11,0.7918091070696022,0,0.2410958904109589,64.45916114790288
T101510,CUST9369,2023-09-05 01:04:00,134.13,Utilities,UPI,Desktop,Hyderabad,0,132,480.91,1050,No,0,1,5,9,0.27890873552223905,0,2.8767123287671232,34.04946996466431
T101511,CUST9767,2023-10-01 03:24:00,101.3,Fashion,UPI,Mobile,Hyderabad,0,72,494.15,298,No,0,3,1,10,0.20499848224223413,0,0.8164383561643835,39.63800904977376
T101512,CUST1165,2023-05-13 13:50:00,249.02,Fashion,Credit Card,POS,Chennai,0,44,463.94,1371,No,0,13,13,5,0.5367504418674829,0,3.756164383561644,9.251152073732719
T101513,CUST4567,2023-10-31 18:31:00,1.47,Grocery,Debit Card,Desktop,Mumbai,0,119,472.93,123,No,0,18,31,10,0.003108282409658935,0,0.336986301369863,89.0061475409836
T101514,CUST9977,2023-07-21 10:29:00,17.43,Entertainment,PayPal,POS,Delhi,0,46,311.67,1307,No,0,10,21,7,0.055924535566464526,0,3.580821917808219,10.041866028708135
T101515,CUST7709,2023-10-18 06:08:00,0.61,Health,UPI,Mobile,Hyderabad,1,84,349.14,716,No,0,6,18,10,0.0017471501403448473,0,1.9616438356164383,28.362627197039778
T101516,CUST7500,2023-07-29 00:23:00,83.41,Entertainment,PayPal,Mobile,Delhi,0,26,56.18,1513,No,0,0,29,7,1.4846920612317551,0,4.145205479452055,5.053248136315229
T101517,CUST8294,2024-02-11 20:32:00,182.65,Fashion,NetBanking,Mobile,Delhi,1,96,383.89,544,No,1,20,11,2,0.47578733491364716,0,1.4904109589041097,38.54785478547855
T101518,CUST5630,2024-01-20 15:30:00,22.32,Travel,Debit Card,Mobile,Bengaluru,0,13,109.01,562,No,0,15,20,1,0.20475185762774056,0,1.5397260273972602,5.11866235167206
T101519,CUST7693,2023-03-14 10:17:00,209.42,Grocery,Credit Card,Desktop,Delhi,0,125,421.76,1157,No,0,10,14,3,0.496538315629742,0,3.16986301369863,29.97700394218134
T101520,CUST5381,2023-07-27 21:15:00,4.97,Electronics,PayPal,POS,Pune,0,69,481.15,1886,No,0,21,27,7,0.010329419100072743,0,5.167123287671233,11.188360728565083
T101521,CUST3988,2023-12-02 11:51:00,217.98,Food,Debit Card,Desktop,Pune,0,172,114.07,431,No,0,11,2,12,1.9109318839309197,0,1.180821917808219,78.86934673366835
T101522,CUST6371,2023-08-01 00:12:00,34.66,Food,Credit Card,Mobile,Bengaluru,0,181,48.24,1834,No,0,0,1,8,0.71849087893864,0,5.024657534246575,30.043201455206912
T101523,CUST6621,2023-09-17 13:48:00,8.56,Utilities,PayPal,Mobile,Mumbai,0,51,247.11,996,No,0,13,17,9,0.03464044352717413,0,2.728767123287671,13.677443056576047
T101524,CUST5334,2023-09-07 17:51:00,53.22,Food,Debit Card,Mobile,Kolkata,0,13,397.86,1386,No,0,17,7,9,0.13376564620720857,0,3.797260273972603,2.7098800685322675
T101525,CUST4806,2023-08-25 21:59:00,23.74,Travel,UPI,Mobile,Mumbai,0,169,387.61,750,No,0,21,25,8,0.06124712984701117,0,2.0547945205479454,55.322869955156946
T101526,CUST4603,2023-04-07 17:33:00,26.82,Electronics,PayPal,POS,Pune,0,139,351.44,906,No,0,17,7,4,0.07631459139540178,0,2.4821917808219176,39.91738788355626
T101527,CUST5663,2023-11-30 17:39:00,29.37,Grocery,Debit Card,Mobile,Kolkata,0,165,412.14,637,No,0,17,30,11,0.0712621924588732,0,1.7452054794520548,60.104790419161674
T101528,CUST8427,2023-03-09 13:50:00,129.97,Grocery,Credit Card,POS,Bengaluru,0,60,95.74,122,No,0,13,9,3,1.3575308126175059,0,0.33424657534246577,44.969199178644764
T101529,CUST1413,2023-07-06 01:52:00,61.98,Food,Debit Card,Mobile,Mumbai,0,32,329.45,1610,No,0,1,6,7,0.1881317347093641,0,4.410958904109589,5.913924050632912
T101530,CUST7499,2023-09-12 21:43:00,29.84,Electronics,UPI,POS,Kolkata,0,173,306.78,603,No,0,21,12,9,0.09726840080839691,0,1.652054794520548,65.23243801652893
T101531,CUST7046,2023-02-26 03:49:00,75.4,Electronics,PayPal,POS,Kolkata,0,18,85.18,1595,No,1,3,26,2,0.8851843155670345,0,4.36986301369863,3.3520408163265305
T101532,CUST8530,2023-03-05 01:57:00,100.74,Electronics,PayPal,Mobile,Hyderabad,0,93,213.07,1000,No,0,1,5,3,0.4728023654198151,0,2.73972602739726,24.86813186813187
T101533,CUST5200,2023-08-26 06:18:00,25.46,Fashion,PayPal,Desktop,Mumbai,1,148,427.74,1835,No,1,6,26,8,0.059522139617524665,0,5.027397260273973,24.554545454545455
T101534,CUST1806,2023-10-02 03:58:00,42.69,Fashion,UPI,Desktop,Bengaluru,0,44,486.18,466,No,1,3,2,10,0.08780698506725904,0,1.2767123287671234,19.326113116726834
T101535,CUST1103,2023-07-29 13:36:00,10.4,Food,Credit Card,Desktop,Kolkata,0,164,336.06,1063,No,0,13,29,7,0.030946854728322325,0,2.9123287671232876,41.918767507002805
T101536,CUST2065,2023-02-11 05:02:00,15.99,Electronics,PayPal,Desktop,Pune,0,197,461.75,485,No,0,5,11,2,0.03462912831618841,0,1.3287671232876712,84.59411764705882
T101537,CUST4425,2023-12-20 12:53:00,91.43,Health,Credit Card,Desktop,Hyderabad,0,37,74.7,444,No,0,12,20,12,1.223962516733601,0,1.2164383561643837,16.69344870210136
T101538,CUST9027,2023-09-09 13:04:00,16.02,Electronics,Debit Card,Mobile,Delhi,1,161,487.78,1571,No,1,13,9,9,0.0328426749764238,0,4.304109589041096,30.353822314049584
T101539,CUST4728,2023-04-23 16:11:00,59.58,Grocery,Credit Card,Mobile,Delhi,1,127,26.42,1428,No,0,16,23,4,2.255109765329296,1,3.9123287671232876,25.853318460680423
T101540,CUST6349,2023-10-21 19:09:00,98.77,Grocery,Credit Card,Mobile,Delhi,0,19,268.36,1584,No,0,19,21,10,0.368050380086451,0,4.33972602739726,3.5582349923037455
T101541,CUST5990,2023-05-01 18:36:00,9.04,Food,PayPal,Mobile,Pune,0,179,152.59,1577,No,0,18,1,5,0.05924372501474539,0,4.32054794520548,33.64315139031926
T101542,CUST3327,2023-04-25 18:01:00,67.02,Health,NetBanking,Mobile,Kolkata,1,32,408.82,1426,No,0,18,25,4,0.16393522821779755,0,3.9068493150684933,6.521496370742602
T101543,CUST9652,2023-08-20 18:05:00,23.72,Electronics,NetBanking,Mobile,Bengaluru,0,106,116.6,733,No,0,18,20,8,0.2034305317324185,0,2.0082191780821916,35.2367941712204
T101544,CUST1791,2023-03-08 17:53:00,263.59,Entertainment,UPI,POS,Delhi,0,22,15.65,1668,No,0,17,8,3,16.842811501597442,1,4.5698630136986305,3.9498278406296112
T101545,CUST7748,2024-01-31 23:37:00,52.86,Health,UPI,POS,Mumbai,0,122,213.16,911,No,0,23,31,1,0.24798273597297804,0,2.495890410958904,34.89811912225706
T101546,CUST7851,2023-12-03 00:33:00,131.19,Utilities,NetBanking,Mobile,Delhi,0,129,41.41,791,No,0,0,3,12,3.168075344119778,1,2.1671232876712327,40.73096885813149
T101547,CUST9981,2023-06-22 14:10:00,63.92,Food,Debit Card,Mobile,Kolkata,0,54,152.15,1809,No,0,14,22,6,0.4201117318435754,0,4.956164383561644,9.066237350505979
T101548,CUST5622,2023-03-15 04:23:00,3.55,Grocery,PayPal,POS,Chennai,0,148,325.44,1903,No,0,4,15,3,0.010908308751229105,0,5.213698630136986,23.818342151675484
T101549,CUST7318,2023-07-16 20:45:00,80.22,Entertainment,PayPal,POS,Pune,0,58,154.4,1492,No,0,20,16,7,0.5195595854922279,0,4.087671232876712,11.400107700592354
T101550,CUST7382,2023-11-08 13:44:00,241.94,Grocery,Debit Card,Mobile,Chennai,0,163,130.44,1248,No,0,13,8,11,1.8547991413676785,0,3.419178082191781,36.88468691878487
T101551,CUST7436,2023-08-19 07:42:00,73.63,Fashion,Debit Card,POS,Delhi,0,70,86.19,294,No,0,7,19,8,0.8542754379858452,0,0.8054794520547945,38.770864946889226
T101552,CUST9716,2023-10-02 19:44:00,136.82,Food,NetBanking,Desktop,Kolkata,0,198,76.23,536,No,0,19,2,10,1.7948314311950673,0,1.4684931506849315,80.2108768035516
T101553,CUST8026,2023-07-24 09:35:00,172.48,Food,UPI,Desktop,Delhi,0,189,267.67,675,No,0,9,24,7,0.6443755370418799,0,1.8493150684931507,66.33173076923077
T101554,CUST1423,2023-05-26 07:13:00,20.71,Electronics,Debit Card,Desktop,Chennai,0,63,343.94,926,No,0,7,26,5,0.060213990812350994,0,2.536986301369863,17.81177381874516
T101555,CUST2743,2024-01-06 00:32:00,19.07,Electronics,UPI,POS,Kolkata,1,189,231.84,1479,No,0,0,6,1,0.08225500345065563,0,4.052054794520548,37.41052060737527
T101556,CUST6787,2023-05-14 22:14:00,75.53,Fashion,Credit Card,Mobile,Pune,0,185,70.57,890,No,0,22,14,5,1.070284823579425,0,2.4383561643835616,53.80478087649402
T101557,CUST3239,2023-12-23 20:09:00,42.35,Entertainment,PayPal,Mobile,Pune,0,3,327.4,718,No,0,20,23,12,0.12935247403787417,0,1.9671232876712328,1.0110803324099724
T101558,CUST5288,2023-02-08 14:32:00,146.54,Utilities,NetBanking,Mobile,Delhi,0,99,282.99,896,No,0,14,8,2,0.5178274850701438,0,2.4547945205479453,28.655828707375097
T101559,CUST4259,2023-10-13 23:42:00,184.23,Travel,PayPal,POS,Pune,0,45,196.82,1152,No,0,23,13,10,0.9360329234833858,0,3.1561643835616437,10.827290705339488
T101560,CUST4656,2024-02-12 18:38:00,34.88,Health,NetBanking,POS,Hyderabad,0,143,171.72,1083,No,0,18,12,2,0.20312136035406478,0,2.967123287671233,36.046270718232044
T101561,CUST7742,2023-07-31 17:11:00,21.63,Travel,Credit Card,Desktop,Kolkata,0,17,99.74,1344,No,0,17,31,7,0.21686384599959896,0,3.682191780821918,3.630778232884728
T101562,CUST2838,2023-06-03 11:08:00,121.32,Travel,PayPal,POS,Kolkata,0,143,81.69,1628,No,0,11,3,6,1.4851266984943077,0,4.46027397260274,26.189162067235323
T101563,CUST9893,2023-10-14 11:49:00,25.71,Food,Credit Card,Desktop,Pune,0,5,176.0,516,No,0,11,14,10,0.14607954545454546,0,1.4136986301369863,2.0715096481271282
T101564,CUST9655,2023-07-24 01:59:00,138.35,Health,NetBanking,Desktop,Kolkata,0,174,30.4,1459,No,0,1,24,7,4.550986842105263,1,3.9972602739726026,34.819078947368425
T101565,CUST6016,2023-06-18 08:58:00,44.1,Food,Debit Card,Mobile,Chennai,1,11,223.95,1992,No,1,8,18,6,0.1969189551239116,0,5.457534246575342,1.7034365719134494
T101566,CUST2259,2023-04-08 16:07:00,88.1,Utilities,PayPal,POS,Bengaluru,0,192,304.77,57,No,0,16,8,4,0.2890704465662631,0,0.15616438356164383,166.06635071090048
T101567,CUST5080,2023-12-13 23:27:00,8.03,Health,Credit Card,Mobile,Chennai,0,92,471.41,1199,No,0,23,13,12,0.017034004369869113,0,3.2849315068493152,21.47058823529412
T101568,CUST8523,2023-01-12 03:04:00,78.22,Grocery,PayPal,Mobile,Mumbai,0,142,316.66,317,No,0,3,12,1,0.24701572664687677,0,0.8684931506849315,75.99706744868035
T101569,CUST1949,2023-02-03 08:27:00,48.08,Food,PayPal,POS,Hyderabad,0,39,315.8,610,No,0,8,3,2,0.15224825839138695,0,1.6712328767123288,14.6
T101570,CUST7242,2023-01-19 03:54:00,70.67,Food,PayPal,POS,Bengaluru,1,195,193.46,979,No,1,3,19,1,0.36529515145249664,0,2.682191780821918,52.957589285714285
T101571,CUST1355,2023-09-17 04:40:00,14.72,Food,UPI,Desktop,Delhi,0,183,75.33,281,No,0,4,17,9,0.19540687641046064,0,0.7698630136986301,103.39783281733746
T101572,CUST3841,2024-01-01 20:51:00,106.81,Entertainment,Credit Card,Desktop,Kolkata,0,42,229.0,1215,No,0,20,1,1,0.46641921397379915,0,3.328767123287671,9.702531645569621
T101573,CUST4015,2023-01-13 16:59:00,158.9,Fashion,Credit Card,Desktop,Mumbai,0,94,303.35,956,No,0,16,13,1,0.5238173726718311,0,2.6191780821917807,25.972747918243755
T101574,CUST5099,2024-02-14 21:07:00,19.54,Food,PayPal,Desktop,Mumbai,0,5,364.78,139,No,0,21,14,2,0.05356653325291957,0,0.38082191780821917,3.6210317460317456
T101575,CUST4554,2023-01-19 21:35:00,8.05,Utilities,Debit Card,Mobile,Hyderabad,1,52,414.78,1918,No,0,21,19,1,0.019407878875548488,0,5.254794520547946,8.313622426631625
T101576,CUST7279,2023-04-02 22:08:00,1.91,Electronics,PayPal,Mobile,Bengaluru,0,150,135.4,673,No,0,22,2,4,0.014106351550960117,0,1.8438356164383563,52.74566473988439
T101577,CUST2584,2023-11-12 07:10:00,82.17,Electronics,UPI,POS,Mumbai,0,44,128.2,427,No,0,7,12,11,0.6409516380655227,0,1.16986301369863,20.27777777777778
T101578,CUST6948,2023-04-16 03:35:00,74.73,Health,NetBanking,Desktop,Bengaluru,0,115,287.0,1324,No,1,3,16,4,0.26038327526132404,0,3.627397260273973,24.851983422143277
T101579,CUST2763,2023-10-24 06:46:00,63.3,Grocery,UPI,Desktop,Bengaluru,0,187,287.35,1241,No,0,6,24,10,0.22028884635461976,0,3.4,42.5
T101580,CUST6264,2024-01-29 12:40:00,21.11,Fashion,Debit Card,Desktop,Pune,0,153,116.79,1585,No,0,12,29,1,0.18075177669321002,0,4.342465753424658,28.638461538461538
T101581,CUST7013,2023-05-28 10:24:00,39.66,Entertainment,PayPal,Mobile,Mumbai,0,127,297.86,305,No,0,10,28,5,0.13314980192036527,0,0.8356164383561644,69.18656716417911
T101582,CUST8202,2023-04-28 21:26:00,72.21,Health,Credit Card,POS,Bengaluru,0,116,179.48,718,No,0,21,28,4,0.4023289503008692,0,1.9671232876712328,39.09510618651893
T101583,CUST8222,2023-08-17 14:55:00,54.94,Electronics,PayPal,Mobile,Hyderabad,0,149,323.26,1664,No,0,14,17,8,0.16995607251129122,0,4.558904109589041,26.8038442582553
T101584,CUST4813,2023-02-03 07:54:00,352.41,Fashion,Debit Card,POS,Mumbai,0,192,152.61,276,No,0,7,3,2,2.309219579319835,1,0.7561643835616438,109.32917316692668
T101585,CUST6272,2023-08-21 12:08:00,11.74,Fashion,Credit Card,POS,Hyderabad,1,68,300.22,1377,No,1,12,21,8,0.03910465658517087,0,3.7726027397260276,14.247990815154996
T101586,CUST1866,2023-11-08 10:20:00,95.03,Grocery,UPI,Mobile,Hyderabad,0,47,386.47,1071,No,0,10,8,11,0.24589230729422723,0,2.9342465753424656,11.946378830083566
T101587,CUST1100,2023-04-08 11:22:00,41.44,Utilities,NetBanking,Mobile,Bengaluru,0,127,490.28,437,No,0,11,8,4,0.0845231296402056,0,1.1972602739726028,57.799251870324184
T101588,CUST6290,2023-01-21 01:05:00,44.72,Fashion,NetBanking,POS,Bengaluru,1,35,456.42,1464,No,0,1,21,1,0.09797993076552297,0,4.010958904109589,6.984691088026243
T101589,CUST4809,2024-01-17 23:55:00,101.15,Food,PayPal,Mobile,Pune,0,7,256.73,1854,No,0,23,17,1,0.3939936898687337,0,5.079452054794521,1.1514195583596214
T101590,CUST4145,2023-02-27 07:42:00,94.33,Fashion,UPI,Mobile,Kolkata,0,184,249.29,154,No,0,7,27,2,0.37839464077981466,0,0.42191780821917807,129.40269749518305
T101591,CUST9297,2023-12-26 06:43:00,379.15,Grocery,Debit Card,POS,Pune,0,116,224.47,1373,No,0,6,26,12,1.6890898561054928,0,3.7616438356164386,24.36133486766398
T101592,CUST3812,2023-03-11 21:23:00,10.99,Health,NetBanking,POS,Mumbai,0,52,23.6,182,No,0,21,11,3,0.4656779661016949,0,0.4986301369863014,34.69835466179159
T101593,CUST6186,2023-02-28 19:28:00,8.79,Grocery,UPI,Desktop,Pune,0,110,91.32,1634,No,0,19,28,2,0.09625492772667542,0,4.476712328767123,20.085042521260632
T101594,CUST5452,2023-01-22 16:38:00,103.09,Entertainment,PayPal,Mobile,Delhi,0,46,39.0,687,No,0,16,22,1,2.6433333333333335,1,1.8821917808219177,15.960076045627376
T101595,CUST6675,2023-05-01 12:35:00,69.09,Grocery,Credit Card,POS,Mumbai,0,137,351.21,1610,No,0,12,1,5,0.1967199111642607,0,4.410958904109589,25.318987341772154
T101596,CUST1179,2023-07-12 23:43:00,25.63,Electronics,PayPal,Mobile,Hyderabad,1,186,212.48,1931,No,1,23,12,7,0.12062311746987953,0,5.2904109589041095,29.568815331010452
T101597,CUST5142,2023-09-08 19:38:00,6.62,Food,PayPal,Mobile,Pune,0,23,41.25,49,No,0,19,8,9,0.16048484848484848,0,0.13424657534246576,20.27777777777778
T101598,CUST5834,2023-07-06 16:59:00,7.16,Utilities,UPI,POS,Pune,0,131,348.38,1856,No,0,16,6,7,0.020552270509214078,0,5.0849315068493155,21.52859072489869
T101599,CUST7477,2023-07-19 15:13:00,179.69,Electronics,NetBanking,Desktop,Kolkata,0,127,325.77,276,Yes,0,15,19,7,0.5515854744144643,0,0.7561643835616438,72.3166926677067
T101600,CUST9919,2023-12-18 21:54:00,17.04,Health,UPI,POS,Pune,0,189,362.78,1443,No,0,21,18,12,0.046970615800209496,0,3.9534246575342467,38.1554203539823
T101601,CUST2744,2023-08-15 17:07:00,31.25,Travel,Credit Card,POS,Bengaluru,0,9,303.92,1400,Yes,1,17,15,8,0.10282311134509081,0,3.835616438356164,1.861189801699717
T101602,CUST4566,2023-12-01 17:25:00,20.56,Health,UPI,Mobile,Hyderabad,0,53,89.15,1529,No,0,17,1,12,0.23062254627033088,0,4.189041095890411,10.213833157338966
T101603,CUST7462,2024-01-08 22:57:00,35.08,Food,Debit Card,Desktop,Pune,0,196,40.08,1256,No,0,22,8,1,0.875249500998004,0,3.441095890410959,44.1332510795805
T101604,CUST9427,2023-11-04 14:12:00,5.76,Fashion,PayPal,POS,Chennai,0,177,410.4,1062,No,0,14,4,11,0.014035087719298246,0,2.9095890410958902,45.27330063069377
T101605,CUST6963,2023-02-27 14:15:00,58.56,Grocery,NetBanking,Mobile,Chennai,0,198,115.75,1745,No,0,14,27,2,0.5059179265658748,0,4.780821917808219,34.25118483412322
T101606,CUST6983,2023-05-05 02:10:00,5.6,Travel,Credit Card,POS,Hyderabad,0,48,275.84,1721,No,0,2,5,5,0.020301624129930394,0,4.715068493150685,8.398849472674975
T101607,CUST3975,2024-02-11 09:48:00,128.9,Food,PayPal,Mobile,Pune,0,123,247.76,560,No,0,9,11,2,0.520261543429125,0,1.5342465753424657,48.535135135135135
T101608,CUST5596,2023-07-30 07:12:00,21.3,Electronics,UPI,POS,Kolkata,0,82,461.32,132,No,0,7,30,7,0.04617185467788087,0,0.36164383561643837,60.221327967806836
T101609,CUST8417,2023-11-26 16:01:00,62.12,Grocery,Debit Card,Desktop,Delhi,1,109,280.7,1299,No,1,16,26,11,0.2213038831492697,0,3.558904109589041,23.909254807692307
T101610,CUST7606,2023-02-21 18:43:00,169.67,Health,UPI,POS,Kolkata,0,7,294.21,626,No,0,18,21,2,0.5766969171680092,0,1.715068493150685,2.578203834510595
T101611,CUST4807,2023-12-03 16:45:00,84.19,Electronics,PayPal,Mobile,Delhi,1,99,166.56,1372,No,0,16,3,12,0.5054634966378482,0,3.758904109589041,20.803108808290155
T101612,CUST4019,2024-01-18 21:50:00,60.91,Food,Credit Card,POS,Mumbai,1,31,479.76,380,No,0,21,18,1,0.12695931298982824,0,1.0410958904109588,15.187919463087251
T101613,CUST2860,2023-01-05 21:58:00,31.36,Food,NetBanking,Desktop,Mumbai,1,102,310.06,263,No,0,21,5,1,0.10114171450686964,0,0.7205479452054795,59.28343949044586
T101614,CUST7423,2023-07-12 23:25:00,32.4,Health,PayPal,Desktop,Kolkata,0,56,12.44,1700,No,0,23,12,7,2.604501607717042,1,4.657534246575342,9.898305084745763
T101615,CUST5723,2023-12-11 10:30:00,88.57,Travel,Credit Card,Desktop,Pune,1,99,282.48,66,No,1,10,11,12,0.3135443217218918,0,0.18082191780821918,83.83990719257541
T101616,CUST7119,2023-12-11 04:39:00,411.16,Health,PayPal,Desktop,Kolkata,0,189,188.29,1398,No,0,4,11,12,2.1836528758829465,1,3.83013698630137,39.129325014180374
T101617,CUST6467,2023-01-27 06:44:00,86.74,Fashion,Debit Card,Mobile,Mumbai,0,5,25.73,1657,No,0,6,27,1,3.37116206762534,1,4.53972602739726,0.9025717111770524
T101618,CUST6553,2023-01-15 10:55:00,65.28,Electronics,UPI,POS,Bengaluru,0,30,221.46,321,No,0,10,15,1,0.2947710647520997,0,0.8794520547945206,15.96209912536443
T101619,CUST1649,2023-12-08 10:30:00,104.94,Travel,NetBanking,Desktop,Delhi,1,22,389.05,46,No,0,10,8,12,0.2697339673563809,0,0.12602739726027398,19.53771289537713
T101620,CUST3485,2023-09-15 20:59:00,50.07,Grocery,Credit Card,POS,Hyderabad,0,145,256.86,119,No,0,20,15,9,0.19493109086661994,0,0.32602739726027397,109.34917355371901
T101621,CUST8600,2023-06-15 06:58:00,4.96,Entertainment,NetBanking,Mobile,Kolkata,0,138,323.33,1401,No,0,6,15,6,0.015340364333652925,0,3.8383561643835615,28.522083805209512
T101622,CUST7253,2024-01-01 17:22:00,66.1,Fashion,NetBanking,POS,Pune,0,199,323.47,706,No,0,17,1,1,0.20434661637864404,0,1.9342465753424658,67.81979458450046
T101623,CUST2885,2023-12-11 06:05:00,252.9,Travel,NetBanking,POS,Pune,0,196,338.8,1006,No,0,6,11,12,0.7464580873671782,0,2.756164383561644,52.180889861415025
T101624,CUST1463,2023-02-17 11:25:00,15.42,Entertainment,Credit Card,Desktop,Chennai,0,170,199.92,1497,No,0,11,17,2,0.07713085234093638,0,4.101369863013699,33.32438238453276
T101625,CUST1697,2023-02-01 19:57:00,93.7,Entertainment,Credit Card,Desktop,Delhi,0,27,191.3,282,No,0,19,1,2,0.4898065865133298,0,0.7726027397260274,15.231839258114373
T101626,CUST4118,2023-06-03 08:34:00,17.94,Electronics,NetBanking,Mobile,Delhi,0,127,12.25,846,No,0,8,3,6,1.4644897959183674,0,2.317808219178082,38.278282411230386
T101627,CUST1751,2023-10-03 14:05:00,61.4,Food,UPI,POS,Delhi,0,135,85.57,1646,No,0,14,3,10,0.7175411943438121,0,4.50958904109589,24.50273495773247
T101628,CUST7405,2023-08-26 00:55:00,8.13,Grocery,PayPal,Mobile,Kolkata,0,23,475.9,213,No,0,0,26,8,0.017083420886740915,0,0.5835616438356165,14.524221453287199
T101629,CUST3488,2023-10-03 07:34:00,47.88,Health,NetBanking,Mobile,Mumbai,1,75,422.78,319,No,0,7,3,10,0.11325039027390134,0,0.873972602739726,40.021929824561404
T101630,CUST9453,2023-09-07 07:54:00,112.9,Electronics,Debit Card,Mobile,Bengaluru,0,117,144.8,790,No,0,7,7,9,0.779696132596685,0,2.164383561643836,36.97402597402597
T101631,CUST4065,2023-12-25 22:11:00,34.16,Fashion,NetBanking,Desktop,Kolkata,0,136,206.58,1268,Yes,0,22,25,12,0.16535966695711102,0,3.473972602739726,30.39804041641151
T101632,CUST3388,2023-07-25 05:48:00,87.47,Utilities,Credit Card,Desktop,Hyderabad,0,8,470.56,187,No,1,5,25,7,0.18588490309418565,0,0.5123287671232877,5.2898550724637685
T101633,CUST7835,2024-02-05 13:13:00,126.96,Entertainment,PayPal,POS,Mumbai,0,101,132.72,952,No,0,13,5,2,0.9566003616636528,0,2.6082191780821917,27.9916476841306
T101634,CUST8456,2023-05-20 22:58:00,209.58,Fashion,Debit Card,POS,Kolkata,0,5,270.94,720,No,0,22,20,5,0.7735291946556434,0,1.9726027397260273,1.6820276497695854
T101635,CUST5154,2023-07-23 22:47:00,21.39,Entertainment,PayPal,POS,Bengaluru,0,199,20.82,422,No,0,22,23,7,1.0273775216138328,0,1.1561643835616437,92.29351969504448
T101636,CUST3957,2023-03-05 08:33:00,40.77,Food,PayPal,Desktop,Delhi,0,86,313.67,1073,No,0,8,5,3,0.12997736474638952,0,2.9397260273972603,21.82892906815021
T101637,CUST5039,2023-01-08 02:29:00,13.23,Utilities,Debit Card,Desktop,Bengaluru,0,130,465.74,1524,No,0,2,8,1,0.028406407008202003,0,4.175342465753425,25.119110640550556
T101638,CUST8937,2023-02-24 13:32:00,391.25,Food,NetBanking,Mobile,Mumbai,0,179,443.52,460,No,0,13,24,2,0.8821473665223666,0,1.2602739726027397,79.1939393939394
T101639,CUST3421,2023-12-23 17:30:00,209.38,Grocery,NetBanking,Desktop,Kolkata,0,194,255.96,1712,No,0,17,23,12,0.8180184403813096,0,4.69041095890411,34.092441020702935
T101640,CUST3865,2024-01-04 09:00:00,62.11,Health,NetBanking,Mobile,Delhi,0,12,328.32,1026,No,0,9,4,1,0.18917519493177387,0,2.8109589041095893,3.14881380301941
T101641,CUST5395,2023-09-09 00:20:00,147.63,Grocery,UPI,Mobile,Kolkata,0,47,289.2,1034,No,0,0,9,9,0.5104771784232365,0,2.8328767123287673,12.262330235882773
T101642,CUST8900,2023-02-02 11:40:00,58.88,Food,NetBanking,Desktop,Mumbai,0,183,42.82,1121,No,0,11,2,2,1.3750583839327417,0,3.0712328767123287,44.94952893674294
T101643,CUST5143,2023-08-11 01:34:00,78.17,Food,Debit Card,Mobile,Hyderabad,1,26,87.77,1130,No,0,1,11,8,0.8906232197789679,0,3.095890410958904,6.3478260869565215
T101644,CUST6412,2023-03-12 05:48:00,7.47,Fashion,UPI,Mobile,Delhi,0,102,482.27,131,No,0,5,12,3,0.015489248761067453,0,0.3589041095890411,75.06048387096774
T101645,CUST5356,2023-09-25 00:46:00,112.61,Food,NetBanking,POS,Bengaluru,0,120,135.42,681,No,0,0,25,9,0.8315610692659874,0,1.8657534246575342,41.87380497131931
T101646,CUST7159,2023-05-07 09:39:00,10.93,Utilities,UPI,Mobile,Mumbai,0,173,198.38,922,No,0,9,7,5,0.05509627986692207,0,2.526027397260274,49.063714063714066
T101647,CUST9851,2023-01-18 20:27:00,139.93,Utilities,Debit Card,Desktop,Chennai,0,190,259.38,614,No,0,20,18,1,0.539478757036009,0,1.6821917808219178,70.83758937691522
T101648,CUST5113,2023-08-26 11:35:00,121.87,Travel,NetBanking,Desktop,Bengaluru,0,70,489.77,236,No,0,11,26,8,0.24883108397819387,0,0.6465753424657534,42.51247920133112
T101649,CUST7543,2023-02-09 19:20:00,98.68,Entertainment,Credit Card,Mobile,Bengaluru,0,2,348.1,242,No,0,19,9,2,0.28348175811548404,0,0.663013698630137,1.202635914332784
T101650,CUST7855,2023-07-28 23:06:00,2.95,Electronics,Debit Card,POS,Delhi,0,26,318.5,108,No,0,23,28,7,0.009262166405023548,0,0.2958904109589041,20.063424947145876
T101651,CUST4210,2023-12-29 16:55:00,28.89,Food,PayPal,Desktop,Kolkata,0,14,266.96,1166,No,0,16,29,12,0.10821845969433624,0,3.1945205479452055,3.3376877857609406
T101652,CUST4909,2023-09-18 02:24:00,24.43,Grocery,PayPal,Desktop,Pune,0,82,353.33,1818,No,0,2,18,9,0.06914216171850678,0,4.980821917808219,13.710490151168116
T101653,CUST1975,2023-03-19 20:17:00,35.72,Health,Debit Card,POS,Bengaluru,0,102,335.37,162,No,0,20,19,3,0.10650922861317351,0,0.4438356164383562,70.64516129032258
T101654,CUST2978,2023-09-13 08:18:00,7.34,Entertainment,PayPal,Mobile,Mumbai,0,185,452.39,1250,No,0,8,13,9,0.016224938659121554,0,3.4246575342465753,41.81114551083591
T101655,CUST7221,2023-06-29 12:11:00,221.12,Entertainment,Debit Card,Desktop,Chennai,0,32,275.5,1078,No,0,12,29,6,0.8026134301270418,0,2.9534246575342467,8.094248094248094
T101656,CUST1156,2023-10-10 20:51:00,64.56,Health,Credit Card,Mobile,Hyderabad,0,62,216.54,501,No,0,20,10,10,0.29814353006372957,0,1.3726027397260274,26.13163972286374
T101657,CUST2988,2023-02-14 10:02:00,29.17,Health,Debit Card,Mobile,Chennai,0,115,405.51,1666,No,0,10,14,2,0.07193410766688861,0,4.564383561643836,20.66715903495815
T101658,CUST3913,2023-07-31 21:34:00,40.46,Entertainment,NetBanking,Mobile,Mumbai,0,30,401.89,1810,No,0,21,31,7,0.10067431386697853,0,4.958904109589041,5.0344827586206895
T101659,CUST1739,2023-02-18 14:20:00,47.42,Travel,NetBanking,Mobile,Delhi,0,141,93.22,1596,No,0,14,18,2,0.5086891225059,0,4.372602739726028,26.244263131055583
T101660,CUST4161,2023-10-23 16:07:00,73.42,Grocery,UPI,Desktop,Mumbai,1,168,126.03,1995,No,0,16,23,10,0.5825597080060303,0,5.465753424657534,25.983050847457626
T101661,CUST9434,2024-02-04 17:34:00,58.0,Travel,PayPal,POS,Pune,0,31,479.73,319,No,0,17,4,2,0.12090134033727304,0,0.873972602739726,16.542397660818715
T101662,CUST3959,2023-05-06 01:55:00,201.45,Food,PayPal,Desktop,Pune,0,37,227.61,1309,No,0,1,6,5,0.8850665612231448,0,3.5863013698630137,8.067502986857825
T101663,CUST1038,2023-07-30 18:31:00,54.97,Electronics,Debit Card,POS,Pune,0,173,264.63,1990,No,0,18,30,7,0.20772399198881458,0,5.4520547945205475,26.813163481953293
T101664,CUST6953,2023-08-13 02:14:00,387.86,Health,PayPal,Mobile,Bengaluru,0,102,161.98,1259,No,0,2,13,8,2.3944931473021365,1,3.4493150684931506,22.924876847290637
T101665,CUST2882,2024-01-17 12:24:00,152.53,Utilities,NetBanking,POS,Delhi,0,128,245.72,1528,No,0,12,17,1,0.6207471919257692,0,4.186301369863013,24.680401479133653
T101666,CUST2105,2023-11-23 17:18:00,18.71,Grocery,Credit Card,Mobile,Kolkata,0,86,374.24,1036,No,0,17,23,11,0.049994655835827274,0,2.8383561643835615,22.405424696645255
T101667,CUST1422,2024-02-12 05:36:00,213.42,Health,Debit Card,Desktop,Pune,0,59,246.35,1121,No,0,5,12,2,0.8663283945605845,0,3.0712328767123287,14.49192462987887
T101668,CUST6745,2023-05-09 03:26:00,9.9,Travel,PayPal,Desktop,Kolkata,0,28,164.24,1268,No,1,3,9,5,0.06027764247442766,0,3.473972602739726,6.258420085731782
T101669,CUST6762,2023-02-18 07:15:00,136.06,Fashion,NetBanking,POS,Hyderabad,0,122,57.04,663,No,0,7,18,2,2.385343618513324,1,1.8164383561643835,43.31712062256809
T101670,CUST1283,2023-10-10 01:36:00,38.32,Food,UPI,Mobile,Hyderabad,0,61,464.85,451,No,0,1,10,10,0.0824351941486501,0,1.2356164383561643,27.285539215686278
T101671,CUST5059,2023-07-03 07:17:00,168.28,Electronics,PayPal,Mobile,Kolkata,0,147,437.11,587,No,0,7,3,7,0.38498318501063805,0,1.6082191780821917,56.36029411764706
T101672,CUST5432,2023-09-24 11:19:00,162.03,Food,Credit Card,POS,Mumbai,0,171,397.77,610,No,0,11,24,9,0.40734595369183196,0,1.6712328767123288,64.01538461538462
T101673,CUST2533,2023-01-14 18:43:00,131.16,Fashion,Credit Card,Mobile,Pune,0,187,350.09,568,No,0,18,14,1,0.3746465194664229,0,1.5561643835616439,73.15648445873526
T101674,CUST1509,2023-12-31 15:36:00,124.86,Electronics,PayPal,Mobile,Bengaluru,0,16,262.6,1736,No,0,15,31,12,0.47547600913937543,0,4.756164383561644,2.779628748215136
T101675,CUST3501,2024-01-16 19:40:00,29.07,Fashion,PayPal,Mobile,Hyderabad,0,69,449.72,1810,No,0,19,16,1,0.06464022058169527,0,4.958904109589041,11.579310344827586
T101676,CUST1497,2023-03-04 09:38:00,6.75,Food,NetBanking,Desktop,Chennai,0,44,397.93,491,No,0,9,4,3,0.016962782398914383,0,1.3452054794520547,18.761682242990652
T101677,CUST8350,2023-07-13 19:26:00,41.26,Travel,PayPal,Desktop,Delhi,0,113,409.85,1508,No,0,19,13,7,0.10067097718677565,0,4.131506849315069,22.020822210357714
T101678,CUST8552,2023-04-15 05:53:00,15.25,Entertainment,UPI,Desktop,Chennai,0,194,161.68,1035,No,0,5,15,4,0.09432211776348343,0,2.835616438356164,50.57857142857143
T101679,CUST6928,2023-02-17 07:58:00,94.98,Food,NetBanking,Mobile,Kolkata,0,138,217.49,330,No,0,7,17,2,0.4367097337808635,0,0.9041095890410958,72.47482014388488
T101680,CUST9896,2024-02-11 09:28:00,33.98,Food,Debit Card,Desktop,Hyderabad,0,175,356.33,1839,No,0,9,11,2,0.0953610417309797,0,5.038356164383561,28.981397459165155
T101681,CUST7809,2023-10-06 21:52:00,297.09,Food,UPI,Mobile,Hyderabad,0,19,191.82,1341,No,0,21,6,10,1.548795746011886,0,3.673972602739726,4.065064478311841
T101682,CUST7388,2024-01-04 07:55:00,81.95,Grocery,NetBanking,Mobile,Mumbai,0,84,252.05,1814,No,0,7,4,1,0.32513390200357073,0,4.96986301369863,14.070674621385958
T101683,CUST8687,2024-02-08 18:28:00,138.29,Fashion,NetBanking,POS,Mumbai,0,93,326.79,1055,No,0,18,8,2,0.4231769637993818,0,2.8904109589041096,23.904929577464788
T101684,CUST9708,2023-03-14 07:17:00,11.37,Utilities,Credit Card,Mobile,Pune,0,179,224.5,1990,No,0,7,14,3,0.050645879732739416,0,5.4520547945205475,27.743099787685775
T101685,CUST9801,2023-04-21 22:25:00,158.45,Fashion,NetBanking,Desktop,Kolkata,0,141,398.59,1073,No,0,22,21,4,0.39752628013748464,0,2.9397260273972603,35.78929068150209
T101686,CUST1788,2023-09-08 14:23:00,204.86,Health,UPI,Desktop,Delhi,0,191,66.98,1530,No,0,14,8,9,3.0585249328157658,1,4.191780821917808,36.78891820580475
T101687,CUST9605,2024-01-18 10:58:00,53.41,Fashion,PayPal,Mobile,Pune,0,144,361.85,983,No,0,10,18,1,0.14760259776150336,0,2.6931506849315068,38.99109792284867
T101688,CUST8152,2023-02-28 10:11:00,74.56,Health,UPI,Desktop,Mumbai,1,181,81.15,1544,No,0,10,28,2,0.91879235982748,0,4.23013698630137,34.60712414876899
T101689,CUST9439,2023-04-27 11:44:00,115.79,Grocery,Debit Card,Mobile,Bengaluru,0,163,469.54,1015,No,0,11,27,4,0.24660305831239085,0,2.780821917808219,43.11231884057971
T101690,CUST9355,2023-08-23 01:43:00,15.37,Travel,NetBanking,POS,Delhi,0,100,163.88,835,No,0,1,23,8,0.09378813766170369,0,2.287671232876712,30.416666666666668
T101691,CUST3215,2023-02-16 13:32:00,55.86,Health,NetBanking,Mobile,Bengaluru,0,187,399.76,286,No,0,13,16,2,0.1397338403041825,0,0.7835616438356164,104.84639016897081
T101692,CUST5706,2023-11-06 01:08:00,40.69,Food,NetBanking,Mobile,Pune,0,39,265.49,482,No,0,1,6,11,0.15326377641342423,0,1.3205479452054794,16.80637544273908
T101693,CUST8435,2023-07-27 22:41:00,12.66,Travel,NetBanking,POS,Mumbai,0,67,54.63,467,No,0,22,27,7,0.2317408017572762,0,1.2794520547945205,29.393028846153847
T101694,CUST9831,2023-09-01 20:39:00,36.65,Entertainment,Credit Card,Desktop,Delhi,0,73,295.47,1814,No,0,20,1,9,0.12403966561749076,0,4.96986301369863,12.228086278109226
T101695,CUST1384,2023-01-28 06:05:00,5.65,Grocery,Credit Card,POS,Pune,0,189,456.97,427,Yes,1,6,28,1,0.012364050156465413,0,1.16986301369863,87.10227272727273
T101696,CUST8486,2023-12-27 10:28:00,2.09,Fashion,PayPal,POS,Hyderabad,0,50,87.04,1206,No,0,10,27,12,0.024011948529411763,0,3.304109589041096,11.616804583068111
T101697,CUST6527,2023-07-02 23:12:00,11.62,Health,NetBanking,Mobile,Pune,0,53,167.44,678,No,0,23,2,7,0.06939799331103678,0,1.8575342465753424,18.54745925215724
T101698,CUST1136,2023-04-09 19:22:00,264.0,Utilities,Debit Card,Mobile,Kolkata,0,46,225.19,251,No,0,19,9,4,1.1723433545006439,0,0.6876712328767123,27.256493506493506
T101699,CUST8256,2024-01-29 14:33:00,63.8,Food,PayPal,POS,Chennai,0,52,144.78,1776,No,0,14,29,1,0.4406686006354469,0,4.865753424657535,8.865016347501166
T101700,CUST9565,2023-08-23 17:53:00,270.09,Electronics,NetBanking,Desktop,Hyderabad,0,124,472.45,1754,No,0,17,23,8,0.5716795428087628,0,4.8054794520547945,21.35913166588013
T101701,CUST6486,2023-02-04 05:23:00,45.32,Entertainment,Credit Card,POS,Bengaluru,0,157,194.98,1489,No,0,5,4,2,0.23243409580469793,0,4.079452054794521,30.908845738942826
T101702,CUST7451,2023-12-17 14:59:00,29.9,Electronics,Debit Card,Desktop,Hyderabad,0,5,332.45,1797,No,0,14,17,12,0.08993833659196872,0,4.923287671232877,0.8441258094357077
T101703,CUST7645,2023-10-10 20:38:00,56.44,Travel,PayPal,POS,Pune,0,195,119.72,165,No,0,20,10,10,0.471433344470431,0,0.4520547945205479,134.29245283018867
T101704,CUST4510,2024-01-10 07:19:00,46.32,Fashion,Debit Card,POS,Hyderabad,0,74,117.66,1581,No,0,7,10,1,0.39367669556348805,0,4.331506849315068,13.879753340184996
T101705,CUST3867,2023-05-27 06:53:00,8.93,Utilities,NetBanking,Desktop,Chennai,0,95,96.17,655,No,0,6,27,5,0.09285640012477903,0,1.7945205479452055,33.995098039215684
T101706,CUST5070,2023-10-18 12:12:00,81.92,Electronics,UPI,POS,Kolkata,0,75,223.06,805,No,0,12,18,10,0.36725544696494217,0,2.2054794520547945,23.397435897435898
T101707,CUST4159,2023-09-16 00:42:00,19.47,Travel,Debit Card,Mobile,Pune,0,168,271.1,1332,No,0,0,16,9,0.0718185171523423,0,3.649315068493151,36.13435474366529
T101708,CUST8322,2023-08-13 18:07:00,77.32,Grocery,Debit Card,POS,Chennai,0,116,15.27,614,No,0,18,13,8,5.063523248199083,1,1.6821917808219178,43.24821246169561
T101709,CUST9358,2023-09-07 18:57:00,84.03,Travel,Credit Card,Mobile,Hyderabad,0,130,418.13,1789,No,0,18,7,9,0.20096620668213236,0,4.901369863013699,22.02878365831012
T101710,CUST7125,2023-09-06 18:44:00,13.19,Entertainment,NetBanking,Desktop,Chennai,0,68,261.25,514,No,0,18,6,9,0.05048803827751196,0,1.4082191780821918,28.236632536973836
T101711,CUST3765,2023-11-03 17:58:00,5.06,Utilities,Debit Card,Desktop,Hyderabad,0,190,87.03,1599,No,0,17,3,11,0.058140870964035384,0,4.380821917808219,35.31059063136456
T101712,CUST7628,2023-11-22 11:06:00,121.41,Utilities,NetBanking,Mobile,Delhi,0,80,42.97,1298,Yes,0,11,22,11,2.8254596229927857,1,3.5561643835616437,17.558628983764283
T101713,CUST3691,2023-04-28 22:03:00,49.27,Travel,Credit Card,POS,Hyderabad,0,186,40.97,1803,No,0,22,28,4,1.2025872589699782,0,4.93972602739726,31.31457564575646
T101714,CUST8525,2023-12-09 06:52:00,4.79,Entertainment,NetBanking,Mobile,Mumbai,1,105,136.25,1071,No,1,6,9,12,0.035155963302752294,0,2.9342465753424656,26.68871866295265
T101715,CUST7322,2023-10-15 09:16:00,421.75,Travel,Credit Card,Mobile,Chennai,0,69,254.65,906,Yes,1,9,15,10,1.656194777145101,0,2.4821917808219176,19.815106215578286
T101716,CUST4210,2023-09-02 23:04:00,4.76,Utilities,Credit Card,Desktop,Kolkata,0,186,431.52,1609,No,0,23,2,9,0.011030774935113088,0,4.4082191780821915,34.392097264437695
T101717,CUST5671,2023-08-10 13:49:00,95.0,Utilities,PayPal,Mobile,Chennai,0,163,452.45,1196,No,0,13,10,8,0.20996795225991824,0,3.276712328767123,38.11338885329916
T101718,CUST2975,2024-02-10 15:16:00,329.22,Food,NetBanking,POS,Bengaluru,0,142,417.84,530,No,0,15,10,2,0.7879092475588744,0,1.452054794520548,57.910614525139664
T101719,CUST7384,2023-11-08 20:51:00,21.87,Travel,UPI,Mobile,Kolkata,0,143,171.0,1580,No,0,20,8,11,0.12789473684210526,0,4.328767123287672,26.835475578406168
T101720,CUST4870,2024-01-09 20:01:00,12.28,Health,PayPal,Desktop,Kolkata,0,134,160.21,122,No,0,20,9,1,0.07664939766556395,0,0.33424657534246577,100.43121149897331
T101721,CUST1463,2023-02-25 00:26:00,10.35,Travel,Credit Card,POS,Bengaluru,0,16,493.85,1436,No,0,0,25,2,0.020957780702642502,0,3.9342465753424656,3.2426429761243756
T101722,CUST6290,2023-06-07 02:31:00,28.91,Utilities,UPI,Desktop,Mumbai,0,87,343.83,1942,No,0,2,7,6,0.08408224994910275,0,5.32054794520548,13.764629388816644
T101723,CUST5454,2024-01-06 23:24:00,8.52,Food,Debit Card,Mobile,Chennai,0,124,159.43,308,No,0,23,6,1,0.05344038135858997,0,0.8438356164383561,67.25111441307578
T101724,CUST1667,2023-04-17 10:32:00,94.25,Food,Debit Card,Mobile,Kolkata,1,174,171.25,1780,No,0,10,17,4,0.5503649635036496,0,4.876712328767123,29.60839160839161
T101725,CUST3546,2023-01-31 16:26:00,5.15,Grocery,PayPal,Desktop,Chennai,0,191,222.98,1502,No,0,16,31,1,0.023096241815409455,0,4.115068493150685,37.34065345474023
T101726,CUST3040,2023-08-03 02:08:00,56.97,Entertainment,UPI,Desktop,Kolkata,0,140,314.69,1814,No,0,2,3,8,0.18103530458546505,0,4.96986301369863,23.451124368976597
T101727,CUST4491,2023-06-14 21:15:00,457.03,Fashion,NetBanking,POS,Bengaluru,0,41,450.01,1011,No,0,21,14,6,1.0155996533410367,0,2.76986301369863,10.875726744186046
T101728,CUST5370,2023-02-20 20:36:00,134.55,Electronics,UPI,Desktop,Bengaluru,0,119,107.17,1636,No,0,20,20,2,1.2554819445740413,0,4.482191780821918,21.70664667666167
T101729,CUST2802,2023-12-16 03:43:00,76.41,Electronics,PayPal,Desktop,Hyderabad,0,19,51.36,650,No,0,3,16,12,1.487733644859813,0,1.7808219178082192,6.832512315270936
T101730,CUST4143,2023-09-19 18:53:00,29.25,Travel,NetBanking,Mobile,Pune,0,76,208.82,1341,No,0,18,19,9,0.14007278996264727,0,3.673972602739726,16.260257913247365
T101731,CUST3786,2023-08-31 17:51:00,78.23,Grocery,NetBanking,Mobile,Chennai,0,109,130.27,505,No,0,17,31,8,0.6005219927842174,0,1.3835616438356164,45.72988505747127
T101732,CUST6277,2023-07-21 03:12:00,59.9,Travel,Debit Card,Desktop,Chennai,0,119,292.26,911,No,0,3,21,7,0.20495449257510437,0,2.495890410958904,34.03996865203762
T101733,CUST7791,2023-08-27 03:54:00,44.42,Electronics,UPI,Desktop,Kolkata,0,113,352.62,701,No,0,3,27,8,0.1259713005501673,0,1.9205479452054794,38.691369606003754
T101734,CUST7416,2023-08-03 13:29:00,11.21,Entertainment,NetBanking,Mobile,Hyderabad,0,2,162.26,830,No,0,13,3,8,0.06908665105386418,0,2.2739726027397262,0.610878661087866
T101735,CUST8049,2023-01-19 15:47:00,174.15,Utilities,PayPal,POS,Chennai,0,20,345.87,200,No,0,15,19,1,0.5035128805620609,0,0.547945205479452,12.920353982300885
T101736,CUST2222,2023-07-01 01:31:00,47.8,Entertainment,Debit Card,POS,Kolkata,0,119,178.14,1578,No,0,1,1,7,0.2683282811272033,0,4.323287671232877,22.354606278950076
T101737,CUST7441,2024-01-03 08:24:00,17.32,Entertainment,NetBanking,POS,Mumbai,0,95,321.13,401,No,0,8,3,1,0.0539345436427615,0,1.0986301369863014,45.26762402088773
T101738,CUST8012,2023-01-02 01:07:00,36.68,Food,UPI,POS,Bengaluru,0,137,320.2,761,No,0,1,2,1,0.11455340412242349,0,2.084931506849315,44.40941385435169
T101739,CUST7765,2023-04-30 05:37:00,42.77,Utilities,Debit Card,Mobile,Bengaluru,0,21,146.3,1446,No,1,5,30,4,0.2923444976076555,0,3.9616438356164383,4.232468249585864
T101740,CUST3432,2023-09-02 00:09:00,140.61,Fashion,UPI,Desktop,Pune,1,8,321.5,214,Yes,1,0,2,9,0.43735614307931575,0,0.5863013698630137,5.043177892918825
T101741,CUST8267,2023-03-09 01:43:00,105.82,Utilities,UPI,POS,Bengaluru,0,167,196.67,1563,No,0,1,9,3,0.5380586769715767,0,4.282191780821917,31.61566390041494
T101742,CUST9263,2023-07-02 21:56:00,117.33,Grocery,UPI,Mobile,Delhi,0,165,174.86,1485,No,0,21,2,7,0.6709939380075488,0,4.068493150684931,32.554054054054056
T101743,CUST5018,2023-11-01 18:12:00,0.89,Food,Debit Card,Desktop,Mumbai,0,29,151.75,968,No,0,18,1,11,0.005864909390444811,0,2.652054794520548,7.940735183795948
T101744,CUST6946,2023-06-26 09:21:00,43.05,Fashion,NetBanking,POS,Mumbai,0,35,179.37,864,No,0,9,26,6,0.2400066900819535,0,2.367123287671233,10.394629780309195
T101745,CUST1455,2024-01-07 23:55:00,52.52,Grocery,Credit Card,Desktop,Hyderabad,0,38,395.5,238,No,0,23,7,1,0.13279393173198484,0,0.6520547945205479,23.001658374792704
T101746,CUST5110,2023-09-19 16:24:00,1.55,Grocery,NetBanking,POS,Delhi,0,90,130.14,1023,No,0,16,19,9,0.01191025049946212,0,2.802739726027397,23.6671469740634
T101747,CUST7230,2023-06-02 17:24:00,24.07,Electronics,Debit Card,Desktop,Chennai,0,163,344.17,829,No,0,17,2,6,0.06993636865502513,0,2.271232876712329,49.82830820770519
T101748,CUST8147,2023-09-20 15:14:00,114.27,Food,Credit Card,POS,Pune,0,68,451.3,1382,No,0,15,20,9,0.2532018612896078,0,3.786301369863014,14.20721236405266
T101749,CUST6603,2023-12-01 11:18:00,11.8,Grocery,Credit Card,POS,Mumbai,0,131,181.71,1414,Yes,0,11,1,12,0.06493863848990149,0,3.873972602739726,26.87745924676785
T101750,CUST3308,2023-10-30 19:30:00,61.31,Health,Credit Card,Desktop,Delhi,0,109,24.46,1497,No,0,19,30,10,2.506541291905151,1,4.101369863013699,21.366809881847477
T101751,CUST2311,2024-02-04 06:16:00,19.39,Entertainment,PayPal,Desktop,Delhi,0,111,22.06,1950,Yes,1,6,4,2,0.8789664551223936,0,5.342465753424658,17.50107991360691
T101752,CUST6329,2023-12-17 09:31:00,0.98,Grocery,Debit Card,Desktop,Kolkata,0,12,78.36,1494,No,0,9,17,12,0.012506380806533947,0,4.093150684931507,2.35610543302851
T101753,CUST1233,2023-03-04 23:22:00,22.08,Fashion,PayPal,Mobile,Mumbai,0,32,63.92,398,No,0,23,4,3,0.3454317897371714,0,1.0904109589041096,15.307994757536044
T101754,CUST3881,2023-02-23 17:43:00,297.96,Electronics,Credit Card,Mobile,Kolkata,0,175,376.56,1159,No,0,17,23,2,0.7912683237731039,0,3.175342465753425,41.91272965879265
T101755,CUST8651,2023-09-19 11:35:00,129.37,Travel,PayPal,Desktop,Hyderabad,0,63,154.48,753,No,0,11,19,9,0.8374546866908339,0,2.063013698630137,20.567978533094813
T101756,CUST2049,2023-03-22 19:53:00,256.67,Entertainment,PayPal,Mobile,Delhi,0,154,329.73,1378,No,0,19,22,3,0.778424771782974,0,3.7753424657534245,32.24899598393574
T101757,CUST8136,2023-01-12 14:54:00,53.53,Electronics,Debit Card,POS,Bengaluru,0,43,30.8,1285,No,0,14,12,1,1.737987012987013,0,3.5205479452054793,9.512121212121214
T101758,CUST1496,2023-03-11 14:04:00,9.3,Travel,UPI,Desktop,Delhi,0,107,154.91,1034,No,0,14,11,3,0.06003485895035828,0,2.8328767123287673,27.916368834882057
T101759,CUST8497,2023-03-24 16:14:00,63.52,Food,PayPal,Mobile,Chennai,0,172,124.73,1778,No,0,16,24,3,0.5092600016034635,0,4.8712328767123285,29.29538030797947
T101760,CUST2769,2023-10-01 23:57:00,48.47,Food,PayPal,Desktop,Mumbai,0,38,145.67,866,No,0,23,1,10,0.3327383812727398,0,2.372602739726027,11.267262388302195
T101761,CUST9460,2023-06-11 13:29:00,148.82,Grocery,Credit Card,POS,Chennai,0,29,103.45,1761,No,0,13,11,6,1.4385693571773803,0,4.824657534246575,4.9788334901222955
T101762,CUST3661,2023-07-09 21:28:00,8.26,Health,Credit Card,POS,Hyderabad,0,55,312.78,1302,No,0,21,9,7,0.026408338129036386,0,3.5671232876712327,12.042591481703658
T101763,CUST1709,2024-02-21 15:34:00,53.59,Food,Credit Card,Mobile,Pune,0,52,334.71,1370,No,0,15,21,2,0.16010875085895254,0,3.7534246575342465,10.939481268011528
T101764,CUST7153,2024-02-19 18:13:00,13.01,Utilities,NetBanking,POS,Bengaluru,0,115,82.75,293,No,0,18,19,2,0.15722054380664652,0,0.8027397260273973,63.79179331306991
T101765,CUST6251,2023-01-05 06:59:00,31.41,Grocery,PayPal,Desktop,Mumbai,1,19,373.16,1782,No,0,6,5,1,0.08417300889698788,0,4.882191780821918,3.230088495575221
T101766,CUST6150,2023-11-01 19:43:00,106.96,Entertainment,Credit Card,Mobile,Delhi,0,35,132.52,1556,No,0,19,1,11,0.8071234530636884,0,4.263013698630137,6.650182196772515
T101767,CUST3975,2023-07-27 12:41:00,51.7,Electronics,Debit Card,Desktop,Bengaluru,0,48,148.63,1316,No,0,12,27,7,0.34784363856556555,0,3.6054794520547944,10.42236763831053
T101768,CUST9592,2023-08-11 17:47:00,37.71,Food,NetBanking,Desktop,Delhi,0,110,416.12,1986,No,0,17,11,8,0.09062289724118043,0,5.441095890410959,17.077839217354317
T101769,CUST1521,2023-02-13 16:47:00,40.13,Utilities,UPI,Desktop,Hyderabad,0,188,451.57,711,No,0,16,13,2,0.08886772814845982,0,1.9479452054794522,63.773234200743495
T101770,CUST4449,2023-02-21 00:30:00,49.21,Electronics,PayPal,POS,Pune,0,31,414.13,1469,No,1,0,21,2,0.11882742134112477,0,4.024657534246575,6.1695747001090515
T101771,CUST1172,2023-02-01 23:44:00,122.98,Electronics,PayPal,Desktop,Mumbai,0,3,82.4,942,No,0,23,1,2,1.4924757281553398,0,2.580821917808219,0.837796480489671
T101772,CUST2021,2023-04-09 18:44:00,178.11,Health,Debit Card,POS,Hyderabad,0,163,499.64,1721,Yes,1,18,9,4,0.35647666319750226,0,4.715068493150685,28.52109300095877
T101773,CUST5521,2023-08-26 10:29:00,248.68,Food,UPI,Desktop,Hyderabad,0,88,339.36,99,No,0,10,26,8,0.7327911362564827,0,0.27123287671232876,69.22413793103448
T101774,CUST3582,2023-03-16 13:34:00,123.68,Electronics,UPI,POS,Pune,0,52,260.23,1287,No,0,13,16,3,0.4752718748799139,0,3.526027397260274,11.48910411622276
T101775,CUST2653,2023-05-25 02:25:00,30.31,Health,NetBanking,POS,Hyderabad,0,71,477.87,461,No,0,2,25,5,0.06342729194132295,0,1.263013698630137,31.37409200968523
T101776,CUST2825,2023-06-09 23:08:00,93.21,Health,PayPal,POS,Hyderabad,0,51,410.52,1107,No,0,23,9,6,0.22705349313066353,0,3.032876712328767,12.646059782608697
T101777,CUST2721,2024-01-02 10:16:00,46.04,Food,Credit Card,Desktop,Delhi,1,56,348.95,199,No,0,10,2,1,0.13193867316234417,0,0.5452054794520548,36.24113475177305
T101778,CUST8637,2024-02-09 03:25:00,23.51,Health,Debit Card,Desktop,Kolkata,0,99,420.81,65,Yes,1,3,9,2,0.055868444190965046,0,0.1780821917808219,84.03488372093022
T101779,CUST9686,2023-11-25 22:22:00,147.04,Food,Debit Card,POS,Chennai,0,21,198.88,1887,Yes,1,22,25,11,0.7393403057119871,0,5.16986301369863,3.403641207815275
T101780,CUST1569,2023-09-21 06:32:00,3.13,Utilities,Debit Card,Desktop,Delhi,1,129,345.37,1980,Yes,1,6,21,9,0.00906274430321105,0,5.424657534246576,20.078891257995735
T101781,CUST6810,2023-10-14 08:01:00,185.63,Food,Debit Card,POS,Pune,0,108,103.38,288,No,0,8,14,10,1.7956084349003676,0,0.7890410958904109,60.36753445635529
T101782,CUST2615,2023-04-24 11:49:00,49.51,Travel,Credit Card,Desktop,Bengaluru,0,53,494.12,280,No,0,11,24,4,0.10019833238889338,0,0.7671232876712328,29.992248062015506
T101783,CUST5465,2024-02-12 08:12:00,81.11,Electronics,Credit Card,POS,Pune,0,6,298.6,42,No,0,8,12,2,0.2716342933690556,0,0.11506849315068493,5.380835380835381
T101784,CUST1651,2023-11-19 05:50:00,86.15,Utilities,NetBanking,POS,Pune,1,82,408.98,700,No,1,5,19,11,0.21064599735928408,0,1.917808219178082,28.103286384976528
T101785,CUST9241,2023-05-24 04:52:00,180.39,Fashion,PayPal,Mobile,Pune,1,190,209.6,570,No,1,4,24,5,0.8606393129770992,0,1.5616438356164384,74.1711229946524
T101786,CUST6377,2023-10-25 00:21:00,81.0,Food,Credit Card,Desktop,Pune,0,79,381.71,86,No,1,0,25,10,0.21220298132089807,0,0.2356164383561644,63.93569844789357
T101787,CUST2630,2023-08-29 19:41:00,76.14,Electronics,NetBanking,Desktop,Hyderabad,0,47,199.82,1033,No,0,19,29,8,0.38104293864478034,0,2.83013698630137,12.271101573676681
T101788,CUST1045,2023-03-01 22:20:00,5.52,Entertainment,UPI,Mobile,Pune,0,96,299.1,1214,No,0,22,1,3,0.018455366098294883,0,3.326027397260274,22.19126029132362
T101789,CUST1356,2023-11-24 14:50:00,58.45,Health,PayPal,POS,Bengaluru,0,106,391.29,466,No,0,14,24,11,0.14937769940453371,0,1.2767123287671234,46.55836341756919
T101790,CUST9136,2023-03-21 07:19:00,13.02,Grocery,Credit Card,POS,Pune,0,178,67.07,807,No,0,7,21,3,0.19412554048009545,0,2.210958904109589,55.43515358361775
T101791,CUST5850,2023-09-19 22:11:00,106.98,Food,UPI,Mobile,Delhi,0,82,184.83,259,No,0,22,19,9,0.5788021425093329,0,0.7095890410958904,47.964743589743584
T101792,CUST1238,2023-05-07 19:52:00,57.43,Health,NetBanking,Mobile,Hyderabad,0,31,277.02,860,No,0,19,7,5,0.2073135513681323,0,2.356164383561644,9.236734693877551
T101793,CUST1214,2023-06-12 23:23:00,91.21,Health,Credit Card,POS,Delhi,0,192,173.66,870,No,0,23,12,6,0.5252216975699643,0,2.3835616438356166,56.744939271255056
T101794,CUST3635,2023-10-08 08:00:00,3.41,Health,Credit Card,Desktop,Hyderabad,0,157,161.49,1246,No,0,8,8,10,0.02111585856709394,0,3.4136986301369863,35.57107386716325
T101795,CUST9219,2023-01-03 20:33:00,7.09,Health,UPI,Mobile,Delhi,0,143,148.02,649,No,0,20,3,1,0.04789893257667882,0,1.7780821917808218,51.47435897435898
T101796,CUST2886,2024-01-01 22:49:00,100.79,Health,Credit Card,Mobile,Mumbai,0,58,121.62,386,No,0,22,1,1,0.8287288274954777,0,1.0575342465753426,28.189081225033284
T101797,CUST2425,2023-08-28 20:23:00,5.99,Food,Debit Card,Mobile,Chennai,0,23,425.96,381,No,0,20,28,8,0.014062353272607757,0,1.0438356164383562,11.253351206434317
T101798,CUST6955,2023-04-30 14:57:00,5.91,Entertainment,Credit Card,Mobile,Chennai,0,166,462.61,894,No,0,14,30,4,0.012775339919154364,0,2.4493150684931506,48.12549642573471
T101799,CUST6312,2023-08-23 23:37:00,0.97,Fashion,PayPal,Mobile,Hyderabad,0,41,353.08,1311,No,0,23,23,8,0.0027472527472527475,0,3.591780821917808,8.928997613365155
T101800,CUST1775,2023-12-25 13:34:00,250.8,Travel,UPI,Mobile,Mumbai,0,15,24.7,651,No,0,13,25,12,10.153846153846155,1,1.7835616438356163,5.388779527559055
T101801,CUST5704,2023-12-08 23:09:00,107.0,Health,PayPal,POS,Bengaluru,0,87,395.25,1695,Yes,1,23,8,12,0.27071473750790637,0,4.6438356164383565,15.41504854368932
T101802,CUST3306,2023-06-08 06:26:00,34.86,Health,NetBanking,POS,Mumbai,1,3,270.65,664,No,0,6,8,6,0.12880103454646222,0,1.819178082191781,1.064139941690962
T101803,CUST9546,2024-02-04 04:44:00,28.14,Travel,PayPal,Mobile,Kolkata,0,1,381.47,994,Yes,0,4,4,2,0.07376726872362177,0,2.723287671232877,0.26857983811626196
T101804,CUST5466,2023-07-07 05:05:00,34.43,Entertainment,Debit Card,POS,Hyderabad,0,75,224.3,657,No,0,5,7,7,0.15349977708426213,0,1.8,26.78571428571429
T101805,CUST9256,2023-01-06 23:54:00,119.21,Utilities,Debit Card,Desktop,Mumbai,0,139,30.23,1795,No,0,23,6,1,3.9434336751571286,1,4.917808219178082,23.488425925925927
T101806,CUST2077,2023-05-08 05:31:00,86.63,Entertainment,PayPal,Desktop,Bengaluru,1,188,344.06,322,No,0,5,8,5,0.25178747892809394,0,0.8821917808219178,99.88355167394468
T101807,CUST1917,2023-04-11 16:59:00,16.38,Utilities,NetBanking,Mobile,Hyderabad,0,193,227.62,1439,No,0,16,11,4,0.07196204199982427,0,3.9424657534246577,39.04933481152993
T101808,CUST3064,2023-06-25 15:00:00,15.3,Food,Credit Card,Desktop,Chennai,0,76,438.28,1798,No,0,15,25,6,0.03490919047184449,0,4.926027397260274,12.824780397595932
T101809,CUST1466,2023-11-27 16:04:00,8.29,Electronics,Debit Card,Desktop,Pune,0,4,371.69,858,Yes,0,16,27,11,0.02230353251365385,0,2.350684931506849,1.1937857726901064
T101810,CUST8319,2023-02-04 18:13:00,86.38,Grocery,PayPal,POS,Mumbai,0,25,186.19,263,No,0,18,4,2,0.4639346903700521,0,0.7205479452054795,14.530254777070063
T101811,CUST8327,2023-07-26 02:58:00,115.64,Grocery,PayPal,POS,Chennai,0,171,364.8,1349,No,0,2,26,7,0.3169956140350877,0,3.695890410958904,36.41481913652275
T101812,CUST3344,2023-11-23 12:00:00,24.64,Electronics,PayPal,POS,Chennai,0,94,252.65,1756,No,0,12,23,11,0.09752622204630912,0,4.810958904109589,16.176331918906175
T101813,CUST9375,2023-08-07 21:41:00,1.69,Food,Credit Card,POS,Delhi,0,168,107.73,566,No,0,21,7,8,0.015687366564559546,0,1.5506849315068494,65.86466165413533
T101814,CUST8783,2023-09-17 22:34:00,6.86,Grocery,UPI,Desktop,Bengaluru,0,96,215.74,1432,No,0,22,17,9,0.0317975340687865,0,3.9232876712328766,19.4991652754591
T101815,CUST4754,2024-02-01 14:21:00,275.01,Entertainment,NetBanking,Mobile,Kolkata,0,108,119.06,1731,No,0,14,1,2,2.3098437762472703,1,4.742465753424658,18.807251908396946
T101816,CUST4337,2023-06-29 17:53:00,28.02,Travel,UPI,POS,Pune,0,99,12.44,834,No,0,17,29,6,2.252411575562701,1,2.2849315068493152,30.13761467889908
T101817,CUST3190,2023-09-17 21:36:00,117.3,Electronics,NetBanking,Desktop,Mumbai,0,95,130.93,1263,No,0,21,17,9,0.8958985717559,0,3.4602739726027396,21.29914004914005
T101818,CUST1417,2023-07-14 17:02:00,78.39,Entertainment,NetBanking,POS,Chennai,0,100,112.67,568,No,0,17,14,7,0.6957486464897488,0,1.5561643835616439,39.12111468381565
T101819,CUST4781,2023-03-09 21:37:00,38.49,Fashion,PayPal,Desktop,Chennai,0,91,12.13,881,No,0,21,9,3,3.1731244847485574,1,2.4136986301369863,26.65730337078652
T101820,CUST2176,2023-02-11 14:55:00,18.42,Food,Debit Card,POS,Kolkata,0,44,394.12,207,No,0,14,11,2,0.046737034405764745,0,0.5671232876712329,28.076923076923077
T101821,CUST3073,2023-05-30 07:16:00,10.35,Electronics,PayPal,Mobile,Bengaluru,0,187,47.72,1983,No,0,7,30,5,0.21689019279128247,0,5.432876712328767,29.069420783645658
T101822,CUST9813,2023-08-12 01:08:00,76.36,Grocery,Credit Card,POS,Pune,1,128,230.04,585,No,0,1,12,8,0.3319422709094071,0,1.6027397260273972,49.178947368421056
T101823,CUST8314,2023-03-17 18:41:00,119.2,Food,NetBanking,Mobile,Pune,0,23,214.76,1125,No,0,18,17,3,0.5550381821568262,0,3.0821917808219177,5.634228187919464
T101824,CUST3907,2023-05-02 17:09:00,82.6,Travel,Debit Card,POS,Kolkata,0,190,98.89,1953,No,0,17,2,5,0.8352715138032156,0,5.35068493150685,29.918032786885245
T101825,CUST8657,2023-03-06 05:15:00,60.45,Food,NetBanking,POS,Chennai,0,23,483.77,1561,No,1,5,6,3,0.1249560741674763,0,4.276712328767124,4.35877466251298
T101826,CUST5372,2024-01-12 11:55:00,3.43,Food,NetBanking,POS,Chennai,0,186,305.83,1275,No,0,11,12,1,0.011215381094071872,0,3.493150684931507,41.39634146341463
T101827,CUST5807,2023-12-24 11:23:00,276.59,Travel,PayPal,Desktop,Chennai,0,55,408.62,977,No,0,11,24,12,0.6768880622583329,0,2.6767123287671235,14.959016393442623
T101828,CUST7972,2023-04-02 21:30:00,128.24,Health,Debit Card,Desktop,Chennai,0,161,253.11,852,Yes,1,21,2,4,0.5066571846232863,0,2.334246575342466,48.28677074774034
T101829,CUST3475,2023-02-22 09:34:00,27.72,Travel,Debit Card,Mobile,Delhi,0,77,364.18,257,No,0,9,22,2,0.07611620627162392,0,0.7041095890410959,45.18488745980708
T101830,CUST6598,2023-07-03 07:46:00,312.84,Entertainment,NetBanking,Mobile,Delhi,0,63,485.19,1894,No,0,7,3,7,0.644778334260805,0,5.189041095890411,10.179282868525897
T101831,CUST4372,2023-03-23 19:22:00,73.68,Food,Debit Card,Desktop,Kolkata,0,103,180.72,1286,No,0,19,23,3,0.4077025232403719,0,3.5232876712328767,22.771047849788005
T101832,CUST1987,2023-11-22 18:34:00,69.86,Utilities,Debit Card,Mobile,Pune,0,60,257.09,1321,No,0,18,22,11,0.27173363413590573,0,3.6191780821917807,12.989323843416372
T101833,CUST1339,2023-02-28 13:14:00,110.29,Travel,PayPal,Mobile,Hyderabad,0,189,262.12,1963,No,0,13,28,2,0.42076148329009616,0,5.3780821917808215,29.63273195876289
T101834,CUST2474,2023-04-28 04:02:00,133.61,Health,UPI,Desktop,Mumbai,1,80,496.08,283,No,0,4,28,4,0.2693315594258991,0,0.7753424657534247,45.06172839506173
T101835,CUST4468,2023-12-04 05:13:00,85.48,Entertainment,Credit Card,Desktop,Bengaluru,0,189,124.22,704,No,0,5,4,12,0.6881339558847207,0,1.9287671232876713,64.53227315247895
T101836,CUST1169,2023-11-12 14:29:00,10.97,Utilities,UPI,Desktop,Hyderabad,0,95,340.9,35,No,0,14,12,11,0.03217952478732767,0,0.0958904109589041,86.6875
T101837,CUST7873,2023-09-11 11:01:00,33.03,Utilities,Debit Card,Desktop,Delhi,0,69,77.73,76,No,0,11,11,9,0.4249324585102277,0,0.20821917808219179,57.10884353741496
T101838,CUST1636,2024-01-13 09:42:00,210.58,Electronics,NetBanking,POS,Delhi,1,114,464.27,1460,No,1,9,13,1,0.4535722747539148,0,4.0,22.8
T101839,CUST2746,2023-08-11 05:27:00,20.35,Travel,Credit Card,Desktop,Delhi,0,104,299.29,912,No,0,5,11,8,0.06799425306558855,0,2.4986301369863013,29.72592012529366
T101840,CUST2517,2023-08-24 16:36:00,37.24,Travel,Credit Card,Mobile,Hyderabad,0,108,431.11,609,No,0,16,24,8,0.08638166593212869,0,1.6684931506849314,40.47227926078029
T101841,CUST2536,2023-06-04 09:55:00,45.26,Food,NetBanking,POS,Delhi,0,89,448.67,283,No,0,9,4,6,0.10087592216996902,0,0.7753424657534247,50.13117283950617
T101842,CUST2487,2023-02-05 12:23:00,46.3,Entertainment,Credit Card,POS,Hyderabad,0,21,282.98,1502,No,0,12,5,2,0.16361580323697786,0,4.115068493150685,4.105516871987145
T101843,CUST6072,2023-06-16 15:56:00,75.93,Electronics,NetBanking,Mobile,Delhi,0,131,344.18,88,No,0,15,16,6,0.22061130803649254,0,0.2410958904109589,105.55187637969095
T101844,CUST9770,2023-08-21 20:29:00,229.28,Fashion,Credit Card,POS,Chennai,0,176,352.37,1446,No,0,20,21,8,0.6506796832874535,0,3.9616438356164383,35.472114853672004
T101845,CUST2974,2023-09-14 09:31:00,22.03,Fashion,UPI,Mobile,Chennai,0,10,235.64,1684,No,0,9,14,9,0.0934900695976914,0,4.6136986301369864,1.7813567593948267
T101846,CUST4483,2023-04-28 01:15:00,10.36,Grocery,Credit Card,POS,Mumbai,0,87,223.07,1751,No,1,1,28,4,0.046442820639261216,0,4.7972602739726025,15.007088846880908
T101847,CUST2328,2023-07-22 00:43:00,17.6,Travel,PayPal,POS,Delhi,0,170,101.23,589,Yes,1,0,22,7,0.17386150350686555,0,1.6136986301369862,65.041928721174
T101848,CUST8545,2023-07-09 08:18:00,174.38,Travel,NetBanking,Mobile,Kolkata,1,194,198.12,1044,No,0,8,9,7,0.8801736321421361,0,2.8602739726027395,50.25550035486161
T101849,CUST8918,2023-07-09 18:54:00,83.03,Electronics,Credit Card,Mobile,Mumbai,0,91,495.47,1244,No,0,18,9,7,0.16757825902678264,0,3.408219178082192,20.643256681168427
T101850,CUST1782,2023-10-20 00:19:00,26.94,Health,NetBanking,Mobile,Hyderabad,0,174,142.23,294,No,0,0,20,10,0.1894115165576883,0,0.8054794520547945,96.37329286798179
T101851,CUST2852,2023-11-15 05:09:00,135.4,Fashion,PayPal,Mobile,Mumbai,0,137,383.6,1737,No,0,5,15,11,0.3529718456725756,0,4.758904109589041,23.789248334919126
T101852,CUST5231,2023-05-27 23:10:00,158.08,Grocery,Credit Card,Desktop,Delhi,0,123,39.08,1611,No,0,23,27,5,4.045035823950871,1,4.413698630136986,22.72014170040486
T101853,CUST9478,2023-01-16 02:48:00,149.93,Electronics,Credit Card,Desktop,Hyderabad,0,177,239.06,1196,No,0,2,16,1,0.6271647285200368,0,3.276712328767123,41.386931454196024
T101854,CUST7080,2023-04-20 04:53:00,200.99,Travel,PayPal,Mobile,Kolkata,0,4,38.62,275,Yes,0,4,20,4,5.204298291040912,1,0.7534246575342466,2.28125
T101855,CUST2949,2023-10-04 22:47:00,23.25,Fashion,PayPal,Desktop,Hyderabad,0,188,243.14,1269,No,0,22,4,10,0.09562392037509254,0,3.4767123287671233,41.99510403916769
T101856,CUST3181,2024-02-05 02:43:00,112.53,Entertainment,PayPal,Mobile,Chennai,0,90,23.5,466,No,1,2,5,2,4.788510638297873,1,1.2767123287671234,39.53068592057761
T101857,CUST9843,2023-11-05 02:10:00,49.37,Grocery,NetBanking,Mobile,Hyderabad,0,96,310.51,717,No,0,2,5,11,0.15899648964606614,0,1.9643835616438357,32.38447319778189
T101858,CUST8734,2024-01-12 13:27:00,147.61,Food,PayPal,POS,Hyderabad,0,29,297.39,1893,No,0,13,12,1,0.4963515921853459,0,5.186301369863013,4.6877767936226755
T101859,CUST6146,2023-11-03 01:11:00,104.3,Fashion,NetBanking,Mobile,Mumbai,0,86,400.94,505,No,0,1,3,11,0.2601386741158278,0,1.3835616438356164,36.08045977011495
T101860,CUST4552,2023-02-24 17:22:00,119.85,Grocery,UPI,Mobile,Kolkata,0,47,295.81,1437,No,0,17,24,2,0.40515871674385584,0,3.936986301369863,9.51997780244173
T101861,CUST2071,2023-03-07 01:23:00,85.41,Electronics,Credit Card,Mobile,Pune,0,77,463.74,967,Yes,0,1,7,3,0.1841764781989908,0,2.649315068493151,21.09984984984985
T101862,CUST9914,2023-04-19 17:56:00,15.63,Food,Credit Card,Mobile,Hyderabad,0,87,393.72,907,No,0,17,19,4,0.03969826272477903,0,2.484931506849315,24.964622641509436
T101863,CUST8611,2023-01-25 06:50:00,63.0,Grocery,Debit Card,POS,Bengaluru,0,191,75.0,686,No,0,6,25,1,0.84,0,1.8794520547945206,66.33206470028544
T101864,CUST8930,2023-08-05 03:30:00,334.23,Grocery,UPI,Mobile,Pune,0,31,140.08,576,No,1,3,5,8,2.3859937178754995,1,1.5780821917808219,12.024442082890543
T101865,CUST6839,2023-09-09 09:01:00,221.66,Utilities,PayPal,POS,Chennai,1,51,22.85,444,No,1,9,9,9,9.700656455142232,1,1.2164383561643837,23.00988875154512
T101866,CUST4906,2023-03-22 23:43:00,3.53,Utilities,PayPal,Mobile,Kolkata,0,169,199.21,1185,No,0,23,22,3,0.01771999397620601,0,3.2465753424657535,39.79677419354839
T101867,CUST8946,2023-08-15 19:54:00,14.41,Utilities,UPI,POS,Kolkata,0,36,259.67,1869,No,0,19,15,8,0.05549351099472407,0,5.120547945205479,5.881826320501343
T101868,CUST6553,2023-07-02 03:02:00,11.3,Travel,PayPal,Desktop,Chennai,0,168,473.51,427,No,1,3,2,7,0.02386433232666681,0,1.16986301369863,77.42424242424242
T101869,CUST5742,2023-03-31 17:11:00,103.56,Health,Debit Card,POS,Hyderabad,0,95,265.91,1560,No,0,17,31,3,0.3894550787860554,0,4.273972602739726,18.01298701298701
T101870,CUST4321,2023-12-19 01:52:00,136.21,Fashion,NetBanking,POS,Mumbai,0,188,392.7,1206,No,0,1,19,12,0.34685510567863514,0,3.304109589041096,43.679185232336096
T101871,CUST6925,2024-01-15 18:28:00,19.21,Travel,Credit Card,Mobile,Pune,0,15,141.33,1867,No,0,18,15,1,0.13592301705228896,0,5.115068493150685,2.452956989247312
T101872,CUST6106,2024-01-29 07:10:00,56.39,Entertainment,UPI,POS,Chennai,0,78,85.05,1613,No,0,7,29,1,0.6630217519106408,0,4.419178082191781,14.393326592517694
T101873,CUST1073,2023-11-25 04:33:00,146.96,Food,Credit Card,POS,Chennai,0,158,407.31,197,No,1,4,25,11,0.36080626549802364,0,0.5397260273972603,102.61565836298932
T101874,CUST2134,2023-05-30 17:55:00,105.58,Health,NetBanking,Mobile,Bengaluru,0,158,131.24,1743,No,0,17,30,5,0.8044803413593415,0,4.7753424657534245,27.357685009487668
T101875,CUST8604,2023-02-17 15:03:00,62.51,Grocery,UPI,Desktop,Hyderabad,0,155,436.95,1828,No,0,15,17,2,0.14305984666437807,0,5.008219178082192,25.79799361605107
T101876,CUST9055,2023-11-27 17:37:00,71.4,Travel,NetBanking,Desktop,Pune,0,40,93.23,1660,No,0,17,27,11,0.7658479030355037,0,4.5479452054794525,7.209876543209876
T101877,CUST5223,2023-11-15 07:58:00,56.8,Utilities,PayPal,Desktop,Chennai,0,45,427.28,1881,No,0,7,15,11,0.1329339075079573,0,5.153424657534247,7.31300089047195
T101878,CUST7397,2023-09-04 02:40:00,28.25,Health,PayPal,POS,Kolkata,0,175,388.7,832,No,0,2,4,9,0.0726781579624389,0,2.2794520547945205,53.36257309941521
T101879,CUST2687,2023-05-30 08:10:00,66.6,Entertainment,PayPal,Mobile,Chennai,0,90,309.5,259,No,0,8,30,5,0.21518578352180937,0,0.7095890410958904,52.64423076923077
T101880,CUST2580,2023-01-06 15:39:00,93.41,Fashion,NetBanking,Desktop,Chennai,0,56,426.61,732,No,0,15,6,1,0.21895876796136984,0,2.0054794520547947,18.632634457611665
T101881,CUST2623,2023-11-21 19:18:00,165.29,Entertainment,NetBanking,Desktop,Chennai,0,54,172.05,1457,No,0,19,21,11,0.9607090961929671,0,3.9917808219178084,10.817782656421514
T101882,CUST4196,2023-09-23 07:03:00,80.91,Food,NetBanking,Desktop,Mumbai,0,85,91.36,173,No,0,7,23,9,0.8856173380035026,0,0.473972602739726,57.66728624535316
T101883,CUST3037,2023-02-24 17:52:00,114.54,Electronics,Credit Card,Desktop,Delhi,0,9,86.95,1971,No,0,17,24,2,1.3173087981598621,0,5.4,1.40625
T101884,CUST4547,2023-10-20 16:33:00,13.96,Travel,NetBanking,Mobile,Bengaluru,0,118,142.48,1729,No,0,16,20,10,0.09797866367209435,0,4.736986301369863,20.56829035339064
T101885,CUST6195,2023-08-10 02:45:00,49.53,Utilities,PayPal,Desktop,Kolkata,0,65,228.65,1584,No,0,2,10,8,0.2166192871200525,0,4.33972602739726,12.172909184197025
T101886,CUST7804,2023-08-03 00:38:00,0.75,Food,Debit Card,POS,Mumbai,0,108,439.25,1951,No,0,0,3,8,0.001707455890722823,0,5.345205479452055,17.020725388601036
T101887,CUST2944,2024-01-02 21:21:00,22.66,Electronics,NetBanking,POS,Bengaluru,0,198,53.87,97,No,0,21,2,1,0.4206422869871914,0,0.26575342465753427,156.42857142857144
T101888,CUST3564,2023-09-03 09:11:00,103.71,Utilities,Debit Card,Mobile,Chennai,0,129,458.47,1047,No,0,9,3,9,0.2262089122516195,0,2.8684931506849316,33.346317280453256
T101889,CUST1825,2024-01-01 05:05:00,384.39,Utilities,PayPal,Desktop,Bengaluru,0,141,463.49,127,No,0,5,1,1,0.8293382813005674,0,0.34794520547945207,104.60365853658537
T101890,CUST4937,2023-09-19 18:50:00,8.36,Utilities,NetBanking,Desktop,Hyderabad,1,38,366.35,36,No,0,18,19,9,0.02281970792957554,0,0.09863013698630137,34.588528678304236
T101891,CUST2582,2023-05-04 22:05:00,41.07,Travel,Credit Card,POS,Hyderabad,0,173,451.14,844,No,0,22,4,5,0.09103604202686527,0,2.3123287671232875,52.22911497105046
T101892,CUST4762,2023-02-21 05:02:00,128.78,Food,Credit Card,Mobile,Delhi,0,105,387.29,206,No,0,5,21,2,0.33251568592011155,0,0.5643835616438356,67.11908931698774
T101893,CUST4640,2023-04-29 08:51:00,18.26,Utilities,Debit Card,POS,Delhi,0,40,268.87,1259,No,0,8,29,4,0.06791386171755867,0,3.4493150684931506,8.990147783251231
T101894,CUST1318,2023-11-06 03:52:00,64.79,Entertainment,Credit Card,Mobile,Bengaluru,0,143,304.37,328,No,0,3,6,11,0.2128659197687026,0,0.8986301369863013,75.31746031746032
T101895,CUST3706,2023-04-27 18:23:00,105.66,Food,Credit Card,Mobile,Mumbai,0,178,317.83,1853,No,0,18,27,4,0.3324418714407073,0,5.076712328767123,29.29215509467989
T101896,CUST9468,2024-01-19 02:42:00,76.57,Health,Credit Card,Mobile,Mumbai,0,130,72.18,1966,No,0,2,19,1,1.0608201717927401,0,5.3863013698630136,20.356070356070358
T101897,CUST4311,2023-07-25 23:03:00,16.66,Entertainment,PayPal,POS,Chennai,0,181,104.6,258,No,0,23,25,7,0.1592734225621415,0,0.7068493150684931,106.04333868378812
T101898,CUST8998,2023-11-02 18:53:00,35.13,Travel,Credit Card,Mobile,Mumbai,1,154,266.45,925,No,0,18,2,11,0.13184462375680242,0,2.5342465753424657,43.57364341085272
T101899,CUST9142,2023-12-28 15:40:00,122.52,Utilities,UPI,POS,Delhi,0,194,66.46,660,No,0,15,28,12,1.8435148961781525,0,1.8082191780821917,69.08292682926829
T101900,CUST1340,2023-07-20 12:25:00,64.64,Food,NetBanking,POS,Mumbai,0,75,482.84,299,No,0,12,20,7,0.13387457542871345,0,0.8191780821917808,41.227409638554214
T101901,CUST4169,2023-01-23 05:45:00,0.42,Grocery,Credit Card,Desktop,Chennai,0,33,258.49,110,No,0,5,23,1,0.0016248210762505317,0,0.3013698630136986,25.35789473684211
T101902,CUST8636,2023-11-17 21:23:00,114.5,Travel,Credit Card,POS,Hyderabad,0,85,196.24,1725,No,0,21,17,11,0.5834692213615981,0,4.726027397260274,14.844497607655503
T101903,CUST8256,2023-04-05 22:38:00,2.88,Food,Credit Card,POS,Mumbai,0,59,87.19,1241,No,0,22,5,4,0.03303131093015254,0,3.4,13.409090909090908
T101904,CUST3782,2024-02-04 05:15:00,109.55,Health,UPI,Desktop,Mumbai,0,95,214.1,1753,No,1,5,4,2,0.5116767865483419,0,4.802739726027397,16.371576959395657
T101905,CUST8421,2023-01-27 01:55:00,18.1,Utilities,Credit Card,Desktop,Delhi,0,26,158.19,849,No,0,1,27,1,0.11441936911309186,0,2.326027397260274,7.817133443163097
T101906,CUST8649,2024-01-05 11:33:00,253.75,Electronics,Credit Card,Desktop,Bengaluru,0,103,53.08,530,No,0,11,5,1,4.78051996985682,1,1.452054794520548,42.00558659217877
T101907,CUST9323,2023-06-07 11:05:00,36.7,Utilities,NetBanking,Mobile,Hyderabad,0,21,483.83,735,No,0,11,7,6,0.07585308889485977,0,2.0136986301369864,6.968181818181818
T101908,CUST7016,2024-01-05 06:29:00,31.67,Electronics,UPI,Mobile,Bengaluru,0,177,139.84,1540,No,0,6,5,1,0.22647311212814647,0,4.219178082191781,33.91338582677165
T101909,CUST8833,2023-01-04 09:25:00,12.9,Grocery,UPI,Desktop,Chennai,0,80,348.33,1825,No,0,9,4,1,0.03703384721384894,0,5.0,13.333333333333334
T101910,CUST5253,2023-04-26 03:19:00,29.18,Travel,Credit Card,Mobile,Chennai,0,71,54.75,1541,No,0,3,26,4,0.5329680365296804,0,4.221917808219178,13.596537250786989
T101911,CUST7551,2023-07-23 04:50:00,167.42,Health,UPI,Desktop,Bengaluru,0,199,457.45,1019,No,0,4,23,7,0.36598535359055634,0,2.791780821917808,52.48193641618497
T101912,CUST4317,2023-11-14 10:01:00,448.7,Food,Debit Card,Mobile,Delhi,0,66,299.47,1531,No,0,10,14,11,1.498313687514609,0,4.1945205479452055,12.705696202531646
T101913,CUST4090,2023-08-03 05:49:00,36.75,Food,UPI,POS,Pune,0,37,331.87,732,No,0,5,3,8,0.11073613161780214,0,2.0054794520547947,12.31084776663628
T101914,CUST1253,2023-04-21 14:57:00,47.63,Electronics,UPI,Mobile,Delhi,0,14,393.07,1342,No,0,14,21,4,0.12117434553641845,0,3.6767123287671235,2.993555946104276
T101915,CUST8885,2023-01-29 21:08:00,102.43,Health,UPI,Mobile,Pune,0,108,306.9,135,No,0,21,29,1,0.33375692407950475,0,0.3698630136986301,78.84
T101916,CUST9136,2023-02-03 23:10:00,173.86,Entertainment,PayPal,POS,Pune,0,135,44.74,670,No,0,23,3,2,3.886008046490836,1,1.8356164383561644,47.60869565217391
T101917,CUST1540,2023-04-05 18:01:00,71.92,Grocery,PayPal,Desktop,Delhi,0,166,220.5,638,No,0,18,5,4,0.32616780045351473,0,1.747945205479452,60.408773678963115
T101918,CUST9977,2023-04-23 10:39:00,39.74,Electronics,PayPal,Mobile,Pune,0,173,138.39,1025,No,0,10,23,4,0.2871594768408122,0,2.808219178082192,45.42805755395683
T101919,CUST9520,2023-06-24 05:52:00,42.57,Electronics,UPI,Mobile,Pune,0,150,248.49,1038,No,0,5,24,6,0.17131474103585656,0,2.8438356164383563,39.02352102637206
T101920,CUST1930,2023-06-30 16:55:00,95.16,Grocery,Debit Card,POS,Pune,0,172,208.12,1629,No,0,16,30,6,0.457236209878916,0,4.463013698630137,31.48445336008024
T101921,CUST5446,2023-04-27 01:12:00,0.26,Travel,UPI,POS,Hyderabad,0,81,415.0,1693,No,0,1,27,4,0.0006265060240963856,0,4.638356164383562,14.365889212827987
T101922,CUST7633,2023-12-25 12:45:00,77.32,Food,Credit Card,POS,Chennai,0,80,131.05,1276,No,0,12,25,12,0.5900038153376573,0,3.495890410958904,17.794028031687997
T101923,CUST4060,2023-11-28 08:24:00,35.14,Travel,Debit Card,POS,Pune,0,103,108.64,1858,No,0,8,28,11,0.3234536082474227,0,5.090410958904109,16.91183085919928
T101924,CUST9055,2023-02-17 10:35:00,126.47,Health,PayPal,Desktop,Chennai,0,35,479.46,411,No,0,10,17,2,0.26377591457055855,0,1.126027397260274,16.46262886597938
T101925,CUST2012,2023-01-06 15:39:00,7.81,Entertainment,NetBanking,Mobile,Kolkata,0,102,475.26,867,No,0,15,6,1,0.016433110297521356,0,2.3753424657534246,30.219155844155846
T101926,CUST7303,2023-11-01 02:52:00,70.98,Utilities,Debit Card,Mobile,Chennai,0,188,496.8,1956,No,0,2,1,11,0.1428743961352657,0,5.358904109589041,29.56484274019819
T101927,CUST7602,2023-01-31 17:33:00,52.46,Fashion,PayPal,Mobile,Kolkata,0,131,288.51,133,No,0,17,31,1,0.18183078576132544,0,0.3643835616438356,96.0140562248996
T101928,CUST9218,2023-10-21 05:34:00,82.25,Fashion,Debit Card,Mobile,Hyderabad,0,118,65.44,693,No,0,5,21,10,1.2568765281173595,0,1.8986301369863015,40.70888468809074
T101929,CUST1248,2023-09-08 19:41:00,5.36,Fashion,Debit Card,Desktop,Chennai,0,195,441.28,1167,No,0,19,8,9,0.0121464829586657,0,3.197260273972603,46.458877284595296
T101930,CUST9121,2023-12-08 21:09:00,69.4,Grocery,UPI,Mobile,Bengaluru,0,95,81.11,1561,No,0,21,8,12,0.8556281592898534,0,4.276712328767124,18.003634475597092
T101931,CUST5179,2023-11-24 17:07:00,65.95,Electronics,Credit Card,Desktop,Mumbai,0,55,86.24,1108,No,0,17,24,11,0.764726345083488,0,3.0356164383561643,13.628649015614391
T101932,CUST3624,2024-01-14 10:59:00,65.8,Entertainment,NetBanking,Desktop,Hyderabad,0,9,104.76,150,No,0,10,14,1,0.6281023291332569,0,0.410958904109589,6.378640776699029
T101933,CUST6303,2023-06-18 17:46:00,74.0,Travel,PayPal,POS,Mumbai,0,69,330.18,1270,No,0,17,18,6,0.22412017687322067,0,3.4794520547945207,15.40366972477064
T101934,CUST4614,2023-05-13 13:08:00,90.28,Utilities,Debit Card,POS,Bengaluru,0,28,62.53,1688,No,0,13,13,5,1.4437869822485208,0,4.624657534246575,4.978080857282027
T101935,CUST5436,2023-12-29 11:28:00,130.78,Food,NetBanking,Mobile,Delhi,0,143,391.36,1056,No,0,11,29,12,0.3341680294358136,0,2.893150684931507,36.731175228712175
T101936,CUST3162,2024-01-13 06:40:00,25.16,Fashion,Debit Card,Desktop,Delhi,0,113,38.54,1145,No,0,6,13,1,0.6528282304099637,0,3.136986301369863,27.314569536423843
T101937,CUST6181,2023-05-26 15:06:00,139.46,Travel,Credit Card,POS,Pune,0,31,64.12,436,No,0,15,26,5,2.1749844042420463,1,1.1945205479452055,14.126092384519351
T101938,CUST4017,2023-04-16 17:28:00,55.17,Fashion,NetBanking,Desktop,Delhi,0,59,222.9,705,No,0,17,16,4,0.2475100942126514,0,1.9315068493150684,20.126168224299064
T101939,CUST8175,2023-07-03 16:26:00,6.42,Entertainment,PayPal,POS,Hyderabad,1,82,195.79,470,No,0,16,3,7,0.03279023443485367,0,1.2876712328767124,35.84431137724551
T101940,CUST7568,2023-11-04 04:58:00,4.83,Fashion,Debit Card,Desktop,Delhi,0,54,494.96,1684,No,0,4,4,11,0.009758364312267658,0,4.6136986301369864,9.619326500732065
T101941,CUST3824,2023-03-11 20:03:00,32.55,Food,Credit Card,Mobile,Hyderabad,0,196,483.76,461,No,0,20,11,3,0.06728543079212833,0,1.263013698630137,86.61016949152543
T101942,CUST2923,2024-01-13 23:05:00,122.93,Utilities,NetBanking,Mobile,Hyderabad,0,175,102.94,938,No,0,23,13,1,1.1941907907518945,0,2.56986301369863,49.02148887183423
T101943,CUST9320,2024-02-12 08:45:00,98.39,Health,Debit Card,Desktop,Mumbai,0,42,473.87,90,No,0,8,12,2,0.20763078481440056,0,0.2465753424657534,33.692307692307686
T101944,CUST5978,2023-08-23 09:47:00,124.33,Health,Debit Card,POS,Delhi,0,23,349.21,755,No,0,9,23,8,0.3560321869362275,0,2.0684931506849313,7.495535714285714
T101945,CUST1111,2023-06-22 07:37:00,58.26,Entertainment,PayPal,POS,Chennai,0,109,210.33,1526,No,0,7,22,6,0.2769932962487519,0,4.1808219178082195,21.03913273400317
T101946,CUST3306,2023-07-28 16:26:00,46.41,Health,Credit Card,Mobile,Kolkata,0,86,372.42,1300,No,0,16,28,7,0.12461736748831963,0,3.5616438356164384,18.852852852852852
T101947,CUST1674,2023-06-28 13:29:00,12.76,Grocery,UPI,Mobile,Delhi,0,65,451.07,1800,No,0,13,28,6,0.028288292282794246,0,4.931506849315069,10.958429561200923
T101948,CUST2683,2023-10-10 08:30:00,31.82,Electronics,Debit Card,Mobile,Delhi,0,89,98.27,1973,No,0,8,10,10,0.32380177063193244,0,5.405479452054794,13.894354148845167
T101949,CUST7794,2024-01-17 15:27:00,45.54,Grocery,NetBanking,POS,Delhi,0,54,106.03,968,No,0,15,17,1,0.42950108459869846,0,2.652054794520548,14.786196549137284
T101950,CUST2524,2023-08-09 22:43:00,7.42,Travel,PayPal,POS,Pune,0,118,210.27,898,No,0,22,9,8,0.035287963095068244,0,2.4602739726027396,34.10134600158353
T101951,CUST2933,2023-06-27 02:03:00,19.94,Grocery,PayPal,Mobile,Chennai,0,105,92.91,1425,No,0,2,27,6,0.21461629533957596,0,3.904109589041096,21.410614525139664
T101952,CUST9258,2023-04-13 02:23:00,72.95,Travel,Debit Card,Desktop,Chennai,0,11,186.59,1342,No,1,2,13,4,0.390964145988531,0,3.6767123287671235,2.352079671939074
T101953,CUST1537,2023-06-08 23:59:00,106.44,Travel,Debit Card,POS,Hyderabad,0,63,326.39,1643,No,0,23,8,6,0.3261129323815068,0,4.501369863013698,11.451693227091635
T101954,CUST9095,2023-12-18 03:30:00,512.44,Electronics,Debit Card,Mobile,Chennai,1,22,408.28,1077,No,1,3,18,12,1.255119035955717,0,2.9506849315068493,5.568654646324549
T101955,CUST4588,2023-12-26 02:53:00,216.38,Food,UPI,Desktop,Hyderabad,0,182,157.95,435,No,0,2,26,12,1.3699271921494145,0,1.1917808219178083,83.03750000000001
T101956,CUST3973,2024-01-23 18:52:00,82.3,Utilities,Debit Card,POS,Kolkata,0,117,148.05,1361,No,0,18,23,1,0.5558932792975345,0,3.728767123287671,24.74217844727694
T101957,CUST5261,2023-07-08 15:37:00,43.75,Entertainment,Credit Card,Desktop,Mumbai,0,164,392.07,642,No,0,15,8,7,0.11158721656846991,0,1.7589041095890412,59.44389275074479
T101958,CUST6866,2023-06-14 08:31:00,80.89,Electronics,NetBanking,Desktop,Hyderabad,0,58,196.7,1425,No,0,8,14,6,0.41123538383324865,0,3.904109589041096,11.8268156424581
T101959,CUST5111,2023-11-10 02:14:00,123.21,Entertainment,Debit Card,POS,Delhi,0,20,411.05,1816,No,0,2,10,11,0.2997445566232818,0,4.975342465753425,3.3470884915176526
T101960,CUST3301,2023-05-02 03:53:00,10.08,Health,UPI,Mobile,Bengaluru,0,144,496.76,1688,No,0,3,2,5,0.020291488847733314,0,4.624657534246575,25.60155869459328
T101961,CUST9921,2024-02-08 21:21:00,42.2,Health,NetBanking,Desktop,Bengaluru,0,184,490.04,244,No,0,21,8,2,0.0861154191494572,0,0.6684931506849315,110.27914614121511
T101962,CUST5372,2023-02-03 04:33:00,146.51,Grocery,PayPal,Mobile,Pune,0,93,334.72,291,No,0,4,3,2,0.4377091300191204,0,0.7972602739726027,51.7454268292683
T101963,CUST7707,2023-09-27 23:30:00,38.74,Travel,Debit Card,POS,Delhi,0,50,193.85,944,No,0,23,27,9,0.1998452411658499,0,2.5863013698630137,13.941940412528648
T101964,CUST3863,2024-02-06 02:15:00,67.87,Fashion,NetBanking,Desktop,Hyderabad,0,90,42.09,1897,No,0,2,6,2,1.6124970301734378,0,5.197260273972603,14.522546419098143
T101965,CUST7203,2023-06-07 04:29:00,70.89,Fashion,PayPal,Desktop,Delhi,0,104,371.64,1399,No,1,4,7,6,0.19074911204391348,0,3.8328767123287673,21.519274376417233
T101966,CUST2644,2023-01-03 06:29:00,16.31,Entertainment,UPI,Desktop,Pune,0,194,489.2,1466,No,0,6,3,1,0.033340147179067865,0,4.016438356164383,38.672856362643365
T101967,CUST1351,2023-06-16 17:04:00,35.98,Travel,Credit Card,Desktop,Chennai,0,127,43.31,152,No,0,17,16,6,0.8307550219348879,0,0.41643835616438357,89.66150870406189
T101968,CUST2072,2023-01-11 19:24:00,32.58,Entertainment,Debit Card,Desktop,Hyderabad,0,113,13.02,793,No,0,19,11,1,2.5023041474654377,1,2.1726027397260275,35.61744386873921
T101969,CUST2958,2024-01-09 02:46:00,2.12,Electronics,Credit Card,POS,Kolkata,0,74,417.57,349,No,1,2,9,1,0.005076993079004718,0,0.9561643835616438,37.82913165266107
T101970,CUST9746,2023-04-06 08:11:00,1.96,Food,UPI,Desktop,Delhi,0,13,60.11,1963,No,0,8,6,4,0.03260688737314923,0,5.3780821917808215,2.0382302405498285
T101971,CUST8137,2023-09-03 12:26:00,142.56,Utilities,NetBanking,POS,Chennai,0,15,50.0,1390,Yes,1,12,3,9,2.8512,1,3.808219178082192,3.1196581196581197
T101972,CUST1123,2024-02-07 12:09:00,25.51,Electronics,NetBanking,Mobile,Pune,0,73,456.06,187,No,0,12,7,2,0.05593562250581064,0,0.5123287671232877,48.26992753623188
T101973,CUST5397,2023-03-10 00:01:00,58.4,Travel,UPI,POS,Chennai,1,27,48.98,1380,No,0,0,10,3,1.1923233973050225,0,3.780821917808219,5.64756446991404
T101974,CUST7056,2023-09-21 13:35:00,28.39,Travel,UPI,Desktop,Hyderabad,0,136,65.87,1714,No,0,13,21,9,0.4310004554425383,0,4.695890410958904,23.87686387686388
T101975,CUST6814,2023-03-12 02:50:00,225.98,Food,Debit Card,Mobile,Pune,0,198,289.09,1118,No,0,2,12,3,0.7816942820574908,0,3.063013698630137,48.732299393122055
T101976,CUST1781,2024-02-15 18:55:00,24.01,Entertainment,PayPal,POS,Pune,0,178,380.84,398,No,0,18,15,2,0.06304484823022792,0,1.0904109589041096,85.15072083879424
T101977,CUST7535,2023-09-20 13:00:00,44.92,Grocery,Credit Card,POS,Pune,1,88,205.79,899,No,1,13,20,9,0.21828077166043056,0,2.463013698630137,25.411392405063292
T101978,CUST7105,2023-10-25 01:51:00,164.92,Grocery,Credit Card,POS,Mumbai,0,195,216.09,1057,No,0,1,25,10,0.7632005183025591,0,2.8958904109589043,50.052742616033754
T101979,CUST2770,2023-10-25 05:04:00,147.58,Food,NetBanking,Desktop,Pune,0,154,319.99,715,No,1,5,25,10,0.4612019125597675,0,1.9589041095890412,52.04629629629629
T101980,CUST3500,2023-01-06 17:52:00,16.47,Grocery,NetBanking,Desktop,Mumbai,0,36,257.66,1701,No,0,17,6,1,0.06392144686796553,0,4.66027397260274,6.360116166505324
T101981,CUST6879,2024-01-05 07:50:00,129.82,Fashion,Debit Card,POS,Chennai,0,149,19.13,943,No,0,7,5,1,6.786199686356508,1,2.5835616438356164,41.57874617737003
T101982,CUST3521,2023-09-27 17:11:00,49.03,Grocery,UPI,POS,Kolkata,0,52,65.66,1809,No,0,17,27,9,0.7467255558939995,0,4.956164383561644,8.73045078196872
T101983,CUST6188,2023-02-16 11:39:00,52.77,Grocery,Credit Card,Mobile,Mumbai,0,139,294.98,1113,No,0,11,16,2,0.1788934843040206,0,3.0493150684931507,34.32679296346414
T101984,CUST2171,2023-10-20 07:31:00,11.46,Grocery,Debit Card,Desktop,Chennai,0,8,398.89,1098,No,0,7,20,10,0.02872972498683848,0,3.0082191780821916,1.9958988380041014
T101985,CUST7257,2024-02-17 03:06:00,6.72,Fashion,NetBanking,Desktop,Mumbai,0,57,383.92,613,No,0,3,17,2,0.017503646593040215,0,1.6794520547945206,21.273006134969325
T101986,CUST4005,2023-06-11 11:17:00,104.14,Entertainment,NetBanking,Mobile,Chennai,0,110,372.63,1660,No,0,11,11,6,0.2794729356197837,0,4.5479452054794525,19.827160493827158
T101987,CUST3492,2023-07-19 08:32:00,54.89,Grocery,Credit Card,POS,Chennai,0,174,387.92,572,No,0,8,19,7,0.14149824706124975,0,1.5671232876712329,67.78014941302027
T101988,CUST1020,2024-01-15 06:44:00,45.94,Health,NetBanking,POS,Kolkata,0,130,31.78,185,No,0,6,15,1,1.4455632473253617,0,0.5068493150684932,86.27272727272727
T101989,CUST4330,2023-01-25 11:06:00,104.6,Fashion,NetBanking,Mobile,Pune,0,64,448.6,917,No,0,11,25,1,0.2331698617922425,0,2.5123287671232877,18.221528861154447
T101990,CUST5998,2023-06-28 00:07:00,116.03,Food,PayPal,POS,Kolkata,0,180,445.75,781,No,0,0,28,6,0.26030286034772854,0,2.1397260273972605,57.32984293193717
T101991,CUST8117,2023-03-01 08:29:00,13.84,Electronics,UPI,POS,Kolkata,0,193,270.64,93,No,0,8,1,3,0.05113804315696128,0,0.2547945205479452,153.8100436681223
T101992,CUST6126,2023-11-14 06:03:00,75.37,Food,NetBanking,Mobile,Pune,0,11,131.81,450,No,0,6,14,11,0.5718079053182612,0,1.2328767123287672,4.926380368098159
T101993,CUST4144,2023-07-13 05:33:00,11.63,Electronics,PayPal,Mobile,Chennai,0,134,300.17,352,No,0,5,13,7,0.03874471133024619,0,0.9643835616438357,68.21478382147838
T101994,CUST8189,2023-04-16 23:21:00,111.34,Utilities,Debit Card,Mobile,Pune,0,96,283.36,1162,Yes,0,23,16,4,0.39292772444946356,0,3.1835616438356165,22.946954813359525
T101995,CUST9394,2023-07-30 14:13:00,85.59,Food,NetBanking,POS,Chennai,0,76,119.25,1516,No,0,14,30,7,0.7177358490566038,0,4.153424657534247,14.747474747474747
T101996,CUST8330,2023-02-05 18:00:00,251.01,Health,Debit Card,Mobile,Pune,0,64,305.53,1633,No,0,18,5,2,0.8215559846823552,0,4.473972602739726,11.691691691691691
T101997,CUST9613,2023-03-20 07:21:00,5.72,Electronics,NetBanking,POS,Bengaluru,0,101,400.67,576,No,0,7,20,3,0.014276087553348141,0,1.5780821917808219,39.17640807651435
T101998,CUST3172,2023-08-11 19:16:00,4.7,Electronics,Credit Card,Desktop,Mumbai,1,93,404.99,280,No,0,19,11,8,0.011605224820365936,0,0.7671232876712328,52.627906976744185
T101999,CUST9390,2023-10-30 06:46:00,26.52,Travel,PayPal,Desktop,Kolkata,0,183,39.25,895,Yes,0,6,30,10,0.6756687898089172,0,2.452054794520548,53.01190476190476
T102000,CUST1895,2024-01-23 20:50:00,24.27,Electronics,PayPal,Mobile,Chennai,0,44,106.61,539,No,0,20,23,1,0.2276521902260576,0,1.4767123287671233,17.765486725663717
T102001,CUST3943,2023-09-10 16:33:00,22.69,Electronics,Credit Card,POS,Delhi,0,142,337.43,1601,No,0,16,10,9,0.067243576445485,0,4.3863013698630136,26.363173957273652
T102002,CUST4224,2023-09-22 01:08:00,189.37,Travel,UPI,POS,Pune,0,83,431.32,470,No,0,1,22,9,0.4390475748863953,0,1.2876712328767124,36.2814371257485
T102003,CUST2832,2023-08-28 16:26:00,22.97,Grocery,PayPal,POS,Pune,0,133,265.4,483,No,0,16,28,8,0.08654860587792013,0,1.3232876712328767,57.246462264150935
T102004,CUST2641,2023-03-03 06:24:00,25.39,Grocery,Debit Card,Mobile,Hyderabad,0,99,356.69,673,No,0,6,3,3,0.07118225910454457,0,1.8438356164383563,34.812138728323696
T102005,CUST2618,2024-02-10 00:01:00,113.97,Travel,PayPal,POS,Delhi,0,25,20.33,846,No,0,0,10,2,5.6060009837678315,1,2.317808219178082,7.535094962840628
T102006,CUST8728,2023-09-03 20:21:00,47.79,Fashion,UPI,POS,Delhi,0,178,308.13,1787,No,0,20,3,9,0.1550968746957453,0,4.895890410958904,30.190520446096656
T102007,CUST7623,2024-01-07 17:42:00,119.94,Utilities,Debit Card,POS,Kolkata,0,102,481.34,708,No,0,17,7,1,0.2491793742468941,0,1.9397260273972603,34.69711090400745
T102008,CUST7576,2023-09-13 08:28:00,5.41,Electronics,Debit Card,Desktop,Bengaluru,0,73,333.9,303,No,0,8,13,9,0.016202455825097335,0,0.8301369863013699,39.887724550898206
T102009,CUST2897,2023-04-15 02:06:00,53.49,Electronics,Credit Card,POS,Mumbai,0,122,461.92,89,No,1,2,15,4,0.11579927260131624,0,0.24383561643835616,98.08370044052863
T102010,CUST8631,2023-07-14 13:02:00,2.74,Travel,NetBanking,Desktop,Bengaluru,0,71,287.34,371,No,0,13,14,7,0.009535741630124593,0,1.0164383561643835,35.21059782608696
T102011,CUST6467,2023-08-30 08:45:00,5.18,Travel,Credit Card,POS,Mumbai,0,117,423.26,1447,No,0,8,30,8,0.012238340499929121,0,3.9643835616438357,23.56788079470199
T102012,CUST8938,2023-10-23 09:18:00,189.53,Fashion,NetBanking,POS,Chennai,0,82,70.84,142,No,0,9,23,10,2.6754658385093166,1,0.38904109589041097,59.03353057199211
T102013,CUST4503,2023-01-17 09:19:00,12.0,Health,Credit Card,POS,Kolkata,0,130,70.52,1274,No,0,9,17,1,0.17016449234259787,0,3.4904109589041097,28.95057962172056
T102014,CUST6311,2023-08-14 18:13:00,60.81,Grocery,NetBanking,Desktop,Bengaluru,0,116,68.89,1844,No,0,18,14,8,0.8827115691682392,0,5.052054794520548,19.167043911272067
T102015,CUST2035,2023-11-09 19:56:00,42.36,Food,PayPal,POS,Hyderabad,0,10,249.54,97,No,0,19,9,11,0.16975234431353692,0,0.26575342465753427,7.900432900432901
T102016,CUST3730,2023-08-12 13:58:00,34.14,Health,Debit Card,Mobile,Mumbai,0,130,171.83,1368,No,0,13,12,8,0.19868474655182447,0,3.747945205479452,27.380265435660707
T102017,CUST3099,2023-10-22 14:55:00,184.07,Entertainment,NetBanking,POS,Bengaluru,0,60,362.4,496,No,0,14,22,10,0.5079194260485651,0,1.358904109589041,25.435540069686414
T102018,CUST1292,2023-10-13 02:01:00,1.77,Grocery,PayPal,Desktop,Kolkata,0,45,452.28,887,Yes,1,2,13,10,0.003913504908463784,0,2.43013698630137,13.119009584664536
T102019,CUST1495,2023-05-25 00:10:00,87.2,Electronics,UPI,Desktop,Hyderabad,0,136,313.49,292,No,1,0,25,5,0.27815879294395357,0,0.8,75.55555555555556
T102020,CUST1990,2023-08-24 15:25:00,264.6,Entertainment,Credit Card,Mobile,Kolkata,0,186,114.47,1834,No,0,15,24,8,2.3115226696951168,1,5.024657534246575,30.8731241473397
T102021,CUST3085,2023-03-26 18:11:00,65.71,Health,UPI,Mobile,Delhi,0,119,466.13,1184,No,0,18,26,3,0.1409692575032716,0,3.243835616438356,28.040671400903808
T102022,CUST4951,2023-08-26 21:43:00,220.94,Travel,PayPal,Mobile,Pune,0,7,268.65,453,Yes,0,21,26,8,0.8224083379862275,0,1.2410958904109588,3.1234718826405867
T102023,CUST7870,2023-01-11 16:43:00,4.29,Fashion,UPI,Desktop,Chennai,0,72,362.77,1320,No,0,16,11,1,0.01182567466990104,0,3.6164383561643834,15.596439169139465
T102024,CUST5322,2023-05-07 09:02:00,43.41,Grocery,UPI,POS,Kolkata,0,21,446.35,749,No,0,9,7,5,0.09725551697098687,0,2.052054794520548,6.880610412926391
T102025,CUST5162,2023-02-27 20:46:00,24.11,Fashion,PayPal,POS,Chennai,0,97,495.02,1265,No,0,20,27,2,0.04870510282412832,0,3.4657534246575343,21.720858895705522
T102026,CUST3744,2024-01-25 18:37:00,104.99,Entertainment,Debit Card,Mobile,Kolkata,0,47,257.97,592,No,0,18,25,1,0.40698530836919017,0,1.621917808219178,17.925809822361547
T102027,CUST1572,2024-01-27 19:43:00,318.33,Grocery,NetBanking,Mobile,Delhi,0,1,405.95,1012,No,0,19,27,1,0.784160610912674,0,2.7726027397260276,0.26506899055918665
T102028,CUST4864,2023-05-10 09:33:00,23.71,Utilities,Credit Card,POS,Kolkata,0,140,287.76,948,No,0,9,10,5,0.08239505143174869,0,2.5972602739726027,38.91850723533892
T102029,CUST7648,2023-05-26 16:52:00,84.95,Utilities,NetBanking,Mobile,Kolkata,0,176,248.36,317,No,0,16,26,5,0.3420438073763891,0,0.8684931506849315,94.19354838709677
T102030,CUST5416,2023-09-03 21:14:00,17.66,Health,Credit Card,POS,Bengaluru,0,128,273.48,454,No,0,21,3,9,0.0645751060406611,0,1.2438356164383562,57.04517704517705
T102031,CUST4445,2023-03-13 14:57:00,66.65,Electronics,NetBanking,POS,Pune,0,94,247.29,583,No,0,14,13,3,0.2695216142990012,0,1.5972602739726027,36.19198312236287
T102032,CUST8423,2023-04-24 10:43:00,49.88,Utilities,UPI,POS,Delhi,0,132,216.3,788,Yes,0,10,24,4,0.2306056403143782,0,2.158904109589041,41.78664353859497
T102033,CUST2645,2023-06-18 09:43:00,286.06,Utilities,Debit Card,POS,Hyderabad,0,34,364.62,1987,No,0,9,18,6,0.7845428116943667,0,5.443835616438356,5.276360544217687
T102034,CUST3585,2023-07-22 00:01:00,75.03,Food,UPI,Desktop,Pune,0,87,132.34,1760,No,0,0,22,7,0.5669487683240139,0,4.821917808219178,14.943529411764706
T102035,CUST1798,2023-09-07 23:46:00,34.4,Fashion,Debit Card,POS,Mumbai,0,32,312.03,273,No,0,23,7,9,0.11024580969778547,0,0.7479452054794521,18.30721003134796
T102036,CUST2752,2023-01-31 21:45:00,9.69,Fashion,PayPal,Mobile,Bengaluru,0,3,359.35,1765,No,0,21,31,1,0.02696535411159037,0,4.835616438356165,0.5140845070422535
T102037,CUST7819,2023-05-27 05:05:00,13.12,Utilities,Credit Card,Mobile,Pune,0,68,447.12,1923,No,0,5,27,5,0.0293433530148506,0,5.2684931506849315,10.847902097902098
T102038,CUST5201,2023-04-21 17:48:00,20.42,Food,Credit Card,Mobile,Mumbai,0,57,172.62,1686,No,0,17,21,4,0.11829451975437377,0,4.619178082191781,10.143832276938078
T102039,CUST4514,2023-06-21 18:49:00,23.12,Fashion,PayPal,Mobile,Delhi,0,114,431.69,1029,No,0,18,21,6,0.05355695058954343,0,2.819178082191781,29.8493543758967
T102040,CUST8958,2023-01-08 17:14:00,152.1,Fashion,NetBanking,Desktop,Kolkata,0,152,473.19,1387,No,0,17,8,1,0.3214353642300133,0,3.8,31.666666666666668
T102041,CUST1269,2023-01-18 13:53:00,65.9,Grocery,PayPal,POS,Chennai,0,33,327.85,357,No,0,13,18,1,0.20100655787707794,0,0.9780821917808219,16.682825484764543
T102042,CUST1311,2023-05-27 09:18:00,59.28,Grocery,PayPal,POS,Pune,1,131,388.0,744,No,0,9,27,5,0.15278350515463918,0,2.0383561643835617,43.11541929666366
T102043,CUST8494,2023-10-25 18:56:00,9.75,Food,Debit Card,Mobile,Pune,0,132,208.8,1159,No,0,18,25,10,0.04669540229885057,0,3.175342465753425,31.614173228346456
T102044,CUST5712,2023-05-17 08:09:00,157.37,Entertainment,PayPal,Mobile,Mumbai,1,30,476.55,1815,No,0,8,17,5,0.3302276781030322,0,4.972602739726027,5.022935779816514
T102045,CUST5469,2023-06-21 12:45:00,102.65,Electronics,Credit Card,Mobile,Mumbai,0,70,338.72,1940,No,0,12,21,6,0.30305266887104393,0,5.315068493150685,11.084598698481562
T102046,CUST2078,2023-10-22 13:27:00,5.61,Health,UPI,POS,Chennai,0,49,161.98,1991,No,0,13,22,10,0.03463390542042228,0,5.454794520547945,7.59125636672326
T102047,CUST6087,2023-10-09 22:32:00,98.43,Utilities,Debit Card,Desktop,Mumbai,0,30,208.09,1992,No,0,22,9,10,0.4730164832524389,0,5.457534246575342,4.645736105218498
T102048,CUST8538,2023-08-23 07:32:00,62.74,Utilities,Debit Card,Desktop,Mumbai,1,82,312.7,830,No,0,7,23,8,0.20063959066197634,0,2.2739726027397262,25.04602510460251
T102049,CUST9763,2024-02-19 19:33:00,6.82,Health,NetBanking,Desktop,Pune,0,144,124.73,1132,No,0,19,19,2,0.05467810470616532,0,3.1013698630136988,35.11022044088176
T102050,CUST4589,2023-08-01 05:36:00,49.04,Utilities,UPI,Desktop,Chennai,0,181,379.42,1218,No,0,5,1,8,0.1292499077539402,0,3.336986301369863,41.73404927353127
T102051,CUST5837,2023-08-05 06:07:00,53.04,Utilities,Debit Card,Mobile,Chennai,0,134,120.1,1899,No,0,6,5,8,0.44163197335553706,0,5.2027397260273975,21.603356890459363
T102052,CUST3101,2023-12-20 16:44:00,14.5,Entertainment,PayPal,POS,Kolkata,0,24,299.98,660,No,0,16,20,12,0.04833655577038469,0,1.8082191780821917,8.546341463414635
T102053,CUST2060,2023-11-23 05:36:00,233.06,Fashion,Debit Card,Mobile,Pune,0,115,351.53,1110,No,0,5,23,11,0.6629875117344182,0,3.041095890410959,28.457627118644062
T102054,CUST5117,2024-01-18 06:12:00,151.76,Electronics,Debit Card,Desktop,Kolkata,0,92,431.28,989,No,0,6,18,1,0.35188276757558895,0,2.7095890410958905,24.800590841949777
T102055,CUST4578,2023-04-08 10:16:00,88.46,Utilities,Debit Card,Mobile,Delhi,1,156,369.61,989,No,1,10,8,4,0.23933335137036332,0,2.7095890410958905,42.05317577548006
T102056,CUST6379,2024-01-30 13:26:00,49.64,Food,NetBanking,Desktop,Delhi,0,21,401.42,1241,No,0,13,30,1,0.12366100343779582,0,3.4,4.7727272727272725
T102057,CUST4556,2023-02-01 16:11:00,42.45,Entertainment,Debit Card,POS,Pune,0,8,457.34,1105,No,0,16,1,2,0.09281934665675429,0,3.0273972602739727,1.9863945578231292
T102058,CUST6984,2024-01-28 12:05:00,84.21,Utilities,Debit Card,Desktop,Mumbai,0,36,302.91,1125,No,0,12,28,1,0.2780033673368327,0,3.0821917808219177,8.818791946308727
T102059,CUST2525,2023-11-02 23:28:00,63.07,Food,NetBanking,Mobile,Bengaluru,0,124,424.68,782,No,0,23,2,11,0.14851182066497126,0,2.1424657534246574,39.45945945945946
T102060,CUST1037,2023-03-25 11:38:00,5.14,Grocery,UPI,POS,Delhi,0,9,123.62,353,No,0,11,25,3,0.041579032519009865,0,0.9671232876712329,4.575208913649025
T102061,CUST5290,2023-11-07 11:22:00,57.48,Fashion,Credit Card,Desktop,Delhi,0,40,409.22,1665,No,0,11,7,11,0.14046234299398855,0,4.561643835616438,7.192118226600985
T102062,CUST6869,2023-04-30 07:15:00,131.36,Travel,NetBanking,Desktop,Pune,0,179,118.63,1391,No,0,7,30,4,1.1073084380005058,0,3.8109589041095893,37.20671981776765
T102063,CUST2384,2023-10-24 00:18:00,49.18,Utilities,NetBanking,POS,Kolkata,0,129,467.97,184,No,0,0,24,10,0.10509220676539094,0,0.5041095890410959,85.76502732240436
T102064,CUST7343,2023-05-13 10:28:00,4.27,Food,Debit Card,Mobile,Pune,0,191,171.69,88,No,0,10,13,5,0.02487040596423787,0,0.2410958904109589,153.89624724061812
T102065,CUST6347,2024-02-01 00:27:00,123.45,Entertainment,Debit Card,POS,Bengaluru,1,117,94.2,1328,No,0,0,1,2,1.3105095541401275,0,3.638356164383562,25.224453632604842
T102066,CUST7353,2023-09-04 07:25:00,17.99,Fashion,Credit Card,Mobile,Bengaluru,0,68,82.6,1824,No,0,7,4,9,0.21779661016949153,0,4.997260273972603,11.33851073549566
T102067,CUST9854,2023-07-22 12:18:00,23.94,Electronics,Debit Card,Desktop,Chennai,1,154,101.76,230,No,0,12,22,7,0.23525943396226415,0,0.6301369863013698,94.47058823529413
T102068,CUST7621,2023-07-08 11:14:00,14.4,Entertainment,PayPal,Desktop,Pune,0,168,229.29,324,No,0,11,8,7,0.0628025644380479,0,0.8876712328767123,88.99854862119014
T102069,CUST6106,2024-02-08 16:35:00,32.06,Grocery,Debit Card,POS,Delhi,0,3,265.85,1375,No,0,16,8,2,0.12059432010532255,0,3.767123287671233,0.6293103448275863
T102070,CUST7527,2024-01-01 23:00:00,113.09,Health,Debit Card,Desktop,Kolkata,0,108,457.76,1382,No,0,23,1,1,0.2470508563439357,0,3.786301369863014,22.56439610761305
T102071,CUST3077,2023-03-05 11:38:00,58.62,Utilities,PayPal,POS,Kolkata,0,122,196.7,1443,No,0,11,5,3,0.2980172852058973,0,3.9534246575342467,24.629424778761063
T102072,CUST2970,2023-09-25 02:15:00,18.34,Electronics,Credit Card,Desktop,Hyderabad,0,9,116.57,1027,No,0,2,25,9,0.15733035944067944,0,2.813698630136986,2.3599137931034484
T102073,CUST6471,2023-10-29 03:36:00,168.19,Food,PayPal,Desktop,Hyderabad,0,160,374.47,1337,No,0,3,29,10,0.4491414532539322,0,3.663013698630137,34.312573443008226
T102074,CUST2926,2023-05-08 21:42:00,169.34,Utilities,NetBanking,Mobile,Mumbai,0,195,75.98,1229,No,0,21,8,5,2.228744406422743,1,3.367123287671233,44.65181932245922
T102075,CUST2182,2023-01-19 00:10:00,163.57,Food,PayPal,POS,Delhi,0,4,447.22,639,No,0,0,19,1,0.3657484012342918,0,1.7506849315068493,1.454183266932271
T102076,CUST7728,2023-01-13 11:59:00,21.83,Electronics,UPI,POS,Hyderabad,0,6,210.61,378,No,0,11,13,1,0.10365129860880298,0,1.0356164383561643,2.9475100942126513
T102077,CUST3900,2023-01-30 05:00:00,48.01,Food,NetBanking,Desktop,Kolkata,0,73,310.78,1485,No,0,5,30,1,0.15448227041637172,0,4.068493150684931,14.402702702702703
T102078,CUST3883,2023-11-10 09:27:00,335.92,Entertainment,Debit Card,Mobile,Delhi,0,26,101.23,992,No,0,9,10,11,3.3183838782969475,1,2.717808219178082,6.993367722918202
T102079,CUST4526,2024-01-01 06:34:00,118.28,Fashion,NetBanking,Mobile,Pune,0,130,81.31,1747,No,0,6,1,1,1.4546796212028041,0,4.786301369863014,22.46685606060606
T102080,CUST3478,2023-06-17 21:23:00,2.2,Food,Credit Card,POS,Delhi,0,194,401.43,411,Yes,0,21,17,6,0.005480407543033655,0,1.126027397260274,91.25
T102081,CUST5194,2023-12-28 14:12:00,5.39,Grocery,Credit Card,POS,Hyderabad,0,114,220.55,1325,No,0,14,28,12,0.024438902743142144,0,3.6301369863013697,24.62130177514793
T102082,CUST5564,2023-07-09 12:01:00,49.88,Fashion,PayPal,Desktop,Kolkata,0,85,493.5,521,No,0,12,9,7,0.10107396149949342,0,1.4273972602739726,35.01693002257336
T102083,CUST7040,2023-01-06 22:54:00,191.95,Entertainment,NetBanking,POS,Delhi,0,86,266.91,1600,No,0,22,6,1,0.7191562699037127,0,4.383561643835616,15.974554707379136
T102084,CUST3633,2023-08-07 09:48:00,61.9,Utilities,Debit Card,Desktop,Bengaluru,0,131,424.37,360,Yes,0,9,7,8,0.14586327968518037,0,0.9863013698630136,65.95172413793104
T102085,CUST2539,2023-07-13 03:40:00,55.1,Travel,Credit Card,Mobile,Mumbai,0,35,490.18,904,No,0,3,13,7,0.11240768697213269,0,2.4767123287671233,10.066981875492514
T102086,CUST4530,2024-02-08 22:05:00,8.92,Utilities,Debit Card,POS,Chennai,0,114,147.76,1652,No,0,22,8,2,0.060368164591229026,0,4.526027397260274,20.62964799206743
T102087,CUST3346,2023-09-18 22:03:00,85.55,Food,UPI,Mobile,Kolkata,0,59,402.43,187,Yes,0,22,18,9,0.21258355490395844,0,0.5123287671232877,39.01268115942029
T102088,CUST1266,2023-05-10 22:17:00,138.12,Food,Credit Card,Mobile,Hyderabad,0,38,20.78,461,No,0,22,10,5,6.646775745909529,1,1.263013698630137,16.79176755447942
T102089,CUST9174,2023-03-06 21:24:00,38.3,Grocery,PayPal,Desktop,Pune,0,33,343.08,1378,No,0,21,6,3,0.11163577008277953,0,3.7753424657534245,6.910499139414802
T102090,CUST6241,2024-02-18 14:52:00,119.55,Entertainment,UPI,Mobile,Chennai,0,121,375.15,1169,No,0,14,18,2,0.31867253098760495,0,3.202739726027397,28.790743155149933
T102091,CUST6285,2023-04-20 04:43:00,267.01,Grocery,NetBanking,Desktop,Mumbai,0,143,243.91,1573,No,1,4,20,4,1.0947070640810135,0,4.30958904109589,26.932404540763674
T102092,CUST8038,2023-10-17 09:02:00,18.23,Health,Debit Card,Desktop,Kolkata,0,100,89.43,648,No,0,9,17,10,0.20384658392038466,0,1.7753424657534247,36.03158933859822
T102093,CUST2031,2023-12-11 02:46:00,59.27,Entertainment,Credit Card,Mobile,Kolkata,0,142,312.19,648,No,0,2,11,12,0.18985233351484673,0,1.7753424657534247,51.16485686080948
T102094,CUST8712,2023-01-26 18:11:00,27.08,Electronics,UPI,Mobile,Bengaluru,1,194,449.79,655,No,0,18,26,1,0.06020587385224215,0,1.7945205479452055,69.42156862745098
T102095,CUST3956,2023-02-28 05:56:00,125.95,Electronics,UPI,Desktop,Bengaluru,0,45,466.35,464,No,0,5,28,2,0.27007612308352097,0,1.2712328767123289,19.813027744270205
T102096,CUST6946,2023-10-31 15:34:00,68.94,Electronics,Credit Card,Desktop,Bengaluru,0,48,375.59,1575,No,0,15,31,10,0.18355121275859315,0,4.315068493150685,9.030927835051546
T102097,CUST4152,2023-08-23 13:15:00,80.54,Grocery,NetBanking,Mobile,Bengaluru,0,172,139.22,825,No,0,13,23,8,0.578508834937509,0,2.26027397260274,52.7563025210084
T102098,CUST1034,2024-02-09 04:09:00,127.93,Electronics,NetBanking,Desktop,Hyderabad,0,118,436.46,961,Yes,1,4,9,2,0.29310818860834903,0,2.632876712328767,32.48114630467572
T102099,CUST7034,2023-11-26 17:30:00,40.33,Entertainment,PayPal,Desktop,Kolkata,0,165,445.52,601,No,0,17,26,11,0.09052343329143472,0,1.6465753424657534,62.34472049689441
T102100,CUST9515,2023-03-27 16:07:00,197.29,Electronics,NetBanking,POS,Hyderabad,0,29,189.95,295,No,0,16,27,3,1.0386417478283758,0,0.8082191780821918,16.037878787878785
T102101,CUST1560,2023-10-29 10:00:00,60.92,Travel,PayPal,POS,Delhi,0,84,99.66,1451,No,0,10,29,10,0.6112783463776842,0,3.9753424657534246,16.883259911894275
T102102,CUST4378,2023-01-15 10:32:00,13.75,Electronics,UPI,POS,Pune,0,162,438.58,131,No,0,10,15,1,0.031351178804323046,0,0.3589041095890411,119.21370967741936
T102103,CUST5125,2023-07-15 13:56:00,95.23,Food,Credit Card,POS,Delhi,0,187,443.7,1116,No,0,13,15,7,0.21462700022537753,0,3.0575342465753423,46.087103308575294
T102104,CUST4258,2023-03-05 22:34:00,126.1,Health,NetBanking,POS,Pune,0,113,59.44,1026,No,0,22,5,3,2.1214670255720054,1,2.8109589041095893,29.65132997843278
T102105,CUST9722,2023-11-23 11:14:00,30.47,Grocery,PayPal,Desktop,Mumbai,1,117,483.82,1740,No,0,11,23,11,0.06297796701252532,0,4.767123287671233,20.287410926365794
T102106,CUST5863,2024-01-13 15:55:00,155.69,Fashion,UPI,Desktop,Delhi,0,43,271.21,738,No,0,15,13,1,0.5740570037977951,0,2.021917808219178,14.229374433363555
T102107,CUST2317,2023-07-31 05:30:00,189.28,Health,NetBanking,POS,Mumbai,0,161,496.93,1044,No,0,5,31,7,0.380898718129314,0,2.8602739726027395,41.70688431511711
T102108,CUST9691,2023-02-23 15:59:00,25.94,Travel,Debit Card,Mobile,Mumbai,0,19,228.05,853,No,0,15,23,2,0.11374698531023898,0,2.336986301369863,5.69376026272578
T102109,CUST2194,2023-03-21 22:59:00,328.46,Grocery,UPI,POS,Mumbai,0,8,271.31,1955,No,0,22,21,3,1.2106446500313295,0,5.3561643835616435,1.2586206896551724
T102110,CUST9461,2023-03-07 23:28:00,12.13,Entertainment,NetBanking,Mobile,Bengaluru,0,159,140.38,1564,No,0,23,7,3,0.08640832027354325,0,4.284931506849315,30.085536547433904
T102111,CUST3362,2023-05-22 11:58:00,18.05,Utilities,UPI,Desktop,Chennai,1,11,450.48,251,No,1,11,22,5,0.04006837151482863,0,0.6876712328767123,6.517857142857143
T102112,CUST7944,2024-01-18 02:53:00,16.29,Grocery,Credit Card,Mobile,Chennai,0,8,227.42,944,No,0,2,18,1,0.07162958402954885,0,2.5863013698630137,2.2307104660045836
T102113,CUST6424,2023-10-24 02:06:00,179.54,Food,Credit Card,Desktop,Hyderabad,0,153,409.16,465,No,0,2,24,10,0.4388014468667513,0,1.273972602739726,67.28313253012048
T102114,CUST9306,2023-11-20 19:26:00,84.97,Entertainment,Credit Card,Mobile,Mumbai,0,113,49.07,1243,No,0,19,20,11,1.7316079070715304,0,3.4054794520547946,25.649875621890544
T102115,CUST3735,2024-01-01 23:07:00,13.2,Health,Debit Card,Desktop,Bengaluru,0,148,396.24,669,No,0,23,1,1,0.033313143549364016,0,1.832876712328767,52.24371373307543
T102116,CUST2080,2023-07-13 06:32:00,46.43,Health,Credit Card,Desktop,Delhi,1,38,250.22,974,No,1,6,13,7,0.1855567100951163,0,2.6684931506849314,10.35847647498133
T102117,CUST7872,2023-03-19 05:29:00,76.42,Electronics,Debit Card,POS,Delhi,0,135,12.65,363,No,0,5,19,3,6.041106719367589,1,0.9945205479452055,67.68543956043956
T102118,CUST2888,2024-02-05 17:48:00,6.97,Entertainment,Credit Card,Desktop,Hyderabad,0,117,120.87,936,No,0,17,5,2,0.057665260196905765,0,2.5643835616438357,32.824750192159875
T102119,CUST3928,2024-01-09 05:50:00,171.25,Utilities,UPI,POS,Hyderabad,0,167,104.93,1611,Yes,0,5,9,1,1.632040407890975,0,4.413698630136986,30.847672064777328
T102120,CUST8928,2023-08-25 11:37:00,130.21,Food,NetBanking,POS,Mumbai,0,74,378.36,1634,No,0,11,25,8,0.34414314409557034,0,4.476712328767123,13.51175587793897
T102121,CUST5723,2023-03-28 04:09:00,56.29,Electronics,NetBanking,POS,Mumbai,0,72,243.83,1354,No,0,4,28,3,0.2308575646967149,0,3.7095890410958905,15.287958115183246
T102122,CUST8594,2023-04-29 02:42:00,273.21,Electronics,Credit Card,Mobile,Delhi,1,106,88.26,380,No,0,2,29,4,3.095513256288239,1,1.0410958904109588,51.932885906040276
T102123,CUST1242,2023-06-11 00:30:00,43.27,Utilities,NetBanking,Mobile,Delhi,0,118,135.83,1929,No,0,0,11,6,0.3185599646617095,0,5.284931506849315,18.775065387968613
T102124,CUST7634,2024-01-22 20:08:00,331.37,Grocery,Credit Card,Desktop,Delhi,0,20,257.0,599,No,0,20,22,1,1.289377431906615,0,1.641095890410959,7.572614107883816
T102125,CUST5990,2023-06-28 11:43:00,88.19,Health,Credit Card,POS,Delhi,0,11,19.62,1981,No,0,11,28,6,4.494903160040774,1,5.427397260273972,1.7114236999147485
T102126,CUST3666,2023-07-26 12:17:00,80.56,Electronics,PayPal,POS,Chennai,0,144,217.82,757,No,0,12,26,7,0.36984666238178315,0,2.073972602739726,46.844919786096256
T102127,CUST4715,2023-04-25 09:36:00,14.52,Travel,PayPal,Desktop,Mumbai,1,42,342.25,144,No,0,9,25,4,0.04242512783053323,0,0.39452054794520547,30.117878192534384
T102128,CUST5085,2024-02-07 22:36:00,170.92,Travel,PayPal,POS,Mumbai,0,90,263.7,1575,No,0,22,7,2,0.6481607887751232,0,4.315068493150685,16.932989690721648
T102129,CUST8830,2023-04-15 23:09:00,44.62,Health,Debit Card,Desktop,Delhi,0,52,303.07,938,No,0,23,15,4,0.14722671330055762,0,2.56986301369863,14.5663852647736
T102130,CUST9486,2023-10-11 16:34:00,14.16,Travel,PayPal,POS,Bengaluru,0,165,170.04,396,No,0,16,11,10,0.08327452364149612,0,1.084931506849315,79.13929040735874
T102131,CUST7574,2023-11-25 01:45:00,1.02,Utilities,Credit Card,Mobile,Delhi,0,52,99.71,1322,No,0,1,25,11,0.010229666031491325,0,3.621917808219178,11.250740960284528
T102132,CUST7545,2023-05-16 06:56:00,65.63,Grocery,UPI,Desktop,Pune,0,137,406.77,833,No,0,6,16,5,0.16134424859257074,0,2.282191780821918,41.74040066777963
T102133,CUST3915,2023-10-29 00:58:00,59.96,Food,PayPal,Desktop,Kolkata,0,163,453.76,1139,No,1,0,29,10,0.13214033850493653,0,3.1205479452054794,39.557845744680854
T102134,CUST8614,2023-03-02 12:31:00,101.65,Fashion,PayPal,Mobile,Kolkata,1,195,260.26,925,No,1,12,2,3,0.39057096749404446,0,2.5342465753424657,55.174418604651166
T102135,CUST8748,2023-12-01 06:32:00,176.77,Electronics,UPI,Desktop,Hyderabad,0,95,159.47,998,No,0,6,1,12,1.1084843544240297,0,2.734246575342466,25.440205429200294
T102136,CUST8731,2023-03-26 15:10:00,6.62,Fashion,Credit Card,Mobile,Pune,0,135,260.49,407,No,0,15,26,3,0.025413643517985335,0,1.115068493150685,63.8277202072539
T102137,CUST8219,2023-01-29 22:21:00,105.19,Food,Debit Card,POS,Bengaluru,0,2,440.7,1200,No,0,22,29,1,0.23868845019287496,0,3.287671232876712,0.46645367412140576
T102138,CUST2377,2023-09-06 08:53:00,16.6,Food,PayPal,Mobile,Hyderabad,0,25,348.79,1041,No,0,8,6,9,0.04759310760056194,0,2.852054794520548,6.490042674253201
T102139,CUST8329,2024-02-15 07:40:00,156.25,Utilities,UPI,Mobile,Kolkata,0,76,430.72,147,Yes,0,7,15,2,0.36276467310549776,0,0.40273972602739727,54.1796875
T102140,CUST7074,2023-11-09 08:23:00,136.77,Grocery,Credit Card,Desktop,Bengaluru,0,94,170.91,1043,No,0,8,9,11,0.8002457433737056,0,2.8575342465753426,24.367897727272727
T102141,CUST2674,2023-11-29 15:19:00,62.26,Travel,NetBanking,POS,Hyderabad,0,94,358.87,1188,No,0,15,29,11,0.17348900716136761,0,3.254794520547945,22.09272376046362
T102142,CUST5891,2023-08-08 00:52:00,99.1,Travel,Debit Card,Mobile,Delhi,0,41,329.99,556,No,0,0,8,8,0.30031213067062634,0,1.5232876712328767,16.248642779587406
T102143,CUST5987,2023-11-03 04:43:00,30.19,Utilities,UPI,POS,Delhi,0,180,290.09,1902,No,0,4,3,11,0.10407115033265539,0,5.210958904109589,28.981032201146892
T102144,CUST1760,2023-06-17 15:09:00,50.97,Food,UPI,Mobile,Bengaluru,0,87,268.83,843,No,0,15,17,6,0.1895993750697467,0,2.3095890410958906,26.287251655629138
T102145,CUST2798,2023-06-28 02:22:00,137.91,Grocery,UPI,Desktop,Hyderabad,0,81,279.98,235,No,0,2,28,6,0.49257089792128006,0,0.6438356164383562,49.275000000000006
T102146,CUST4927,2023-11-30 02:26:00,49.19,Grocery,PayPal,Mobile,Chennai,0,193,426.34,1286,No,0,2,30,11,0.1153773983205892,0,3.5232876712328767,42.66807995154451
T102147,CUST8047,2023-08-20 22:02:00,35.43,Health,NetBanking,Mobile,Bengaluru,0,124,458.84,845,No,0,22,20,8,0.07721645889634732,0,2.315068493150685,37.404958677685954
T102148,CUST7587,2023-10-23 03:27:00,54.53,Entertainment,Debit Card,POS,Bengaluru,0,77,65.3,95,No,1,3,23,10,0.8350689127105667,0,0.2602739726027397,61.09782608695652
T102149,CUST8644,2023-11-28 05:50:00,140.94,Electronics,Credit Card,Mobile,Pune,0,38,288.7,33,No,0,5,28,11,0.48818843089712505,0,0.09041095890410959,34.84924623115578
T102150,CUST5470,2023-03-23 17:44:00,32.66,Utilities,Credit Card,Desktop,Mumbai,0,195,460.02,32,No,0,17,23,3,0.07099691317768793,0,0.08767123287671233,179.28211586901762
T102151,CUST4184,2023-09-17 22:59:00,15.27,Entertainment,NetBanking,Desktop,Bengaluru,0,42,76.02,1312,No,0,22,17,9,0.20086819258089977,0,3.5945205479452054,9.141323792486585
T102152,CUST6165,2024-01-18 06:00:00,99.59,Utilities,UPI,Mobile,Chennai,1,199,212.3,1768,No,0,6,18,1,0.46910032972209137,0,4.843835616438356,34.052977027660575
T102153,CUST5666,2023-02-08 17:22:00,139.89,Travel,UPI,Mobile,Delhi,0,182,53.65,354,No,0,17,8,2,2.6074557315936624,1,0.9698630136986301,92.39221140472878
T102154,CUST9668,2023-07-18 04:27:00,8.49,Food,UPI,POS,Hyderabad,0,195,65.6,1293,No,1,4,18,7,0.12942073170731708,0,3.5424657534246577,42.92822677925211
T102155,CUST2892,2023-07-20 06:53:00,21.94,Utilities,UPI,POS,Mumbai,1,78,453.01,634,No,0,6,20,7,0.0484316019513918,0,1.736986301369863,28.498498498498495
T102156,CUST9089,2023-06-14 03:20:00,12.25,Utilities,UPI,Desktop,Hyderabad,0,64,228.63,825,Yes,1,3,14,6,0.05358002011984429,0,2.26027397260274,19.630252100840334
T102157,CUST7962,2024-01-14 03:50:00,34.21,Health,NetBanking,POS,Delhi,1,132,347.48,564,No,0,3,14,1,0.09845170945090365,0,1.5452054794520549,51.86221743810548
T102158,CUST4225,2023-12-19 22:42:00,47.88,Fashion,PayPal,Mobile,Bengaluru,0,159,78.07,1851,No,0,22,19,12,0.6132957602151916,0,5.071232876712329,26.189079422382672
T102159,CUST3973,2023-08-10 17:13:00,110.53,Travel,Debit Card,Desktop,Pune,0,125,20.75,1371,No,0,17,10,8,5.3267469879518075,1,3.756164383561644,26.28168202764977
T102160,CUST8777,2023-09-27 13:55:00,84.25,Electronics,UPI,POS,Chennai,0,141,446.34,628,No,0,13,27,9,0.18875744947797643,0,1.7205479452054795,51.82779456193354
T102161,CUST1769,2023-10-15 20:17:00,77.6,Grocery,PayPal,Desktop,Mumbai,0,27,291.53,1104,No,0,20,15,10,0.26618186807532673,0,3.0246575342465754,6.708645336963921
T102162,CUST5287,2023-02-28 21:20:00,34.76,Food,Credit Card,Mobile,Chennai,0,59,19.79,1862,No,0,21,28,2,1.7564426478019202,0,5.101369863013699,9.66995958688819
T102163,CUST4348,2023-07-10 10:33:00,147.33,Travel,NetBanking,POS,Kolkata,0,65,496.25,1523,No,0,10,10,7,0.29688664987405544,0,4.1726027397260275,12.566207627118644
T102164,CUST6175,2023-04-10 07:17:00,50.98,Fashion,PayPal,Mobile,Chennai,0,192,251.17,861,No,0,7,10,4,0.20297009993231677,0,2.3589041095890413,57.16150081566068
T102165,CUST4952,2023-06-06 06:05:00,309.46,Utilities,UPI,Mobile,Chennai,0,25,243.18,1096,Yes,0,6,6,6,1.2725553088247388,0,3.0027397260273974,6.245722108145106
T102166,CUST7925,2023-10-17 17:30:00,80.44,Electronics,UPI,Desktop,Chennai,0,37,314.25,1257,No,0,17,17,10,0.25597454256165475,0,3.4438356164383563,8.326140567200985
T102167,CUST3930,2023-05-16 03:06:00,10.8,Utilities,UPI,Desktop,Delhi,0,124,13.87,376,No,0,3,16,5,0.7786589762076425,0,1.0301369863013699,61.079622132253704
T102168,CUST9649,2023-05-28 06:42:00,90.2,Electronics,PayPal,Desktop,Chennai,0,71,288.88,1111,No,0,6,28,5,0.3122403766269731,0,3.043835616438356,17.55758807588076
T102169,CUST5698,2023-04-01 22:59:00,31.46,Health,UPI,POS,Pune,0,142,318.45,88,No,0,22,1,4,0.09879101899827289,0,0.2410958904109589,114.4150110375276
T102170,CUST7031,2023-08-06 19:50:00,92.75,Utilities,PayPal,POS,Chennai,0,94,155.51,709,No,0,19,6,8,0.5964246672239728,0,1.9424657534246574,31.945996275605218
T102171,CUST3108,2023-05-16 21:09:00,5.77,Travel,UPI,Desktop,Delhi,0,152,366.16,1739,No,0,21,16,5,0.015758138518680357,0,4.764383561643836,26.368821292775664
T102172,CUST2741,2023-01-27 12:45:00,15.38,Fashion,Credit Card,POS,Hyderabad,0,67,194.94,540,No,0,12,27,1,0.07889607058582128,0,1.4794520547945205,27.022099447513817
T102173,CUST1193,2023-11-21 08:26:00,154.89,Electronics,Credit Card,POS,Delhi,0,176,361.71,1371,No,0,8,21,11,0.4282159741229161,0,3.756164383561644,37.004608294930875
T102174,CUST3916,2023-04-06 20:10:00,20.62,Food,Debit Card,Desktop,Kolkata,1,103,80.47,1486,No,0,20,6,4,0.25624456319125144,0,4.071232876712329,20.310642895732038
T102175,CUST7306,2023-08-28 12:10:00,145.14,Electronics,UPI,Mobile,Kolkata,0,91,457.71,1425,No,0,12,28,8,0.31710034738152976,0,3.904109589041096,18.55586592178771
T102176,CUST3386,2023-10-13 06:41:00,26.2,Fashion,UPI,POS,Pune,0,193,440.93,236,No,0,6,13,10,0.05941986256321865,0,0.6465753424657534,117.21297836938436
T102177,CUST3110,2023-04-17 02:33:00,82.38,Grocery,PayPal,POS,Pune,0,166,83.81,140,No,0,2,17,4,0.9829375969454718,0,0.3835616438356164,119.98019801980199
T102178,CUST9585,2023-11-03 03:40:00,94.77,Grocery,PayPal,Mobile,Bengaluru,0,90,469.84,52,No,0,3,3,11,0.2017069640728759,0,0.14246575342465753,78.77697841726618
T102179,CUST8462,2023-09-02 22:01:00,57.5,Health,UPI,Mobile,Delhi,0,70,283.31,1481,No,0,22,2,9,0.20295789064981823,0,4.057534246575343,13.840736728060671
T102180,CUST5506,2023-07-19 08:28:00,29.14,Travel,Debit Card,Mobile,Hyderabad,1,59,353.81,1798,No,0,8,19,7,0.08236058901670389,0,4.926027397260274,9.956079519186316
T102181,CUST5694,2023-02-17 17:15:00,19.13,Fashion,UPI,Desktop,Bengaluru,0,12,421.74,1993,No,0,17,17,2,0.04535970028927775,0,5.46027397260274,1.8575063613231553
T102182,CUST3056,2023-08-03 13:34:00,2.7,Health,PayPal,Mobile,Bengaluru,0,182,50.95,816,No,0,13,3,8,0.05299313052011776,0,2.2356164383561645,56.248941574936495
T102183,CUST5112,2023-09-18 02:20:00,28.99,Entertainment,UPI,Desktop,Mumbai,0,51,92.95,1737,No,0,2,18,9,0.3118881118881119,0,4.758904109589041,8.855851569933396
T102184,CUST7493,2023-01-20 08:24:00,84.71,Electronics,PayPal,Mobile,Chennai,0,166,152.29,1064,No,0,8,20,1,0.5562413815746273,0,2.915068493150685,42.40027991602519
T102185,CUST8018,2023-04-04 19:45:00,222.84,Entertainment,UPI,Mobile,Bengaluru,0,174,243.83,601,No,0,19,4,4,0.9139154328835664,0,1.6465753424657534,65.74534161490683
T102186,CUST2719,2023-02-25 02:04:00,163.96,Electronics,NetBanking,Desktop,Bengaluru,0,10,179.57,1987,No,0,2,25,2,0.9130701119340648,0,5.443835616438356,1.5518707482993197
T102187,CUST1029,2023-11-16 04:29:00,116.22,Grocery,PayPal,Desktop,Pune,0,9,257.86,1797,No,1,4,16,11,0.4507096874272861,0,4.923287671232877,1.519426456984274
T102188,CUST8005,2023-01-05 19:51:00,124.26,Health,Debit Card,Mobile,Hyderabad,0,87,101.1,776,No,0,19,5,1,1.229080118694362,0,2.126027397260274,27.830850131463627
T102189,CUST8529,2023-10-16 12:27:00,87.49,Grocery,NetBanking,Mobile,Bengaluru,0,94,344.26,544,Yes,0,12,16,10,0.2541393133097078,0,1.4904109589041097,37.74477447744774
T102190,CUST8127,2023-01-14 20:32:00,24.12,Food,UPI,Mobile,Kolkata,0,52,37.31,173,No,0,20,14,1,0.6464754757437684,0,0.473972602739726,35.278810408921935
T102191,CUST4601,2023-11-10 01:33:00,190.18,Entertainment,PayPal,POS,Hyderabad,0,179,187.11,1021,No,0,1,10,11,1.0164074608519054,0,2.797260273972603,47.139249639249634
T102192,CUST7584,2023-08-29 11:38:00,88.87,Entertainment,NetBanking,Mobile,Chennai,0,22,97.73,1795,No,0,11,29,8,0.9093420648726083,0,4.917808219178082,3.717592592592593
T102193,CUST3938,2023-09-21 05:59:00,65.76,Grocery,Debit Card,Desktop,Kolkata,0,73,367.67,1574,No,0,5,21,9,0.17885603938314248,0,4.3123287671232875,13.741619391438887
T102194,CUST6047,2023-12-13 23:58:00,9.41,Food,PayPal,POS,Pune,0,83,442.99,838,No,0,23,13,12,0.021242014492426464,0,2.2958904109589042,25.182876142975893
T102195,CUST8931,2023-12-22 14:16:00,47.4,Electronics,NetBanking,Desktop,Kolkata,0,72,48.61,323,No,0,14,22,12,0.9751080024686278,0,0.8849315068493151,38.19767441860465
T102196,CUST6596,2023-05-28 02:00:00,49.35,Health,NetBanking,POS,Mumbai,0,118,394.67,354,No,0,2,28,5,0.12504117363873615,0,0.9698630136986301,59.90264255910987
T102197,CUST7492,2024-02-09 08:50:00,159.94,Food,NetBanking,POS,Mumbai,0,68,448.9,222,No,0,8,9,2,0.3562931610603698,0,0.6082191780821918,42.28279386712096
T102198,CUST5593,2023-11-09 02:50:00,63.29,Health,Credit Card,Desktop,Chennai,0,5,487.25,1344,No,0,2,9,11,0.12989225243714725,0,3.682191780821918,1.0678759508484494
T102199,CUST5661,2023-05-12 18:16:00,38.29,Entertainment,UPI,POS,Chennai,0,83,293.9,1692,No,0,18,12,5,0.13028240898264717,0,4.635616438356164,14.727758872143898
T102200,CUST6245,2023-07-10 15:51:00,301.09,Health,PayPal,Desktop,Kolkata,0,121,170.42,1472,No,0,15,10,7,1.7667527285529867,0,4.032876712328767,24.04191616766467
T102201,CUST9967,2023-05-10 16:16:00,9.39,Entertainment,PayPal,Mobile,Pune,0,157,167.77,489,No,0,16,10,5,0.05596948202896823,0,1.3397260273972602,67.10187353629976
T102202,CUST1257,2023-10-28 13:08:00,43.93,Food,PayPal,POS,Pune,0,6,195.7,1101,No,0,13,28,10,0.2244762391415432,0,3.0164383561643837,1.4938608458390175
T102203,CUST2240,2023-03-17 15:35:00,3.43,Entertainment,NetBanking,Desktop,Delhi,0,69,310.21,1160,No,0,15,17,3,0.01105702588569034,0,3.1780821917808217,16.514754098360655
T102204,CUST4910,2023-10-01 00:15:00,107.74,Utilities,UPI,POS,Bengaluru,0,58,250.21,1317,No,0,0,1,10,0.43059829743015865,0,3.6082191780821917,12.586206896551724
T102205,CUST1177,2023-08-31 10:43:00,200.16,Travel,Debit Card,Desktop,Bengaluru,0,43,330.28,1306,Yes,0,10,31,8,0.6060312462153324,0,3.578082191780822,9.392579293836025
T102206,CUST7756,2023-08-24 09:31:00,26.28,Entertainment,PayPal,Mobile,Bengaluru,0,197,29.26,1592,No,0,9,24,8,0.8981544771018455,0,4.361643835616438,36.74246295350026
T102207,CUST1612,2023-04-26 20:38:00,156.35,Grocery,UPI,Mobile,Hyderabad,0,72,61.88,1574,No,0,20,26,4,2.5266645119586295,1,4.3123287671232875,13.553378029912327
T102208,CUST1827,2023-06-07 19:44:00,27.65,Food,UPI,POS,Delhi,0,91,488.5,1785,No,0,19,7,6,0.05660184237461617,0,4.890410958904109,15.448837209302326
T102209,CUST2963,2023-08-23 23:16:00,193.32,Utilities,Credit Card,POS,Kolkata,0,37,497.74,1211,No,0,23,23,8,0.3883955478764013,0,3.317808219178082,8.569162436548224
T102210,CUST9322,2023-09-21 01:11:00,112.18,Electronics,PayPal,Desktop,Bengaluru,0,58,375.86,555,No,0,1,21,9,0.2984621933698718,0,1.5205479452054795,23.010869565217387
T102211,CUST3479,2023-11-26 13:26:00,130.74,Health,NetBanking,Desktop,Hyderabad,0,127,135.63,948,No,0,13,26,11,0.9639460296394604,0,2.5972602739726027,35.304645849200305
T102212,CUST2550,2024-01-06 09:19:00,1.45,Utilities,UPI,POS,Hyderabad,0,37,477.16,58,No,0,9,6,1,0.003038812976779277,0,0.1589041095890411,31.926713947990542
T102213,CUST2313,2023-12-19 05:30:00,263.34,Fashion,UPI,Desktop,Mumbai,0,154,114.71,567,No,0,5,19,12,2.2957022055618514,1,1.5534246575342465,60.311158798283266
T102214,CUST4014,2024-02-06 20:49:00,103.77,Utilities,Debit Card,Desktop,Hyderabad,0,170,368.4,1779,No,0,20,6,2,0.2816775244299674,0,4.873972602739726,28.941231343283583
T102215,CUST8684,2023-11-12 10:12:00,29.08,Food,Credit Card,Desktop,Chennai,0,16,66.48,172,No,0,10,12,11,0.4374247894103489,0,0.4712328767123288,10.875232774674116
T102216,CUST3401,2023-11-04 16:36:00,141.47,Utilities,UPI,POS,Pune,0,150,327.96,656,No,0,16,4,11,0.431363580924503,0,1.7972602739726027,53.62389813907934
T102217,CUST4628,2023-09-08 09:01:00,26.45,Utilities,UPI,Mobile,Hyderabad,0,110,382.16,870,No,0,9,8,9,0.06921184844044379,0,2.3835616438356166,32.51012145748987
T102218,CUST7659,2023-06-07 13:13:00,164.93,Grocery,NetBanking,Mobile,Chennai,0,151,431.22,247,No,0,13,7,6,0.38247298362784654,0,0.6767123287671233,90.05718954248366
T102219,CUST8698,2023-07-02 09:04:00,9.55,Entertainment,NetBanking,Desktop,Chennai,0,175,369.81,622,No,0,9,2,7,0.02582407182066467,0,1.704109589041096,64.71631205673759
T102220,CUST2591,2023-10-05 16:12:00,97.31,Health,Debit Card,POS,Mumbai,1,195,462.51,742,No,0,16,5,10,0.21039545090916953,0,2.032876712328767,64.29539295392954
T102221,CUST4997,2023-11-12 08:43:00,62.24,Travel,Debit Card,Desktop,Kolkata,0,131,265.25,96,No,0,8,12,11,0.23464655984919888,0,0.26301369863013696,103.72017353579176
T102222,CUST2053,2023-02-02 10:43:00,8.12,Electronics,Debit Card,Mobile,Mumbai,0,12,341.94,790,No,0,10,2,2,0.023746856173597706,0,2.164383561643836,3.792207792207792
T102223,CUST8689,2023-08-05 19:53:00,22.15,Travel,NetBanking,Desktop,Hyderabad,1,23,191.08,173,No,1,19,5,8,0.11592003349382456,0,0.473972602739726,15.604089219330856
T102224,CUST1337,2023-03-05 17:13:00,1.0,Utilities,NetBanking,Mobile,Mumbai,0,111,15.09,1194,No,0,17,5,3,0.06626905235255136,0,3.271232876712329,25.987812700449005
T102225,CUST1889,2023-12-25 19:28:00,50.6,Fashion,Credit Card,POS,Mumbai,0,139,380.78,1399,No,0,19,25,12,0.132885130521561,0,3.8328767123287673,28.761337868480727
T102226,CUST1934,2023-09-30 22:11:00,28.68,Food,PayPal,Desktop,Kolkata,0,52,436.23,494,No,0,22,30,9,0.06574513444742452,0,1.3534246575342466,22.095459837019792
T102227,CUST9174,2024-02-17 03:53:00,72.98,Health,PayPal,POS,Pune,0,178,95.22,125,No,0,3,17,2,0.766435622768326,0,0.3424657534246575,132.59183673469389
T102228,CUST1416,2023-02-25 07:39:00,28.22,Food,Credit Card,Desktop,Bengaluru,0,185,24.03,437,No,0,7,25,2,1.1743653766125675,0,1.1972602739726028,84.19576059850374
T102229,CUST7213,2024-02-10 04:03:00,28.52,Grocery,PayPal,Desktop,Hyderabad,0,192,90.61,1171,Yes,0,4,10,2,0.3147555457455027,0,3.208219178082192,45.62499999999999
T102230,CUST7345,2023-07-20 18:34:00,108.75,Food,NetBanking,Desktop,Kolkata,0,127,448.69,1883,No,0,18,20,7,0.24237223918518352,0,5.158904109589041,20.62055160142349
T102231,CUST1732,2023-01-30 23:41:00,3.95,Electronics,PayPal,Desktop,Hyderabad,0,174,154.8,1750,No,0,23,30,1,0.025516795865633074,0,4.794520547945205,30.028368794326244
T102232,CUST8371,2023-10-15 04:30:00,186.56,Fashion,NetBanking,Desktop,Hyderabad,0,29,124.52,833,No,0,4,15,10,1.4982332155477032,0,2.282191780821918,8.835559265442404
T102233,CUST1609,2023-06-14 02:16:00,152.99,Travel,Credit Card,POS,Mumbai,0,121,17.15,1497,No,1,2,14,6,8.920699708454812,1,4.101369863013699,23.71911922663802
T102234,CUST5942,2023-03-15 17:57:00,88.16,Utilities,Debit Card,POS,Pune,0,198,155.56,786,No,0,17,15,3,0.5667266649524298,0,2.1534246575342464,62.78887923544744
T102235,CUST2874,2023-04-06 12:10:00,71.96,Utilities,Credit Card,Mobile,Mumbai,0,174,360.66,1433,No,0,12,6,4,0.19952309654522263,0,3.926027397260274,35.32258064516129
T102236,CUST3459,2023-04-10 20:07:00,178.27,Fashion,PayPal,Desktop,Chennai,1,144,479.95,742,No,1,20,10,4,0.3714345244296281,0,2.032876712328767,47.47967479674797
T102237,CUST8876,2023-02-21 17:55:00,16.4,Health,NetBanking,Mobile,Delhi,0,179,163.24,307,No,0,17,21,2,0.10046557216368536,0,0.8410958904109589,97.22470238095238
T102238,CUST5002,2023-07-25 21:23:00,6.58,Food,PayPal,POS,Delhi,0,101,127.94,390,No,0,21,25,7,0.05143035798030327,0,1.0684931506849316,48.82781456953643
T102239,CUST6288,2023-05-21 20:59:00,21.9,Health,PayPal,Mobile,Kolkata,0,11,445.15,1423,No,0,20,21,5,0.04919689992137482,0,3.8986301369863012,2.245525727069351
T102240,CUST8871,2023-10-13 21:19:00,126.62,Travel,Debit Card,POS,Delhi,0,139,427.73,1675,No,0,21,13,10,0.2960278680476001,0,4.589041095890411,24.870098039215687
T102241,CUST5171,2023-07-28 03:53:00,2.82,Health,PayPal,Desktop,Kolkata,0,191,170.8,241,No,0,3,28,7,0.01651053864168618,0,0.6602739726027397,115.04125412541254
T102242,CUST5145,2023-12-14 17:00:00,69.94,Grocery,Debit Card,Mobile,Bengaluru,0,181,43.71,1312,No,0,17,14,12,1.600091512239762,0,3.5945205479452054,39.39475253428742
T102243,CUST2552,2023-05-28 11:17:00,431.19,Fashion,NetBanking,Mobile,Mumbai,0,89,496.07,1729,No,0,11,28,5,0.8692120063700688,0,4.736986301369863,15.513371537726838
T102244,CUST4136,2023-09-20 21:50:00,154.87,Travel,NetBanking,Mobile,Chennai,0,58,343.55,1150,Yes,0,21,20,9,0.450793188764372,0,3.1506849315068495,13.973597359735972
T102245,CUST1814,2023-09-11 05:17:00,58.96,Travel,Debit Card,Mobile,Chennai,1,19,464.02,1263,No,1,5,11,9,0.12706348864273093,0,3.4602739726027396,4.25982800982801
T102246,CUST7681,2023-10-25 07:41:00,5.26,Entertainment,Credit Card,Desktop,Delhi,0,160,177.52,1601,No,0,7,25,10,0.02963046417305092,0,4.3863013698630136,29.70498474059003
T102247,CUST9518,2023-11-30 05:12:00,142.41,Travel,NetBanking,POS,Pune,0,50,327.37,807,No,0,5,30,11,0.4350123713229679,0,2.210958904109589,15.571672354948804
T102248,CUST3533,2023-11-04 23:47:00,73.1,Entertainment,Credit Card,POS,Bengaluru,0,122,340.5,1665,No,0,23,4,11,0.2146842878120411,0,4.561643835616438,21.935960591133004
T102249,CUST7377,2023-11-22 19:10:00,9.77,Electronics,NetBanking,Desktop,Kolkata,1,72,437.72,50,No,0,19,22,11,0.022320204697066616,0,0.136986301369863,63.32530120481927
T102250,CUST7298,2023-06-11 16:12:00,7.88,Utilities,NetBanking,POS,Bengaluru,0,55,496.6,758,No,0,16,11,6,0.015867901731776077,0,2.0767123287671234,17.876224398931434
T102251,CUST6870,2024-01-17 23:55:00,192.3,Entertainment,UPI,Mobile,Delhi,0,169,63.25,1486,No,0,23,17,1,3.040316205533597,1,4.071232876712329,33.32522960561859
T102252,CUST2676,2023-08-28 16:43:00,88.5,Fashion,PayPal,Desktop,Kolkata,0,99,319.25,645,No,0,16,28,8,0.27721221613155833,0,1.7671232876712328,35.77722772277228
T102253,CUST6643,2023-03-08 02:40:00,141.42,Health,PayPal,POS,Kolkata,0,70,174.86,400,No,0,2,8,3,0.8087612947500856,0,1.095890410958904,33.39869281045752
T102254,CUST6108,2023-07-22 15:09:00,168.94,Entertainment,Credit Card,Desktop,Delhi,0,149,407.71,1446,No,0,15,22,7,0.41436315027838416,0,3.9616438356164383,30.03036996134732
T102255,CUST2303,2023-04-26 17:12:00,67.85,Travel,PayPal,Desktop,Mumbai,0,117,379.53,653,No,0,17,26,4,0.1787737464759044,0,1.789041095890411,41.949901768172886
T102256,CUST4933,2023-02-19 21:42:00,58.29,Fashion,Credit Card,POS,Pune,0,26,447.33,1272,No,0,21,19,2,0.13030648514519483,0,3.484931506849315,5.797189981673793
T102257,CUST7025,2023-12-31 05:44:00,45.03,Entertainment,NetBanking,POS,Bengaluru,0,129,178.41,1557,No,0,5,31,12,0.2523961661341853,0,4.265753424657534,24.497918834547345
T102258,CUST8975,2023-12-26 09:28:00,30.49,Entertainment,UPI,Desktop,Chennai,0,155,100.42,661,No,0,9,26,12,0.3036247759410476,0,1.810958904109589,55.141325536062375
T102259,CUST1357,2023-11-14 09:46:00,45.62,Travel,UPI,Desktop,Delhi,0,178,20.68,790,No,0,9,14,11,2.2059961315280465,1,2.164383561643836,56.251082251082245
T102260,CUST9558,2023-01-26 11:45:00,118.94,Grocery,NetBanking,POS,Mumbai,0,114,135.2,876,No,0,11,26,1,0.879733727810651,0,2.4,33.529411764705884
T102261,CUST2026,2023-04-07 02:45:00,73.69,Grocery,Debit Card,Desktop,Chennai,0,194,189.91,977,No,0,2,7,4,0.388025907008583,0,2.6767123287671235,52.764530551415795
T102262,CUST4363,2023-08-15 00:37:00,178.44,Entertainment,Debit Card,POS,Bengaluru,0,65,473.57,1149,No,0,0,15,8,0.37679751673459044,0,3.147945205479452,15.670409511228533
T102263,CUST1022,2023-09-07 00:43:00,46.87,Grocery,PayPal,Desktop,Delhi,0,10,250.77,1485,No,0,0,7,9,0.1869043346492802,0,4.068493150684931,1.972972972972973
T102264,CUST5510,2023-01-19 19:22:00,74.73,Food,Credit Card,Desktop,Kolkata,0,95,282.66,217,No,0,19,19,1,0.26438123540649544,0,0.5945205479452055,59.57903780068729
T102265,CUST1631,2023-03-20 09:46:00,79.82,Travel,UPI,Desktop,Pune,0,121,441.26,530,No,0,9,20,3,0.18089108462131168,0,1.452054794520548,49.3463687150838
T102266,CUST7637,2023-02-02 22:42:00,71.66,Food,PayPal,POS,Delhi,0,126,443.68,905,No,0,22,2,2,0.1615128020194735,0,2.4794520547945207,36.21259842519685
T102267,CUST4484,2023-04-06 16:48:00,97.02,Fashion,NetBanking,Mobile,Pune,0,37,268.68,404,No,0,16,6,4,0.36109870477891914,0,1.106849315068493,17.561768530559167
T102268,CUST7604,2023-10-15 07:51:00,21.69,Food,UPI,POS,Mumbai,0,69,65.71,463,No,0,7,15,10,0.3300867447877036,0,1.2684931506849315,30.416666666666668
T102269,CUST1672,2024-01-02 06:08:00,57.45,Fashion,Credit Card,Desktop,Mumbai,0,41,142.55,1476,No,0,6,2,1,0.40301648544370394,0,4.043835616438356,8.128734383487236
T102270,CUST5955,2023-03-09 15:43:00,8.81,Entertainment,Credit Card,Mobile,Bengaluru,0,174,233.88,1197,No,0,15,9,3,0.03766889002907474,0,3.2794520547945205,40.659411011523694
T102271,CUST3726,2023-08-28 04:41:00,38.83,Fashion,Debit Card,Mobile,Pune,0,45,378.07,1593,No,0,4,28,8,0.10270584812336339,0,4.364383561643836,8.388661899897855
T102272,CUST4370,2023-08-20 07:01:00,53.5,Fashion,PayPal,Desktop,Delhi,0,123,358.72,528,No,0,7,20,8,0.14914139161462978,0,1.4465753424657535,50.27435610302351
T102273,CUST4505,2023-12-07 16:41:00,84.5,Health,NetBanking,POS,Mumbai,0,126,324.93,35,No,0,16,7,12,0.26005601206413687,0,0.0958904109589041,114.97500000000001
T102274,CUST6137,2023-01-07 21:59:00,240.51,Food,UPI,Mobile,Delhi,0,27,441.32,1370,No,0,21,7,1,0.5449787002628478,0,3.7534246575342465,5.6801152737752165
T102275,CUST3413,2023-02-20 02:59:00,73.43,Health,Credit Card,Mobile,Bengaluru,0,193,403.3,1827,No,0,2,20,2,0.18207289858666006,0,5.005479452054795,32.137317518248175
T102276,CUST5278,2023-08-24 09:00:00,108.88,Entertainment,UPI,POS,Pune,0,84,491.24,1283,No,0,9,24,8,0.2216431886654181,0,3.515068493150685,18.604368932038835
T102277,CUST1490,2023-10-16 23:31:00,56.46,Travel,NetBanking,POS,Delhi,0,136,445.69,1175,No,0,23,16,10,0.12667997935784964,0,3.219178082191781,32.23376623376623
T102278,CUST3474,2023-04-12 01:31:00,80.43,Food,UPI,Mobile,Chennai,0,195,105.87,1548,No,0,1,12,4,0.7597052989515444,0,4.241095890410959,37.20595922634605
T102279,CUST2707,2023-11-18 18:39:00,5.89,Travel,PayPal,POS,Delhi,0,49,38.23,1759,No,0,18,18,11,0.15406748626732933,0,4.8191780821917805,8.420433145009417
T102280,CUST6765,2023-06-10 05:54:00,23.48,Travel,Debit Card,Mobile,Hyderabad,0,96,213.11,646,No,0,5,10,6,0.11017784242879264,0,1.7698630136986302,34.65875370919881
T102281,CUST2615,2023-04-07 15:30:00,35.93,Fashion,UPI,Desktop,Hyderabad,0,121,312.58,1989,No,0,15,7,4,0.11494657367713866,0,5.449315068493151,18.761682242990652
T102282,CUST7800,2023-06-06 07:06:00,51.17,Utilities,Debit Card,POS,Kolkata,0,114,325.12,740,No,0,7,6,6,0.15738804133858267,0,2.0273972602739727,37.65610859728507
T102283,CUST3336,2023-05-30 02:59:00,3.74,Food,NetBanking,Mobile,Bengaluru,1,14,141.08,504,No,0,2,30,5,0.026509781684150836,0,1.3808219178082193,5.880322209436133
T102284,CUST9812,2023-09-08 02:53:00,12.07,Travel,Debit Card,POS,Bengaluru,0,62,431.34,603,No,0,2,8,9,0.027982565957249503,0,1.652054794520548,23.37809917355372
T102285,CUST2414,2023-01-15 09:57:00,25.93,Utilities,UPI,POS,Bengaluru,0,43,171.33,825,No,0,9,15,1,0.1513453569135586,0,2.26027397260274,13.1890756302521
T102286,CUST3914,2023-01-16 23:27:00,284.72,Grocery,UPI,Mobile,Chennai,0,155,460.37,537,No,0,23,16,1,0.6184590655342442,0,1.4712328767123288,62.72172949002216
T102287,CUST7262,2023-05-09 18:00:00,32.2,Travel,Credit Card,Desktop,Pune,0,96,241.08,621,No,0,18,9,5,0.13356562137049943,0,1.7013698630136986,35.537525354969574
T102288,CUST1574,2023-05-17 03:47:00,52.63,Grocery,UPI,Mobile,Chennai,0,27,15.09,204,No,0,3,17,5,3.487740225314778,1,0.5589041095890411,17.31985940246046
T102289,CUST3226,2023-02-23 07:57:00,17.46,Food,Debit Card,POS,Kolkata,0,68,89.4,1574,No,0,7,23,2,0.19530201342281878,0,4.3123287671232875,12.800412583806086
T102290,CUST8050,2023-12-03 11:14:00,75.49,Entertainment,Credit Card,Mobile,Delhi,0,127,60.14,721,Yes,0,11,3,12,1.255237778516794,0,1.9753424657534246,42.6841620626151
T102291,CUST6529,2023-08-22 12:05:00,26.36,Health,UPI,POS,Mumbai,0,48,31.57,1324,No,0,12,22,8,0.8349699081406399,0,3.627397260273973,10.373001776198933
T102292,CUST3350,2023-02-07 19:34:00,18.55,Food,UPI,Mobile,Pune,0,67,359.87,1727,No,0,19,7,2,0.051546391752577324,0,4.7315068493150685,11.689770554493307
T102293,CUST9938,2023-02-25 07:10:00,58.15,Health,NetBanking,Desktop,Hyderabad,0,25,104.23,817,No,0,7,25,2,0.5579007963158399,0,2.2383561643835614,7.719966159052454
T102294,CUST1136,2023-09-15 14:12:00,0.44,Health,Credit Card,Desktop,Hyderabad,0,192,420.92,1771,Yes,0,14,15,9,0.0010453292787227977,0,4.852054794520548,32.80898876404495
T102295,CUST6003,2023-05-07 22:58:00,0.62,Food,NetBanking,Desktop,Kolkata,0,119,139.59,601,No,0,22,7,5,0.004441578909664016,0,1.6465753424657534,44.96376811594203
T102296,CUST8978,2023-12-31 23:23:00,19.78,Travel,NetBanking,Desktop,Hyderabad,0,152,25.84,215,No,0,23,31,12,0.7654798761609908,0,0.589041095890411,95.6551724137931
T102297,CUST1023,2023-02-20 09:38:00,2.99,Electronics,NetBanking,Mobile,Kolkata,0,9,412.13,616,No,0,9,20,2,0.007254992356780628,0,1.6876712328767123,3.348623853211009
T102298,CUST3994,2023-09-19 04:47:00,9.15,Travel,PayPal,Desktop,Delhi,0,136,238.41,1147,No,0,4,19,9,0.038379262614823204,0,3.1424657534246574,32.83068783068783
T102299,CUST2544,2023-02-21 17:07:00,33.1,Travel,NetBanking,Mobile,Delhi,0,95,303.76,1632,No,0,17,21,2,0.10896760600474059,0,4.471232876712329,17.363545317976964
T102300,CUST3501,2023-04-07 16:25:00,129.8,Entertainment,Debit Card,POS,Bengaluru,1,59,174.75,543,No,0,16,7,4,0.7427753934191703,0,1.4876712328767123,23.71696035242291
T102301,CUST4974,2023-09-28 11:32:00,67.9,Fashion,UPI,POS,Mumbai,0,17,32.56,1231,No,0,11,28,9,2.0853808353808354,1,3.372602739726027,3.8878446115288225
T102302,CUST5534,2023-01-04 17:50:00,57.5,Fashion,PayPal,POS,Bengaluru,0,171,191.39,683,No,0,17,4,1,0.30043366947071426,0,1.8712328767123287,59.55629770992367
T102303,CUST5022,2023-02-08 14:36:00,27.79,Travel,NetBanking,Desktop,Delhi,0,95,263.96,585,No,0,14,8,2,0.10528110319745417,0,1.6027397260273972,36.50000000000001
T102304,CUST9055,2023-03-28 05:10:00,214.77,Grocery,UPI,Desktop,Chennai,0,196,15.73,1739,Yes,1,5,28,3,13.653528289891927,1,4.764383561643836,34.00190114068441
T102305,CUST3400,2023-10-06 06:45:00,40.47,Entertainment,Credit Card,Desktop,Bengaluru,0,132,291.4,1955,No,0,6,6,10,0.13888126286890873,0,5.3561643835616435,20.767241379310345
T102306,CUST6152,2023-03-05 10:43:00,7.29,Health,Credit Card,POS,Pune,0,101,447.59,1957,No,0,10,5,3,0.01628722714984696,0,5.361643835616438,15.876399655469424
T102307,CUST2209,2023-07-15 16:36:00,76.79,Utilities,UPI,POS,Delhi,0,136,116.74,324,No,0,16,15,7,0.6577865341785164,0,0.8876712328767123,72.04644412191583
T102308,CUST9598,2023-11-12 04:53:00,9.67,Fashion,Debit Card,POS,Delhi,0,42,464.12,1284,No,0,4,12,11,0.020835128845988107,0,3.5178082191780824,9.296543359611885
T102309,CUST8209,2023-01-06 04:03:00,33.88,Travel,UPI,POS,Chennai,0,49,57.83,1289,No,0,4,6,1,0.5858550925125368,0,3.5315068493150683,10.813180169286579
T102310,CUST4060,2023-02-13 07:06:00,56.65,Entertainment,UPI,Mobile,Chennai,0,6,414.46,1146,No,0,7,13,2,0.1366838778169184,0,3.1397260273972605,1.4493712772998013
T102311,CUST9454,2023-04-22 13:55:00,165.86,Electronics,PayPal,Mobile,Chennai,1,73,421.76,1540,No,0,13,22,4,0.39325682852807287,0,4.219178082191781,13.986876640419947
T102312,CUST9121,2023-02-12 02:36:00,54.43,Grocery,Credit Card,Desktop,Mumbai,0,170,136.3,73,No,0,2,12,2,0.3993396918561995,0,0.2,141.66666666666669
T102313,CUST5906,2024-02-10 10:03:00,96.92,Food,Credit Card,Desktop,Pune,0,32,479.34,568,No,0,10,10,2,0.20219468435765847,0,1.5561643835616439,12.518756698821008
T102314,CUST6537,2023-04-20 04:25:00,394.88,Travel,NetBanking,POS,Delhi,0,143,214.13,1837,No,0,4,20,4,1.8441133890627188,0,5.032876712328767,23.70345140781108
T102315,CUST4846,2024-01-09 16:00:00,11.28,Entertainment,UPI,Mobile,Chennai,0,82,79.22,1528,No,0,16,9,1,0.14238828578641757,0,4.186301369863013,15.810882197569995
T102316,CUST4541,2023-04-25 16:11:00,25.7,Travel,UPI,Mobile,Mumbai,0,69,299.94,68,No,0,16,25,4,0.08568380342735213,0,0.1863013698630137,58.163972286374126
T102317,CUST7517,2023-05-03 08:58:00,40.15,Utilities,Debit Card,Desktop,Hyderabad,0,114,498.34,1438,No,0,8,3,5,0.08056748404703616,0,3.9397260273972603,23.078202995008322
T102318,CUST4907,2023-06-09 01:42:00,43.83,Health,Credit Card,Mobile,Pune,0,27,450.65,1488,No,0,1,9,6,0.09725951403528237,0,4.076712328767123,5.318402590393956
T102319,CUST3935,2023-04-18 06:26:00,42.35,Grocery,Debit Card,Desktop,Kolkata,0,66,146.52,318,No,0,6,18,4,0.28903903903903905,0,0.8712328767123287,35.27086383601757
T102320,CUST7509,2024-01-22 07:34:00,190.54,Fashion,PayPal,POS,Kolkata,0,187,292.72,277,No,0,7,22,1,0.6509292156326865,0,0.7589041095890411,106.31619937694704
T102321,CUST1568,2023-11-15 06:33:00,100.15,Fashion,NetBanking,POS,Hyderabad,0,156,66.53,1615,No,0,6,15,11,1.5053359386742824,0,4.424657534246576,28.757575757575754
T102322,CUST6619,2023-01-01 11:34:00,74.9,Fashion,Debit Card,Desktop,Hyderabad,0,152,236.3,388,Yes,0,11,1,1,0.3169699534490055,0,1.063013698630137,73.67861885790172
T102323,CUST8827,2023-01-30 20:25:00,29.61,Utilities,Credit Card,POS,Delhi,0,51,266.3,1491,No,0,20,30,1,0.111190386781825,0,4.0849315068493155,10.029633620689655
T102324,CUST2811,2023-10-29 17:56:00,138.89,Food,PayPal,POS,Mumbai,0,149,164.49,1848,No,0,17,29,10,0.8443674387500759,0,5.063013698630137,24.57523723452327
T102325,CUST7949,2023-06-03 02:43:00,248.2,Entertainment,UPI,Mobile,Mumbai,0,159,247.25,238,No,0,2,3,6,1.0038422649140546,0,0.6520547945205479,96.24378109452736
T102326,CUST7479,2023-05-22 08:59:00,137.72,Grocery,PayPal,Mobile,Hyderabad,0,75,460.77,153,No,0,8,22,5,0.2988909868263993,0,0.4191780821917808,52.84749034749035
T102327,CUST1351,2023-11-06 11:49:00,0.13,Grocery,Debit Card,Mobile,Pune,0,50,255.07,1004,No,0,11,6,11,0.0005096640138001333,0,2.750684931506849,13.330898466033602
T102328,CUST4388,2024-01-06 19:37:00,80.94,Fashion,Credit Card,Mobile,Bengaluru,0,92,417.19,1907,No,0,19,6,1,0.19401232052542006,0,5.2246575342465755,14.779929577464788
T102329,CUST8681,2023-08-10 20:24:00,4.2,Fashion,Debit Card,Mobile,Hyderabad,0,112,165.52,1814,No,0,20,10,8,0.025374577090381826,0,4.96986301369863,18.760899495181278
T102330,CUST9074,2024-01-19 12:09:00,23.83,Health,UPI,Desktop,Delhi,0,168,485.99,432,No,0,12,19,1,0.04903393073931562,0,1.1835616438356165,76.93851944792974
T102331,CUST8744,2023-07-30 08:03:00,4.91,Utilities,UPI,Desktop,Hyderabad,0,68,55.8,313,No,0,8,30,7,0.08799283154121865,0,0.8575342465753425,36.60766961651917
T102332,CUST2082,2023-09-06 12:24:00,74.07,Electronics,Credit Card,Mobile,Pune,0,106,296.94,692,No,0,12,6,9,0.24944433218832085,0,1.895890410958904,36.60359508041628
T102333,CUST1655,2023-05-09 09:34:00,92.82,Electronics,NetBanking,POS,Pune,0,144,397.05,605,No,0,9,9,5,0.23377408386853038,0,1.6575342465753424,54.18556701030928
T102334,CUST7889,2023-11-11 02:25:00,9.73,Travel,PayPal,POS,Hyderabad,0,76,408.88,270,No,0,2,11,11,0.02379671297202113,0,0.7397260273972602,43.68503937007874
T102335,CUST4299,2023-09-05 10:19:00,38.74,Travel,PayPal,Desktop,Mumbai,0,86,107.16,196,No,0,10,5,9,0.3615154908547966,0,0.536986301369863,55.953654188948306
T102336,CUST9398,2023-02-10 03:00:00,48.74,Grocery,UPI,Desktop,Hyderabad,0,107,206.81,1805,No,0,3,10,2,0.23567525748271362,0,4.945205479452055,17.997695852534562
T102337,CUST1731,2023-06-21 00:26:00,36.84,Grocery,Debit Card,Desktop,Chennai,0,191,315.86,590,No,0,0,21,6,0.11663395175077566,0,1.6164383561643836,73.0
T102338,CUST6802,2023-05-14 06:54:00,10.32,Food,Debit Card,POS,Chennai,0,56,164.78,1752,No,0,6,14,5,0.06262895982522151,0,4.8,9.655172413793103
T102339,CUST2833,2023-01-31 13:20:00,43.43,Food,NetBanking,Desktop,Bengaluru,0,80,332.57,177,No,0,13,31,1,0.13058904892203146,0,0.4849315068493151,53.874538745387454
T102340,CUST1410,2023-09-26 02:19:00,111.28,Electronics,Debit Card,POS,Delhi,0,24,195.6,730,No,0,2,26,9,0.5689161554192229,0,2.0,8.0
T102341,CUST3490,2023-01-17 07:34:00,5.89,Utilities,PayPal,Desktop,Delhi,0,28,181.92,652,No,0,7,17,1,0.0323768689533861,0,1.7863013698630137,10.049164208456244
T102342,CUST4005,2024-02-19 08:10:00,6.69,Travel,Debit Card,POS,Kolkata,0,121,62.95,1949,No,0,8,19,2,0.1062748212867355,0,5.33972602739726,19.08599827139153
T102343,CUST9421,2024-02-14 21:46:00,35.05,Electronics,NetBanking,Desktop,Mumbai,0,93,29.23,294,No,0,21,14,2,1.1991105029079712,0,0.8054794520547945,51.50986342943854
T102344,CUST4017,2023-08-17 00:08:00,227.41,Utilities,PayPal,Desktop,Delhi,0,85,419.28,530,No,0,0,17,8,0.5423821789734784,0,1.452054794520548,34.66480446927374
T102345,CUST3051,2023-03-31 17:41:00,88.35,Electronics,Debit Card,POS,Bengaluru,0,112,249.88,308,No,0,17,31,3,0.35356971346246197,0,0.8438356164383561,60.74294205052006
T102346,CUST2609,2023-07-07 21:40:00,90.82,Travel,PayPal,Desktop,Chennai,0,122,285.81,778,No,0,21,7,7,0.3177635492110143,0,2.1315068493150684,38.958880139982504
T102347,CUST1347,2023-11-18 17:45:00,35.94,Entertainment,UPI,Mobile,Mumbai,0,89,192.39,932,No,0,17,18,11,0.18680804615624513,0,2.5534246575342467,25.046260601387818
T102348,CUST2730,2024-02-15 23:40:00,72.05,Food,UPI,POS,Pune,0,31,77.0,188,No,0,23,15,2,0.9357142857142857,0,0.5150684931506849,20.46112115732369
T102349,CUST3243,2023-12-31 00:54:00,0.81,Health,UPI,Desktop,Chennai,1,143,230.29,1113,No,1,0,31,12,0.0035173042685309832,0,3.0493150684931507,35.31461434370771
T102350,CUST8758,2023-11-02 05:34:00,80.87,Health,Debit Card,POS,Bengaluru,0,111,122.19,528,Yes,1,5,2,11,0.6618381209591621,0,1.4465753424657535,45.36954087346024
T102351,CUST5372,2023-11-23 11:59:00,195.61,Health,NetBanking,Desktop,Mumbai,0,42,420.46,1370,No,0,11,23,11,0.46522855919706996,0,3.7534246575342465,8.835734870317003
T102352,CUST2473,2023-10-10 09:38:00,75.86,Travel,PayPal,Mobile,Hyderabad,0,102,493.53,1640,No,0,9,10,10,0.15370899438737262,0,4.493150684931507,18.56857855361596
T102353,CUST9977,2023-09-19 22:05:00,165.53,Fashion,Credit Card,Desktop,Delhi,0,50,445.66,517,No,0,22,19,9,0.3714266481173989,0,1.4164383561643836,20.691609977324262
T102354,CUST6786,2023-12-20 13:13:00,102.98,Fashion,UPI,Desktop,Bengaluru,0,124,268.85,494,Yes,0,13,20,12,0.3830388692579505,0,1.3534246575342466,52.68917345750873
T102355,CUST9309,2023-04-13 23:42:00,10.28,Fashion,UPI,Mobile,Mumbai,0,133,317.78,257,No,0,23,13,4,0.03234942412990119,0,0.7041095890410959,78.04662379421222
T102356,CUST5464,2023-04-17 13:16:00,186.19,Grocery,Credit Card,POS,Chennai,0,176,474.58,695,No,0,13,17,4,0.3923258460112099,0,1.904109589041096,60.60377358490566
T102357,CUST4155,2023-11-13 15:29:00,5.5,Food,Credit Card,Desktop,Mumbai,0,13,273.95,1409,No,0,15,13,11,0.020076656324146742,0,3.8602739726027395,2.6747463359639236
T102358,CUST5007,2023-10-03 17:22:00,61.08,Food,Debit Card,Desktop,Hyderabad,0,32,322.91,1519,No,0,17,3,10,0.18915487287479482,0,4.161643835616438,6.199575371549894
T102359,CUST8067,2024-01-20 06:03:00,12.26,Entertainment,PayPal,Mobile,Bengaluru,0,195,318.32,851,No,0,6,20,1,0.03851470218647902,0,2.3315068493150686,58.53207236842105
T102360,CUST6272,2023-04-18 05:58:00,0.94,Entertainment,UPI,POS,Mumbai,0,79,356.98,828,No,0,5,18,4,0.002633200739537229,0,2.2684931506849315,24.17015926236379
T102361,CUST1049,2023-11-09 01:17:00,43.86,Grocery,NetBanking,POS,Pune,0,91,323.74,782,No,0,1,9,11,0.13547908815716314,0,2.1424657534246574,28.958151700087186
T102362,CUST4642,2023-03-04 14:22:00,27.97,Electronics,Debit Card,Mobile,Bengaluru,0,158,338.65,1280,No,0,14,4,3,0.08259264727594862,0,3.506849315068493,35.057750759878424
T102363,CUST7092,2023-01-21 10:59:00,53.24,Utilities,Debit Card,Mobile,Bengaluru,0,6,365.69,1222,No,0,10,21,1,0.14558779293937488,0,3.347945205479452,1.3799621928166355
T102364,CUST6041,2023-05-11 07:47:00,68.87,Entertainment,NetBanking,Desktop,Chennai,0,25,406.46,1337,Yes,0,7,11,5,0.16943856714067806,0,3.663013698630137,5.361339600470035
T102365,CUST5282,2023-05-31 13:01:00,3.58,Health,NetBanking,Mobile,Kolkata,0,156,207.5,1911,No,0,13,31,5,0.01725301204819277,0,5.235616438356164,25.017574692442885
T102366,CUST3996,2023-12-01 23:21:00,10.5,Fashion,NetBanking,Mobile,Delhi,0,190,375.46,291,Yes,0,23,1,12,0.027965695413625955,0,0.7972602739726027,105.71646341463415
T102367,CUST5995,2023-06-12 01:57:00,65.43,Health,Credit Card,Mobile,Kolkata,0,150,59.1,1855,Yes,1,1,12,6,1.1071065989847717,0,5.082191780821918,24.66216216216216
T102368,CUST4556,2023-10-18 18:47:00,33.63,Fashion,UPI,POS,Pune,0,68,439.33,889,No,0,18,18,10,0.0765483804884711,0,2.4356164383561643,19.792663476874004
T102369,CUST8960,2023-02-23 10:57:00,104.5,Health,Credit Card,Mobile,Hyderabad,0,143,152.12,393,No,0,10,23,2,0.6869576650013147,0,1.0767123287671232,68.85883905013192
T102370,CUST5522,2023-05-11 04:44:00,84.51,Electronics,UPI,Desktop,Mumbai,0,26,207.7,1574,No,1,4,11,5,0.4068849301877709,0,4.3123287671232875,4.894275399690562
T102371,CUST8432,2023-06-17 04:28:00,149.46,Utilities,Credit Card,Desktop,Kolkata,0,191,403.77,1914,No,0,4,17,6,0.37016123040344756,0,5.243835616438356,30.590171127687583
T102372,CUST3300,2023-05-26 22:23:00,94.34,Health,PayPal,Desktop,Delhi,0,18,322.12,127,No,0,22,26,5,0.2928722215323482,0,0.34794520547945207,13.353658536585366
T102373,CUST8563,2024-02-06 16:42:00,44.96,Health,UPI,Mobile,Chennai,0,73,161.23,1065,No,0,16,6,2,0.2788562922533028,0,2.9178082191780823,18.632867132867133
T102374,CUST8732,2023-04-02 11:37:00,89.42,Travel,Debit Card,POS,Delhi,0,191,120.45,813,No,0,11,2,4,0.7423827314238273,0,2.2273972602739724,59.18081494057725
T102375,CUST2973,2023-09-03 14:00:00,25.77,Utilities,UPI,Mobile,Bengaluru,0,62,479.28,612,No,0,14,3,9,0.05376815222834252,0,1.6767123287671233,23.16274309109519
T102376,CUST3037,2023-05-27 22:42:00,29.26,Health,UPI,Mobile,Bengaluru,0,68,53.01,956,No,0,22,27,5,0.5519713261648747,0,2.6191780821917807,18.7887963663891
T102377,CUST6273,2023-11-02 11:58:00,124.47,Travel,UPI,Desktop,Hyderabad,0,48,12.12,1470,No,0,11,2,11,10.26980198019802,1,4.027397260273973,9.547683923705723
T102378,CUST8720,2023-03-15 12:23:00,47.31,Food,PayPal,Mobile,Pune,0,178,339.74,1554,No,0,12,15,3,0.13925354682992877,0,4.257534246575342,33.856175091193336
T102379,CUST6040,2023-08-05 10:19:00,128.11,Utilities,Credit Card,POS,Mumbai,0,63,311.09,164,No,0,10,5,8,0.41181008711305417,0,0.44931506849315067,43.46880907372401
T102380,CUST5363,2023-01-19 16:54:00,138.27,Grocery,Debit Card,Desktop,Mumbai,0,197,371.43,288,No,0,16,19,1,0.37226395283095065,0,0.7890410958904109,110.11485451761104
T102381,CUST3855,2023-12-25 07:41:00,155.91,Utilities,Credit Card,POS,Chennai,0,134,368.5,945,No,0,7,25,12,0.4230936227951153,0,2.589041095890411,37.33587786259542
T102382,CUST7708,2023-08-08 09:50:00,198.76,Utilities,Credit Card,POS,Hyderabad,0,186,433.0,546,No,0,9,8,8,0.4590300230946882,0,1.4958904109589042,74.52250274423709
T102383,CUST1515,2023-01-30 11:09:00,45.11,Health,NetBanking,POS,Mumbai,0,51,461.83,1804,No,0,11,30,1,0.0976766342593595,0,4.942465753424657,8.582295988934993
T102384,CUST6370,2023-01-04 02:26:00,30.72,Food,PayPal,Mobile,Pune,0,12,389.76,1347,Yes,1,2,4,1,0.07881773399014778,0,3.6904109589041094,2.5584112149532707
T102385,CUST4170,2023-06-08 09:23:00,69.82,Utilities,NetBanking,Mobile,Bengaluru,0,175,123.82,1900,No,0,9,8,6,0.5638830560491035,0,5.205479452054795,28.200883002207505
T102386,CUST8925,2023-12-20 22:46:00,37.11,Entertainment,PayPal,Mobile,Hyderabad,0,126,237.11,1664,No,0,22,20,12,0.15650963687739866,0,4.558904109589041,22.66633809758502
T102387,CUST1070,2023-09-21 22:05:00,73.52,Entertainment,Credit Card,Mobile,Delhi,0,9,324.44,1493,Yes,0,22,21,9,0.22660584391567007,0,4.090410958904109,1.7680301399354146
T102388,CUST1960,2023-10-04 20:42:00,97.82,Travel,Credit Card,Desktop,Kolkata,0,7,274.29,180,No,0,20,4,10,0.35662984432534905,0,0.4931506849315068,4.6880733944954125
T102389,CUST1988,2023-10-20 08:30:00,93.28,Health,PayPal,Mobile,Kolkata,0,157,87.86,1534,No,0,8,20,10,1.061689050762577,0,4.2027397260273975,30.176408636124275
T102390,CUST2577,2023-01-24 07:46:00,37.54,Health,Credit Card,Desktop,Hyderabad,0,179,298.74,1311,No,0,7,24,1,0.12566110999531363,0,3.591780821917808,38.9826968973747
T102391,CUST5358,2023-10-19 05:01:00,14.6,Utilities,Credit Card,POS,Hyderabad,0,183,444.4,897,No,0,5,19,10,0.03285328532853286,0,2.4575342465753423,52.92789223454834
T102392,CUST1551,2023-03-26 15:50:00,45.04,Electronics,Debit Card,Desktop,Pune,1,187,215.07,1202,Yes,1,15,26,3,0.20942018877574745,0,3.293150684931507,43.55775366943204
T102393,CUST9071,2023-07-28 08:51:00,12.31,Food,NetBanking,Mobile,Pune,0,184,337.78,1003,No,0,8,28,7,0.03644383918526852,0,2.747945205479452,49.093567251461984
T102394,CUST9431,2023-09-13 05:26:00,176.65,Fashion,NetBanking,Desktop,Mumbai,0,150,311.81,171,No,0,5,13,9,0.5665309002277028,0,0.4684931506849315,102.1455223880597
T102395,CUST1739,2023-11-11 15:46:00,33.96,Fashion,NetBanking,Mobile,Kolkata,0,146,194.75,280,No,0,15,11,11,0.17437740693196407,0,0.7671232876712328,82.62015503875969
T102396,CUST1560,2023-09-21 00:13:00,13.42,Electronics,UPI,Mobile,Chennai,0,58,286.98,987,No,1,0,21,9,0.046762840616070805,0,2.7041095890410958,15.658284023668639
T102397,CUST1053,2023-05-02 03:41:00,2.06,Travel,Debit Card,Desktop,Chennai,0,40,113.0,1799,No,0,3,2,5,0.01823008849557522,0,4.928767123287671,6.7467652495378925
T102398,CUST9007,2023-01-25 14:42:00,83.04,Fashion,NetBanking,Desktop,Pune,0,89,277.59,936,No,0,14,25,1,0.2991462228466444,0,2.5643835616438357,24.96925441967717
T102399,CUST7924,2023-07-21 08:47:00,81.05,Utilities,NetBanking,POS,Mumbai,0,31,401.43,673,No,0,8,21,7,0.2019031960740353,0,1.8438356164383563,10.900770712909441
T102400,CUST7573,2023-07-15 12:13:00,33.31,Fashion,Debit Card,POS,Mumbai,0,184,381.88,1100,No,0,12,15,7,0.08722635382842779,0,3.0136986301369864,45.84300341296929
T102401,CUST4123,2024-01-23 10:02:00,5.95,Entertainment,Credit Card,POS,Mumbai,0,163,185.4,1425,No,0,10,23,1,0.03209277238403452,0,3.904109589041096,33.237430167597765
T102402,CUST5712,2023-08-08 01:24:00,42.16,Entertainment,NetBanking,POS,Pune,0,26,64.92,123,No,0,1,8,8,0.6494146642020948,0,0.336986301369863,19.446721311475407
T102403,CUST6817,2024-02-13 16:18:00,29.83,Grocery,Credit Card,POS,Chennai,0,196,401.97,790,No,0,16,13,2,0.07420951812324302,0,2.164383561643836,61.93939393939394
T102404,CUST6846,2023-06-29 00:25:00,90.44,Food,NetBanking,Desktop,Mumbai,1,106,139.87,385,No,0,0,29,6,0.6466004146707657,0,1.0547945205479452,51.58666666666666
T102405,CUST7099,2023-01-27 19:13:00,74.47,Travel,PayPal,POS,Pune,0,84,35.99,561,No,0,19,27,1,2.0691858849680465,1,1.536986301369863,33.11015118790497
T102406,CUST2380,2023-05-07 02:28:00,36.28,Health,UPI,Desktop,Delhi,0,162,228.14,721,No,0,2,7,5,0.15902515998948016,0,1.9753424657534246,54.447513812154696
T102407,CUST7030,2023-06-21 07:11:00,19.66,Food,NetBanking,POS,Delhi,0,76,372.34,1325,No,0,7,21,6,0.05280120320137509,0,3.6301369863013697,16.414201183431953
T102408,CUST5352,2024-01-01 16:50:00,354.07,Travel,PayPal,Mobile,Bengaluru,0,144,406.16,1482,No,0,16,1,1,0.8717500492416781,0,4.06027397260274,28.456957227937192
T102409,CUST8150,2023-05-09 13:17:00,48.41,Fashion,Debit Card,POS,Delhi,0,123,491.28,677,No,0,13,9,5,0.09853851164305488,0,1.8547945205479452,43.08541266794626
T102410,CUST3536,2024-01-10 02:05:00,93.25,Grocery,PayPal,Mobile,Hyderabad,0,42,102.81,1802,No,0,2,10,1,0.9070129364847778,0,4.936986301369863,7.074296262113521
T102411,CUST1995,2023-08-18 22:45:00,12.12,Food,Debit Card,Desktop,Bengaluru,0,133,153.96,731,Yes,1,22,18,8,0.07872174590802805,0,2.0027397260273974,44.29288321167883
T102412,CUST8195,2023-07-14 13:26:00,53.18,Fashion,NetBanking,POS,Delhi,0,61,308.65,753,No,0,13,14,7,0.17229872023327394,0,2.063013698630137,19.915026833631483
T102413,CUST2211,2024-01-22 06:39:00,2.23,Travel,Debit Card,Desktop,Hyderabad,0,44,407.56,946,No,0,6,22,1,0.005471587005594268,0,2.591780821917808,12.250190694126621
T102414,CUST2976,2023-08-02 13:45:00,56.33,Food,PayPal,POS,Delhi,0,35,124.7,93,No,0,13,2,8,0.45172413793103444,0,0.2547945205479452,27.893013100436683
T102415,CUST5637,2023-01-03 16:34:00,265.98,Health,UPI,Desktop,Pune,1,108,210.86,1925,No,1,16,3,1,1.2614056720098643,0,5.273972602739726,17.213973799126638
T102416,CUST4545,2023-05-18 20:27:00,38.79,Food,Credit Card,POS,Kolkata,1,91,210.12,955,Yes,1,20,18,5,0.18460879497430038,0,2.6164383561643834,25.16287878787879
T102417,CUST7180,2023-11-30 06:54:00,3.18,Fashion,Credit Card,POS,Hyderabad,0,128,388.74,1217,No,0,6,30,11,0.008180274733755209,0,3.334246575342466,29.532237673830597
T102418,CUST7256,2023-10-05 21:58:00,2.52,Utilities,UPI,Mobile,Mumbai,0,1,128.06,1442,No,0,21,5,10,0.0196782758082149,0,3.9506849315068493,0.20199225235196458
T102419,CUST1211,2023-04-17 13:51:00,39.28,Utilities,Credit Card,Desktop,Pune,0,43,484.69,1522,No,0,13,17,4,0.08104149043718666,0,4.16986301369863,8.317435082140964
T102420,CUST8716,2023-01-07 01:53:00,13.95,Food,NetBanking,Desktop,Kolkata,0,32,260.13,1603,No,0,1,7,1,0.05362703263752739,0,4.391780821917808,5.934959349593496
T102421,CUST1652,2023-07-31 15:45:00,1.89,Health,NetBanking,Desktop,Hyderabad,0,103,148.21,756,No,0,15,31,7,0.01275217596653397,0,2.0712328767123287,33.537020517395185
T102422,CUST5284,2023-04-15 06:49:00,112.92,Grocery,PayPal,Desktop,Pune,0,191,149.3,1584,No,0,6,15,4,0.7563295378432685,0,4.33972602739726,35.769625448948176
T102423,CUST3230,2024-02-03 23:01:00,49.08,Grocery,PayPal,Desktop,Mumbai,0,33,18.97,795,No,0,23,3,2,2.587243015287296,1,2.1780821917808217,10.383620689655173
T102424,CUST4985,2024-01-06 18:19:00,27.31,Utilities,Debit Card,Mobile,Hyderabad,0,95,349.29,1639,No,0,18,6,1,0.07818717970740645,0,4.49041095890411,17.302894211576845
T102425,CUST8816,2023-09-30 00:18:00,184.27,Fashion,PayPal,POS,Hyderabad,0,109,390.21,952,No,0,0,30,9,0.4722329002332078,0,2.6082191780821917,30.208807896735003
T102426,CUST2297,2023-09-25 20:14:00,9.88,Travel,NetBanking,Mobile,Kolkata,0,66,25.89,682,Yes,0,20,25,9,0.3816145229818463,0,1.8684931506849316,23.00859598853868
T102427,CUST7866,2023-08-05 15:10:00,249.74,Fashion,PayPal,Desktop,Pune,0,30,297.11,934,No,0,15,5,8,0.8405641008380734,0,2.558904109589041,8.429561200923787
T102428,CUST4527,2023-04-25 06:30:00,30.15,Grocery,Credit Card,Desktop,Delhi,0,10,393.02,1070,No,0,6,25,4,0.07671365324919852,0,2.9315068493150687,2.543554006968641
T102429,CUST2580,2023-02-26 23:10:00,175.43,Electronics,Debit Card,POS,Hyderabad,0,23,194.36,636,No,0,23,26,2,0.9026034163408109,0,1.7424657534246575,8.386613386613387
T102430,CUST9330,2023-05-29 22:56:00,73.89,Electronics,Debit Card,Mobile,Delhi,0,97,222.04,775,No,0,22,29,5,0.3327778778598451,0,2.1232876712328768,31.057017543859647
T102431,CUST6615,2024-01-25 15:35:00,140.22,Food,NetBanking,POS,Hyderabad,0,39,187.2,969,Yes,0,15,25,1,0.7490384615384615,0,2.654794520547945,10.670914542728637
T102432,CUST5480,2023-11-19 03:06:00,330.88,Health,PayPal,POS,Chennai,0,173,164.67,1354,No,0,3,19,11,2.0093520374081497,1,3.7095890410958905,36.733566026759746
T102433,CUST5865,2023-01-24 08:43:00,27.22,Utilities,Credit Card,Mobile,Bengaluru,0,123,250.66,117,No,0,8,24,1,0.10859331365195883,0,0.32054794520547947,93.14315352697095
T102434,CUST1605,2023-12-28 17:23:00,259.81,Entertainment,PayPal,POS,Delhi,0,157,91.39,1863,No,0,17,28,12,2.842871211292264,1,5.104109589041096,25.720377019748653
T102435,CUST9597,2024-01-01 10:01:00,39.48,Entertainment,UPI,Mobile,Delhi,0,158,225.94,592,No,0,10,1,1,0.17473665574931396,0,1.621917808219178,60.26123301985371
T102436,CUST5150,2023-05-07 14:03:00,38.96,Entertainment,PayPal,Mobile,Kolkata,0,162,471.49,1298,No,0,14,7,5,0.08263165708710683,0,3.5561643835616437,35.55622369212267
T102437,CUST6989,2023-04-26 06:14:00,33.29,Food,NetBanking,Desktop,Mumbai,0,180,23.43,1520,Yes,1,6,26,4,1.420827998292787,0,4.164383561643835,34.854111405835546
T102438,CUST1835,2023-05-28 23:33:00,62.37,Electronics,PayPal,POS,Chennai,0,103,90.72,1495,Yes,0,23,28,5,0.6875,0,4.095890410958904,20.212365591397848
T102439,CUST4416,2023-10-21 15:07:00,13.39,Grocery,Debit Card,Desktop,Mumbai,0,22,391.07,1166,No,0,15,21,10,0.03423939448180633,0,3.1945205479452055,5.244937949052907
T102440,CUST4213,2024-02-17 03:24:00,64.54,Food,Credit Card,POS,Chennai,1,5,74.71,471,No,1,3,17,2,0.8638736447597378,0,1.2904109589041095,2.1830143540669855
T102441,CUST5699,2023-06-01 13:32:00,62.42,Entertainment,NetBanking,POS,Chennai,0,139,142.93,1979,No,0,13,1,6,0.436717274190163,0,5.421917808219178,21.644624573378838
T102442,CUST3711,2023-03-06 16:02:00,114.81,Entertainment,UPI,Desktop,Pune,0,160,232.87,1954,No,0,16,6,3,0.49302185768883927,0,5.353424657534247,25.18326865028029
T102443,CUST9550,2023-01-29 23:56:00,143.49,Utilities,Credit Card,Desktop,Pune,0,152,472.15,1061,No,0,23,29,1,0.3039076564651065,0,2.9068493150684933,38.90603085553997
T102444,CUST3159,2024-01-10 19:24:00,46.45,Fashion,Credit Card,Desktop,Pune,0,139,99.92,1602,No,0,19,10,1,0.46487189751801444,0,4.389041095890411,25.79308591764108
T102445,CUST7148,2023-12-27 23:20:00,28.8,Entertainment,Debit Card,Mobile,Hyderabad,0,139,462.31,588,No,0,23,27,12,0.06229586208388311,0,1.610958904109589,53.23714585519412
T102446,CUST8562,2023-05-29 16:17:00,24.02,Health,Debit Card,POS,Kolkata,0,145,362.08,1153,No,0,16,29,5,0.06633893062306673,0,3.158904109589041,34.864953886693016
T102447,CUST6633,2023-04-05 13:03:00,17.32,Entertainment,Debit Card,Mobile,Mumbai,0,160,338.86,1398,No,0,13,5,4,0.05111255385705011,0,3.83013698630137,33.12535450935905
T102448,CUST1240,2023-12-13 22:27:00,4.75,Fashion,NetBanking,POS,Bengaluru,0,83,364.54,1738,No,0,22,13,12,0.013030120151423711,0,4.761643835616439,14.405611031859248
T102449,CUST5202,2023-11-02 14:29:00,33.54,Entertainment,PayPal,POS,Chennai,0,155,25.31,782,No,0,14,2,11,1.3251679178190439,0,2.1424657534246574,49.32432432432433
T102450,CUST6447,2023-12-26 17:36:00,25.2,Health,Credit Card,Mobile,Chennai,0,32,58.46,930,No,0,17,26,12,0.4310639753677728,0,2.547945205479452,9.019305019305019
T102451,CUST8407,2023-01-08 02:59:00,271.5,Grocery,PayPal,Mobile,Kolkata,0,61,174.07,510,No,0,2,8,1,1.559717355087034,0,1.3972602739726028,25.44571428571428
T102452,CUST7296,2023-01-10 19:43:00,65.26,Food,PayPal,POS,Delhi,0,25,46.24,732,No,0,19,10,1,1.4113321799307958,0,2.0054794520547947,8.318140382862351
T102453,CUST8297,2023-11-11 12:05:00,34.13,Health,Debit Card,Desktop,Hyderabad,0,64,493.92,1395,No,0,12,11,11,0.06910025915127956,0,3.8219178082191783,13.272727272727273
T102454,CUST8676,2024-02-06 23:16:00,69.49,Fashion,PayPal,Desktop,Bengaluru,0,192,294.4,972,No,0,23,6,2,0.23603940217391303,0,2.663013698630137,52.41585639491399
T102455,CUST9354,2023-10-29 03:49:00,11.99,Food,Credit Card,Desktop,Pune,1,156,248.8,1287,No,1,3,29,10,0.04819131832797428,0,3.526027397260274,34.46731234866829
T102456,CUST4657,2024-02-12 20:37:00,46.97,Food,Credit Card,Desktop,Chennai,0,168,394.9,822,No,0,20,12,2,0.11894150417827298,0,2.252054794520548,51.65964616680708
T102457,CUST2068,2023-12-13 09:29:00,78.73,Fashion,UPI,POS,Delhi,0,91,488.71,1288,Yes,0,9,13,12,0.16109758343393835,0,3.5287671232876714,20.09376890502117
T102458,CUST8337,2023-02-23 15:05:00,53.69,Utilities,NetBanking,Desktop,Mumbai,0,142,478.01,155,No,0,15,23,2,0.11231982594506391,0,0.4246575342465753,99.67307692307693
T102459,CUST3443,2023-05-16 22:12:00,41.1,Electronics,PayPal,Desktop,Chennai,0,42,398.6,719,No,0,22,16,5,0.10311088810837933,0,1.9698630136986301,14.142066420664207
T102460,CUST4311,2023-12-15 19:22:00,407.28,Entertainment,NetBanking,Desktop,Delhi,0,39,194.82,506,No,0,19,15,12,2.0905451185709887,1,1.3863013698630138,16.343283582089555
T102461,CUST2989,2023-06-05 16:30:00,169.83,Health,NetBanking,POS,Mumbai,0,2,42.32,714,No,0,16,5,6,4.012996219281664,1,1.9561643835616438,0.6765523632993512
T102462,CUST1085,2023-01-26 02:33:00,78.13,Fashion,NetBanking,Mobile,Hyderabad,0,81,58.2,401,No,0,2,26,1,1.3424398625429552,0,1.0986301369863014,38.59660574412533
T102463,CUST5496,2023-12-31 12:42:00,67.4,Grocery,NetBanking,Desktop,Pune,0,1,10.56,1173,Yes,0,12,31,12,6.382575757575758,1,3.213698630136986,0.2373211963589077
T102464,CUST5304,2023-01-06 23:09:00,77.55,Travel,Credit Card,POS,Kolkata,1,109,10.93,571,No,1,23,6,1,7.095150960658738,1,1.5643835616438355,42.50534188034188
T102465,CUST2815,2023-01-21 08:15:00,17.98,Fashion,PayPal,POS,Mumbai,0,160,468.85,589,No,0,8,21,1,0.03834915218086808,0,1.6136986301369862,61.21593291404612
T102466,CUST4848,2023-01-19 20:20:00,40.22,Entertainment,UPI,Desktop,Chennai,0,125,464.24,208,No,0,20,19,1,0.08663622264346027,0,0.5698630136986301,79.62478184991275
T102467,CUST3236,2023-11-25 04:40:00,3.22,Entertainment,NetBanking,Mobile,Bengaluru,0,64,337.1,1147,No,0,4,25,11,0.009552061702758826,0,3.1424657534246574,15.449735449735451
T102468,CUST2056,2023-11-19 14:40:00,51.63,Food,UPI,Mobile,Mumbai,0,159,366.07,596,No,0,14,19,11,0.14103859917502118,0,1.632876712328767,60.39021852237253
T102469,CUST1725,2023-10-01 23:12:00,62.65,Food,Credit Card,Mobile,Bengaluru,0,186,261.47,777,No,0,23,1,10,0.23960683826060347,0,2.128767123287671,59.448336252189144
T102470,CUST8133,2023-03-18 22:02:00,20.68,Fashion,Credit Card,POS,Bengaluru,0,82,126.54,980,No,0,22,18,3,0.16342658447921604,0,2.684931506849315,22.25278810408922
T102471,CUST5704,2024-02-04 07:20:00,266.0,Travel,Debit Card,Desktop,Mumbai,0,78,458.05,331,No,0,7,4,2,0.5807226285340028,0,0.9068493150684932,40.9051724137931
T102472,CUST9534,2024-02-02 13:43:00,192.15,Utilities,NetBanking,Desktop,Kolkata,0,111,146.07,1852,No,0,13,2,2,1.3154651879235983,0,5.073972602739726,18.27469553450609
T102473,CUST1205,2023-03-23 23:04:00,102.45,Fashion,Debit Card,POS,Kolkata,0,142,372.44,1471,No,0,23,23,3,0.2750778648909892,0,4.03013698630137,28.229847494553375
T102474,CUST5831,2023-01-15 05:40:00,60.98,Travel,UPI,Desktop,Hyderabad,1,197,130.26,1913,No,1,5,15,1,0.4681406417933364,0,5.241095890410959,31.564969271290607
T102475,CUST1543,2023-05-06 03:33:00,163.2,Utilities,PayPal,Desktop,Kolkata,0,16,436.37,615,No,0,3,6,5,0.37399454591287207,0,1.6849315068493151,5.959183673469387
T102476,CUST1660,2023-10-19 19:12:00,11.2,Travel,Debit Card,Mobile,Mumbai,0,197,329.11,1505,No,0,19,19,10,0.03403117498708638,0,4.123287671232877,38.45187165775401
T102477,CUST5985,2023-09-21 15:31:00,125.05,Entertainment,Credit Card,Desktop,Kolkata,1,54,324.92,1470,No,1,15,21,9,0.3848639665148344,0,4.027397260273973,10.741144414168938
T102478,CUST2437,2024-02-03 01:22:00,10.67,Entertainment,NetBanking,Desktop,Delhi,0,141,57.71,1877,No,0,1,3,2,0.1848899670767631,0,5.142465753424657,22.954950936663693
T102479,CUST1787,2023-11-17 10:11:00,126.47,Entertainment,UPI,POS,Pune,0,124,215.54,1175,No,0,10,17,11,0.5867588382666791,0,3.219178082191781,29.38961038961039
T102480,CUST1468,2023-03-12 13:06:00,25.81,Grocery,Credit Card,POS,Bengaluru,0,80,267.21,86,No,0,13,12,3,0.09659069645597096,0,0.2356164383561644,64.7450110864745
T102481,CUST9776,2024-02-20 03:25:00,167.7,Entertainment,PayPal,Mobile,Pune,0,79,154.08,1838,No,0,3,20,2,1.0883956386292832,0,5.035616438356165,13.088969586926916
T102482,CUST9689,2023-04-15 10:19:00,230.65,Health,NetBanking,POS,Chennai,0,159,441.68,1053,No,0,10,15,4,0.522210650244521,0,2.884931506849315,40.92736248236954
T102483,CUST2572,2023-04-06 17:02:00,12.89,Food,PayPal,Mobile,Bengaluru,0,197,420.46,1192,No,0,17,6,4,0.030656899586167533,0,3.265753424657534,46.181759794476555
T102484,CUST3218,2024-02-08 22:30:00,49.69,Food,PayPal,Mobile,Chennai,0,149,251.87,1252,No,0,22,8,2,0.19728431333624488,0,3.43013698630137,33.633271490414344
T102485,CUST6293,2023-01-28 13:03:00,317.01,Travel,NetBanking,Desktop,Delhi,0,127,176.62,750,No,0,13,28,1,1.7948703431095006,0,2.0547945205479454,41.57399103139013
T102486,CUST3476,2024-01-01 12:01:00,52.84,Food,NetBanking,Mobile,Delhi,0,158,402.76,1838,No,0,12,1,1,0.13119475618234186,0,5.035616438356165,26.177939173853833
T102487,CUST5337,2023-04-14 17:02:00,159.34,Electronics,PayPal,Desktop,Pune,0,23,106.48,1414,No,0,17,14,4,1.4964312546957175,0,3.873972602739726,4.71894322653176
T102488,CUST8974,2023-09-13 03:02:00,71.08,Utilities,UPI,Mobile,Delhi,0,38,45.04,1703,No,0,3,13,9,1.5781527531083481,0,4.6657534246575345,6.70696324951644
T102489,CUST7347,2023-12-02 21:45:00,37.64,Travel,NetBanking,POS,Mumbai,0,157,32.4,439,No,0,21,2,12,1.1617283950617285,0,1.2027397260273973,71.27487562189054
T102490,CUST2146,2023-10-11 17:16:00,26.93,Food,Credit Card,POS,Bengaluru,0,77,28.95,675,No,0,17,11,10,0.9302245250431779,0,1.8493150684931507,27.024038461538463
T102491,CUST1425,2023-01-04 06:57:00,18.17,Electronics,Debit Card,POS,Chennai,0,32,249.56,1902,No,0,6,4,1,0.07280814233050169,0,5.210958904109589,5.152183502426114
T102492,CUST7393,2023-08-07 22:41:00,114.77,Utilities,UPI,Mobile,Kolkata,0,112,135.1,1581,No,0,22,7,8,0.8495188749074759,0,4.331506849315068,21.007194244604317
T102493,CUST5329,2023-03-01 06:37:00,39.09,Grocery,NetBanking,Mobile,Pune,1,190,348.28,1668,Yes,1,6,1,3,0.11223728034914439,0,4.5698630136986305,34.112149532710276
T102494,CUST9691,2023-12-28 10:20:00,57.28,Food,NetBanking,Desktop,Pune,0,106,330.41,1296,No,0,10,28,12,0.1733603704488363,0,3.5506849315068494,23.29319686935581
T102495,CUST3254,2023-11-04 13:03:00,54.23,Electronics,UPI,Desktop,Delhi,0,91,275.59,1143,No,0,13,4,11,0.19677782212707284,0,3.1315068493150684,22.02586206896552
T102496,CUST2609,2023-08-05 14:46:00,68.88,Fashion,Debit Card,Desktop,Delhi,0,98,182.89,1569,No,0,14,5,8,0.3766198261249932,0,4.298630136986302,18.495346432264736
T102497,CUST8719,2023-02-23 08:49:00,160.54,Health,PayPal,Desktop,Chennai,0,45,426.72,91,No,0,8,23,2,0.37621859767529053,0,0.2493150684931507,36.01973684210527
T102498,CUST7015,2023-03-01 14:26:00,315.98,Fashion,Credit Card,Mobile,Bengaluru,0,49,357.75,1265,No,0,14,1,3,0.8832424877707897,0,3.4657534246575343,10.97239263803681
T102499,CUST9304,2023-06-14 16:11:00,41.88,Electronics,NetBanking,Mobile,Bengaluru,0,161,143.05,277,No,0,16,14,6,0.2927647675637889,0,0.7589041095890411,91.53426791277258
T102500,CUST6473,2023-02-02 15:22:00,140.6,Travel,Debit Card,Desktop,Pune,0,4,255.83,1757,No,0,15,2,2,0.5495837079310479,0,4.813698630136987,0.6880301602262017
T102501,CUST5363,2023-04-23 09:06:00,115.69,Entertainment,Credit Card,Mobile,Chennai,0,146,86.57,526,No,0,9,23,4,1.3363751877093681,0,1.441095890410959,59.809203142536475
T102502,CUST6446,2023-07-13 06:12:00,68.18,Entertainment,UPI,Mobile,Pune,0,198,171.1,85,No,0,6,13,7,0.39848042080654594,0,0.2328767123287671,160.6
T102503,CUST1542,2024-02-12 12:56:00,249.97,Entertainment,NetBanking,Mobile,Kolkata,0,64,498.6,488,No,0,12,12,2,0.5013437625350983,0,1.336986301369863,27.38569753810082
T102504,CUST6050,2023-10-08 19:58:00,17.9,Utilities,PayPal,Mobile,Hyderabad,0,156,119.68,948,No,0,19,8,10,0.14956550802139035,0,2.5972602739726027,43.366336633663366
T102505,CUST7322,2023-01-28 06:12:00,9.26,Travel,UPI,Desktop,Bengaluru,0,108,352.17,1342,No,0,6,28,1,0.02629411931737513,0,3.6767123287671235,23.09314586994727
T102506,CUST6478,2023-11-18 19:57:00,153.91,Utilities,NetBanking,Desktop,Chennai,0,121,126.83,1596,No,0,19,18,11,1.2135141528029645,0,4.372602739726028,22.52167261601224
T102507,CUST8546,2023-07-17 04:32:00,46.26,Food,Debit Card,Mobile,Kolkata,0,186,469.69,1956,No,0,4,17,7,0.09849049372990695,0,5.358904109589041,29.250323136579063
T102508,CUST9323,2023-05-02 07:30:00,150.17,Entertainment,Credit Card,POS,Chennai,0,90,161.97,1523,Yes,0,7,2,5,0.9271470025313329,0,4.1726027397260275,17.39936440677966
T102509,CUST6693,2023-05-12 08:17:00,178.86,Fashion,Credit Card,Desktop,Pune,0,56,179.88,1442,No,0,8,12,5,0.994329553035357,0,3.9506849315068493,11.311566131710016
T102510,CUST7545,2023-05-21 07:56:00,5.16,Travel,NetBanking,Desktop,Delhi,0,20,300.99,1474,No,0,7,21,5,0.017143426691916677,0,4.038356164383561,3.9695486677542147
T102511,CUST1257,2023-09-25 07:02:00,171.96,Travel,UPI,POS,Chennai,0,77,298.17,1566,No,0,7,25,9,0.5767179796760238,0,4.2904109589041095,14.554634904194717
T102512,CUST7934,2023-09-16 13:11:00,47.58,Entertainment,PayPal,Desktop,Pune,0,162,293.75,1763,No,0,13,16,9,0.16197446808510638,0,4.83013698630137,27.786654135338345
T102513,CUST9371,2023-10-12 15:28:00,57.14,Fashion,Debit Card,POS,Mumbai,1,87,290.89,586,No,1,15,12,10,0.19643164082642925,0,1.6054794520547946,33.39116719242902
T102514,CUST5109,2023-04-26 04:14:00,78.81,Grocery,NetBanking,POS,Delhi,0,138,162.97,1612,No,0,4,26,4,0.4835859360618519,0,4.416438356164384,25.477996965098633
T102515,CUST5795,2023-04-13 05:43:00,208.71,Travel,Debit Card,Mobile,Delhi,0,115,222.86,993,No,0,5,13,4,0.9365072242663556,0,2.7205479452054795,30.90942562592047
T102516,CUST9982,2024-01-12 14:19:00,1.54,Entertainment,Credit Card,Desktop,Bengaluru,0,94,300.78,1787,No,0,14,12,1,0.005120021278010507,0,4.895890410958904,15.943308550185874
T102517,CUST1353,2023-10-05 07:40:00,51.83,Health,PayPal,POS,Hyderabad,0,150,338.92,1851,No,0,7,5,10,0.15292694441166055,0,5.071232876712329,24.70667870036101
T102518,CUST2049,2024-01-05 10:49:00,93.11,Electronics,Debit Card,Mobile,Bengaluru,0,133,134.03,1134,No,0,10,5,1,0.694695217488622,0,3.106849315068493,32.38492328218813
T102519,CUST1125,2023-07-29 03:54:00,102.61,Utilities,NetBanking,Desktop,Mumbai,0,172,353.72,473,No,1,3,29,7,0.2900882053601719,0,1.295890410958904,74.91646778042958
T102520,CUST9799,2023-02-14 21:27:00,94.35,Food,PayPal,Mobile,Pune,0,114,462.41,821,No,0,21,14,2,0.20403970502368027,0,2.249315068493151,35.08431703204047
T102521,CUST8704,2023-07-29 14:17:00,11.55,Travel,UPI,Mobile,Delhi,0,9,381.38,1340,No,0,14,29,7,0.03028475536210604,0,3.671232876712329,1.9266862170087975
T102522,CUST1541,2023-04-22 00:51:00,28.46,Health,NetBanking,POS,Delhi,0,43,51.27,1337,No,1,0,22,4,0.5551004486054223,0,3.663013698630137,9.22150411280846
T102523,CUST4822,2023-10-09 08:44:00,35.54,Health,Debit Card,Desktop,Kolkata,1,4,239.87,1994,No,1,8,9,10,0.14816358861049736,0,5.463013698630137,0.6189063162356931
T102524,CUST1584,2023-05-24 01:38:00,130.55,Travel,PayPal,Mobile,Chennai,0,170,223.28,520,No,0,1,24,5,0.5846918667144393,0,1.4246575342465753,70.11299435028249
T102525,CUST2076,2023-08-30 10:15:00,26.14,Grocery,NetBanking,POS,Hyderabad,0,65,174.89,1441,No,0,10,30,8,0.14946537823774947,0,3.947945205479452,13.136766334440754
T102526,CUST8205,2023-02-24 03:35:00,18.93,Electronics,PayPal,POS,Hyderabad,0,98,250.75,1754,No,0,3,24,2,0.07549351944167497,0,4.8054794520547945,16.88060405851817
T102527,CUST2518,2023-09-24 14:08:00,252.56,Food,PayPal,Mobile,Chennai,0,169,225.42,1604,No,0,14,24,9,1.120397480259072,0,4.394520547945206,31.32808532249873
T102528,CUST1404,2023-02-19 20:29:00,0.71,Travel,PayPal,Mobile,Mumbai,0,192,13.02,624,No,0,20,19,2,0.054531490015360985,0,1.7095890410958905,70.85945399393326
T102529,CUST5751,2023-03-22 19:07:00,490.31,Utilities,Debit Card,POS,Hyderabad,0,55,125.91,437,No,0,19,22,3,3.894130728297991,1,1.1972602739726028,25.031172069825434
T102530,CUST1719,2023-07-20 22:58:00,90.36,Food,NetBanking,Mobile,Delhi,0,146,114.75,356,No,0,22,20,7,0.7874509803921569,0,0.9753424657534246,73.91123439667129
T102531,CUST4491,2023-11-07 00:06:00,141.04,Fashion,Credit Card,Mobile,Mumbai,0,144,181.14,971,No,1,0,7,11,0.7786242685215855,0,2.66027397260274,39.34131736526946
T102532,CUST1096,2023-02-20 00:42:00,27.92,Health,Credit Card,Desktop,Bengaluru,0,87,95.48,978,No,0,0,20,2,0.29241726015919567,0,2.6794520547945204,23.64482501861504
T102533,CUST1626,2023-04-04 13:41:00,1.15,Health,Debit Card,POS,Bengaluru,0,174,43.22,1229,No,0,13,4,4,0.02660805182785747,0,3.367123287671233,39.84316185696361
T102534,CUST1835,2023-04-08 17:19:00,107.11,Travel,Debit Card,Mobile,Mumbai,0,164,106.34,1574,No,0,17,8,4,1.0072409253338348,0,4.3123287671232875,30.871583290355854
T102535,CUST5639,2024-01-16 15:27:00,143.73,Travel,PayPal,POS,Delhi,0,90,428.55,1843,No,0,15,16,1,0.3353867693384669,0,5.049315068493151,14.877717391304348
T102536,CUST4194,2023-08-20 18:38:00,107.91,Utilities,NetBanking,Desktop,Kolkata,1,194,400.55,412,No,0,18,20,8,0.2694045687180127,0,1.1287671232876713,91.13256113256112
T102537,CUST2920,2024-02-13 04:06:00,12.33,Fashion,NetBanking,POS,Bengaluru,0,44,226.63,1043,No,0,4,13,2,0.05440585977143361,0,2.8575342465753426,11.40625
T102538,CUST6034,2023-02-12 00:34:00,112.01,Grocery,UPI,POS,Pune,0,5,440.13,1311,No,0,0,12,2,0.25449299070729103,0,3.591780821917808,1.0889021479713603
T102539,CUST7400,2023-01-11 21:03:00,117.2,Travel,UPI,POS,Delhi,0,29,124.01,376,No,0,21,11,1,0.9450850737843722,0,1.0301369863013699,14.284750337381915
T102540,CUST3819,2023-11-07 08:20:00,85.96,Health,Credit Card,Desktop,Chennai,0,126,296.26,301,No,0,8,7,11,0.2901505434415716,0,0.8246575342465754,69.05405405405405
T102541,CUST4061,2023-06-17 18:12:00,116.23,Food,UPI,Desktop,Hyderabad,0,4,80.03,1314,No,0,18,17,6,1.4523303761089592,0,3.6,0.8695652173913044
T102542,CUST3894,2024-01-08 11:22:00,149.62,Electronics,UPI,POS,Kolkata,0,99,418.37,425,No,0,11,8,1,0.35762602481057437,0,1.1643835616438356,45.74050632911393
T102543,CUST8780,2023-08-18 02:02:00,76.07,Entertainment,Credit Card,POS,Kolkata,0,49,73.98,1745,No,0,2,18,8,1.028250878615842,0,4.780821917808219,8.476303317535544
T102544,CUST1019,2024-01-03 09:27:00,7.42,Food,Credit Card,Desktop,Mumbai,0,85,25.61,183,No,0,9,3,1,0.2897305739945334,0,0.5013698630136987,56.61496350364963
T102545,CUST2482,2023-01-15 18:42:00,53.5,Grocery,UPI,Mobile,Hyderabad,0,136,143.99,1580,Yes,0,18,15,1,0.37155358010972983,0,4.328767123287672,25.52185089974293
T102546,CUST6368,2023-04-07 00:53:00,6.47,Electronics,NetBanking,Desktop,Chennai,0,122,451.46,1120,No,0,0,7,4,0.01433128073361981,0,3.0684931506849313,29.986531986531986
T102547,CUST1947,2023-02-27 02:26:00,41.88,Food,UPI,POS,Bengaluru,0,180,73.43,870,No,0,2,27,2,0.5703390984611194,0,2.3835616438356166,53.19838056680162
T102548,CUST7111,2023-05-12 09:40:00,41.82,Food,PayPal,Mobile,Kolkata,0,116,172.03,1752,Yes,0,9,12,5,0.24309713422077545,0,4.8,20.0
T102549,CUST1960,2023-03-22 02:43:00,5.46,Fashion,PayPal,Mobile,Pune,0,197,165.04,377,No,0,2,22,3,0.033082888996606885,0,1.0328767123287672,96.90700808625336
T102550,CUST7998,2023-03-22 07:41:00,34.32,Entertainment,PayPal,Mobile,Delhi,0,149,402.81,1988,No,0,7,22,3,0.08520145974528934,0,5.446575342465754,23.113047173820654
T102551,CUST4163,2023-07-13 12:32:00,9.41,Utilities,Debit Card,Desktop,Kolkata,1,155,216.55,1116,No,0,12,13,7,0.04345416762872316,0,3.0575342465753423,38.20054017555706
T102552,CUST8439,2023-03-08 12:35:00,132.12,Grocery,PayPal,Desktop,Kolkata,0,166,309.67,385,No,0,12,8,3,0.42664772176833404,0,1.0547945205479452,80.78666666666666
T102553,CUST3614,2023-11-02 06:48:00,236.04,Health,NetBanking,Desktop,Delhi,0,133,208.15,1334,No,0,6,2,11,1.133989911121787,0,3.654794520547945,28.57268981753973
T102554,CUST7806,2023-06-27 00:58:00,6.01,Fashion,Debit Card,Desktop,Chennai,0,85,280.21,1094,No,0,0,27,6,0.021448199564612257,0,2.9972602739726026,21.264564770390677
T102555,CUST9681,2023-08-24 11:59:00,248.29,Electronics,Debit Card,POS,Mumbai,0,61,40.6,1593,Yes,1,11,24,8,6.11551724137931,1,4.364383561643836,11.37129724208376
T102556,CUST3623,2023-08-28 17:39:00,59.15,Entertainment,PayPal,Mobile,Kolkata,0,136,193.27,396,No,0,17,28,8,0.30604853314016656,0,1.084931506849315,65.22996057818659
T102557,CUST7060,2023-02-23 23:58:00,28.48,Health,UPI,POS,Kolkata,1,86,429.0,1044,No,1,23,23,2,0.0663869463869464,0,2.8602739726027395,22.27821149751597
T102558,CUST5379,2023-05-07 09:57:00,6.4,Fashion,Credit Card,Desktop,Hyderabad,0,18,348.62,306,No,0,9,7,5,0.018358097642131834,0,0.8383561643835616,9.791356184798808
T102559,CUST3647,2024-01-23 05:32:00,55.55,Entertainment,UPI,Desktop,Pune,0,132,491.1,250,No,0,5,23,1,0.11311341885563021,0,0.684931506849315,78.34146341463415
T102560,CUST2708,2024-01-05 17:47:00,126.59,Utilities,UPI,POS,Bengaluru,0,4,396.08,1782,No,0,17,5,1,0.3196071500706928,0,4.882191780821918,0.680018630647415
T102561,CUST9105,2023-07-03 20:30:00,98.23,Grocery,Debit Card,Mobile,Mumbai,0,165,231.24,1787,No,0,20,3,7,0.4247967479674797,0,4.895890410958904,27.985594795539036
T102562,CUST9987,2023-09-11 15:46:00,4.12,Travel,Debit Card,Mobile,Pune,0,127,341.38,90,No,0,15,11,9,0.01206866248755053,0,0.2465753424657534,101.87912087912088
T102563,CUST4728,2023-07-10 19:46:00,6.06,Utilities,Debit Card,Desktop,Pune,0,143,390.2,1156,No,0,19,10,7,0.015530497180932855,0,3.1671232876712327,34.31623931623932
T102564,CUST9257,2023-03-19 05:11:00,41.25,Travel,NetBanking,Desktop,Chennai,0,166,142.14,1238,No,0,5,19,3,0.29020683832840866,0,3.3917808219178083,37.79787897691828
T102565,CUST9806,2023-06-19 09:13:00,28.0,Electronics,NetBanking,Desktop,Chennai,0,155,39.41,1960,No,0,9,19,6,0.7104795737122558,0,5.36986301369863,24.333333333333332
T102566,CUST7964,2023-07-30 14:04:00,21.16,Travel,Credit Card,Desktop,Delhi,0,48,208.87,1200,No,0,14,30,7,0.10130703308277876,0,3.287671232876712,11.194888178913738
T102567,CUST5759,2023-03-17 14:00:00,26.39,Fashion,Debit Card,Mobile,Bengaluru,1,46,80.89,104,No,1,14,17,3,0.32624551860551365,0,0.28493150684931506,35.79957356076759
T102568,CUST8376,2023-05-24 13:05:00,130.16,Electronics,PayPal,POS,Mumbai,0,46,145.85,502,No,0,13,24,5,0.8924237230030854,0,1.3753424657534246,19.36562860438293
T102569,CUST8739,2023-05-11 15:31:00,211.86,Health,Debit Card,Mobile,Delhi,0,48,473.95,1054,No,0,15,11,5,0.44700917818335273,0,2.8876712328767122,12.346723044397462
T102570,CUST2076,2024-01-16 15:25:00,41.55,Utilities,NetBanking,POS,Kolkata,0,187,425.07,445,No,0,15,16,1,0.0977486061119345,0,1.2191780821917808,84.26543209876543
T102571,CUST2108,2023-10-27 09:03:00,189.25,Utilities,Debit Card,Desktop,Bengaluru,0,120,300.31,1522,No,0,9,27,10,0.6301821451167128,0,4.16986301369863,23.211446740858506
T102572,CUST6454,2023-03-10 08:41:00,31.03,Grocery,NetBanking,Desktop,Hyderabad,0,132,206.62,1418,No,0,8,10,3,0.1501790726938341,0,3.884931506849315,27.021873247335954
T102573,CUST7930,2023-09-26 11:10:00,51.77,Electronics,Debit Card,POS,Hyderabad,0,19,139.52,1898,No,0,11,26,9,0.3710579128440367,0,5.2,3.064516129032258
T102574,CUST8883,2023-03-18 22:34:00,20.5,Health,PayPal,Desktop,Delhi,0,185,290.01,1727,No,0,22,18,3,0.07068721768214889,0,4.7315068493150685,32.27772466539197
T102575,CUST8006,2023-02-06 17:22:00,81.84,Utilities,Credit Card,Mobile,Mumbai,0,19,271.25,46,No,0,17,6,2,0.3017142857142857,0,0.12602739726027398,16.873479318734795
T102576,CUST5258,2023-12-13 02:56:00,308.99,Electronics,PayPal,Desktop,Bengaluru,0,42,392.58,1563,No,0,2,13,12,0.7870752458097713,0,4.282191780821917,7.9512448132780085
T102577,CUST1201,2023-12-19 07:12:00,74.0,Food,NetBanking,Desktop,Hyderabad,0,92,464.73,1808,No,0,7,19,12,0.15923224237729433,0,4.953424657534247,15.453290381960423
T102578,CUST1159,2023-01-19 11:11:00,35.43,Food,UPI,Desktop,Hyderabad,0,5,171.18,1492,No,0,11,19,1,0.206975113915177,0,4.087671232876712,0.9827679052234788
T102579,CUST5383,2023-06-10 08:53:00,83.49,Electronics,PayPal,Desktop,Mumbai,0,48,111.09,1932,No,0,8,10,6,0.7515527950310559,0,5.293150684931507,7.627340008707009
T102580,CUST9147,2023-10-02 08:26:00,10.49,Utilities,Debit Card,Mobile,Delhi,0,153,207.37,1584,No,0,8,2,10,0.050585909244345854,0,4.33972602739726,28.65315546434069
T102581,CUST8645,2023-01-21 02:43:00,175.61,Entertainment,Credit Card,POS,Chennai,0,195,224.4,1895,No,0,2,21,1,0.7825757575757576,0,5.191780821917808,31.49336283185841
T102582,CUST8266,2023-04-08 07:09:00,55.95,Travel,Debit Card,Desktop,Kolkata,0,26,29.54,1991,No,0,7,8,4,1.8940419769803658,0,5.454794520547945,4.028013582342954
T102583,CUST3752,2023-09-17 21:02:00,47.73,Food,Debit Card,Desktop,Pune,0,74,432.23,1112,No,0,21,17,9,0.11042731878860791,0,3.0465753424657533,18.28706838185511
T102584,CUST8952,2023-07-20 12:59:00,70.53,Entertainment,PayPal,Mobile,Kolkata,0,190,497.84,1766,No,0,12,20,7,0.14167202313996466,0,4.838356164383562,32.543406851243546
T102585,CUST4829,2024-01-24 12:03:00,78.42,Entertainment,Credit Card,Mobile,Bengaluru,0,109,462.37,1168,No,0,12,24,1,0.16960442935311548,0,3.2,25.952380952380953
T102586,CUST4507,2023-10-16 16:45:00,5.96,Grocery,UPI,Mobile,Hyderabad,0,135,431.73,232,No,0,16,16,10,0.013804924374030065,0,0.6356164383561644,82.53768844221105
T102587,CUST6051,2023-07-25 02:16:00,91.81,Health,Debit Card,Desktop,Pune,0,172,496.37,1859,No,0,2,25,7,0.18496283014686626,0,5.093150684931507,28.22841726618705
T102588,CUST4069,2023-04-19 23:54:00,22.16,Fashion,Credit Card,POS,Pune,0,87,454.83,1596,No,0,23,19,4,0.04872150034078667,0,4.372602739726028,16.19326874043855
T102589,CUST9032,2024-01-08 09:04:00,100.13,Food,UPI,Mobile,Chennai,0,155,347.3,1247,No,0,9,8,1,0.2883098186006334,0,3.4164383561643836,35.09615384615385
T102590,CUST2641,2023-09-13 20:16:00,138.32,Electronics,Debit Card,Mobile,Pune,0,170,91.71,501,No,0,20,13,9,1.508232471922364,0,1.3726027397260274,71.65127020785219
T102591,CUST9460,2023-08-04 08:19:00,130.35,Travel,Credit Card,Mobile,Mumbai,0,73,86.61,1159,No,0,8,4,8,1.5050225147211638,0,3.175342465753425,17.483595800524935
T102592,CUST5677,2023-08-30 18:04:00,64.33,Fashion,PayPal,POS,Delhi,0,56,33.9,908,No,0,18,30,8,1.8976401179941003,0,2.4876712328767123,16.05655930871956
T102593,CUST6356,2023-01-29 18:51:00,58.75,Health,Debit Card,Desktop,Bengaluru,0,131,211.8,994,No,0,18,29,1,0.27738432483474973,0,2.723287671232877,35.18395879323032
T102594,CUST8960,2023-11-23 12:01:00,12.33,Entertainment,Debit Card,Desktop,Mumbai,0,126,406.32,847,No,0,12,23,11,0.030345540460720615,0,2.3205479452054796,37.945544554455445
T102595,CUST5147,2023-05-13 10:57:00,119.46,Health,Credit Card,Desktop,Delhi,0,141,250.25,1179,Yes,1,10,13,5,0.47736263736263734,0,3.23013698630137,33.33225388601036
T102596,CUST8984,2024-01-06 16:35:00,25.33,Utilities,Debit Card,Mobile,Mumbai,0,198,189.5,443,No,0,16,6,1,0.13366754617414248,0,1.2136986301369863,89.4430693069307
T102597,CUST7694,2023-06-10 19:57:00,54.92,Food,UPI,Desktop,Hyderabad,0,59,63.53,1668,No,0,19,10,6,0.8644734770974343,0,4.5698630136986305,10.592720118052139
T102598,CUST5665,2023-09-10 23:00:00,26.76,Health,Debit Card,Mobile,Hyderabad,0,38,35.36,1728,No,0,23,10,9,0.7567873303167422,0,4.734246575342466,6.626851409460105
T102599,CUST8392,2023-02-19 14:04:00,11.49,Health,NetBanking,POS,Chennai,0,85,205.6,1563,No,0,14,19,2,0.055885214007782104,0,4.282191780821917,16.091804979253112
T102600,CUST3613,2023-09-24 17:19:00,79.44,Travel,UPI,POS,Mumbai,0,83,58.96,530,No,0,17,24,9,1.3473541383989145,0,1.452054794520548,33.849162011173185
T102601,CUST4250,2023-01-23 07:40:00,4.47,Utilities,Credit Card,Desktop,Kolkata,0,196,60.74,1880,No,0,7,23,1,0.07359236088244978,0,5.1506849315068495,31.866369710467705
T102602,CUST3235,2024-01-15 08:36:00,110.47,Utilities,UPI,Mobile,Pune,0,86,203.72,150,No,0,8,15,1,0.5422638916159435,0,0.410958904109589,60.95145631067962
T102603,CUST9884,2023-05-27 07:32:00,30.57,Entertainment,NetBanking,Mobile,Hyderabad,0,197,256.39,1805,No,0,7,27,5,0.11923241936112954,0,4.945205479452055,33.13594470046083
T102604,CUST3818,2023-03-25 10:57:00,0.01,Travel,NetBanking,Desktop,Delhi,0,1,101.47,1966,Yes,0,10,25,3,9.855129594954174e-05,0,5.3863013698630136,0.1565851565851566
T102605,CUST2384,2023-12-30 19:21:00,57.25,Travel,Debit Card,POS,Chennai,0,178,345.47,636,No,0,19,30,12,0.16571627058789473,0,1.7424657534246575,64.90509490509491
T102606,CUST1939,2023-12-26 17:00:00,3.84,Electronics,Debit Card,POS,Pune,0,137,215.16,1261,No,0,17,26,12,0.01784718349135527,0,3.4547945205479453,30.753382533825334
T102607,CUST8401,2024-01-22 02:05:00,25.86,Health,PayPal,POS,Bengaluru,1,128,55.04,1714,No,1,2,22,1,0.46984011627906974,0,4.695890410958904,22.472342472342476
T102608,CUST7687,2023-01-21 12:04:00,98.2,Health,UPI,POS,Mumbai,0,53,322.15,379,No,0,12,21,1,0.30482694397020027,0,1.0383561643835617,26.001344086021504
T102609,CUST6871,2024-01-18 00:06:00,5.18,Utilities,PayPal,POS,Kolkata,0,88,184.9,849,No,0,0,18,1,0.028015143320713896,0,2.326027397260274,26.457990115321252
T102610,CUST9868,2023-03-25 16:15:00,146.28,Health,NetBanking,Desktop,Hyderabad,0,138,35.64,1246,No,0,16,25,3,4.104377104377105,1,3.4136986301369863,31.266294227188084
T102611,CUST1029,2023-12-31 19:10:00,0.31,Grocery,Debit Card,Desktop,Kolkata,0,84,474.51,683,No,0,19,31,12,0.0006533055151630103,0,1.8712328767123287,29.255725190839698
T102612,CUST7792,2023-03-30 05:50:00,22.68,Travel,Debit Card,Desktop,Pune,0,77,289.89,813,No,0,5,30,3,0.07823657249301459,0,2.2273972602739724,23.85823429541596
T102613,CUST1028,2023-11-13 17:41:00,108.04,Fashion,Debit Card,POS,Delhi,1,29,244.08,1876,No,0,17,13,11,0.44264175680104884,0,5.13972602739726,4.723337795626953
T102614,CUST1209,2023-09-07 15:45:00,30.42,Utilities,Credit Card,POS,Mumbai,0,36,430.98,1446,No,0,15,7,9,0.0705833217318669,0,3.9616438356164383,7.255659856432909
T102615,CUST4157,2023-02-17 09:43:00,8.6,Food,NetBanking,Desktop,Kolkata,0,27,469.0,526,No,0,9,17,2,0.01833688699360341,0,1.441095890410959,11.06060606060606
T102616,CUST1233,2023-04-01 13:59:00,35.73,Utilities,Debit Card,Desktop,Delhi,0,146,117.96,421,No,0,13,1,4,0.3028992878942014,0,1.1534246575342466,67.79898218829516
T102617,CUST7398,2023-02-16 17:44:00,25.22,Entertainment,NetBanking,POS,Chennai,0,18,406.97,1766,No,0,17,16,2,0.06197016979138511,0,4.838356164383562,3.083059596433599
T102618,CUST3419,2023-10-16 22:12:00,147.97,Fashion,Debit Card,Mobile,Hyderabad,0,118,417.23,1727,No,0,22,16,10,0.3546485152074395,0,4.7315068493150685,20.58795411089866
T102619,CUST3350,2023-12-29 11:35:00,30.07,Entertainment,UPI,Desktop,Hyderabad,0,137,36.66,1162,No,0,11,29,12,0.820240043644299,0,3.1835616438356165,32.74721676489849
T102620,CUST2503,2024-01-28 09:02:00,124.45,Electronics,NetBanking,POS,Chennai,0,67,358.85,958,No,0,9,28,1,0.34680228507733035,0,2.6246575342465754,18.484504913076343
T102621,CUST2772,2024-02-15 07:50:00,177.96,Electronics,PayPal,POS,Delhi,0,135,40.85,499,No,0,7,15,2,4.3564259485924115,1,1.367123287671233,57.03125
T102622,CUST8819,2023-06-08 08:20:00,45.51,Entertainment,Credit Card,Desktop,Kolkata,0,58,301.39,379,No,0,8,8,6,0.151000364975613,0,1.0383561643835617,28.454301075268816
T102623,CUST2521,2023-10-13 06:00:00,192.59,Health,PayPal,Mobile,Mumbai,0,30,337.93,804,No,0,6,13,10,0.5699109282987601,0,2.202739726027397,9.366980325064159
T102624,CUST9708,2023-12-17 13:58:00,37.9,Fashion,NetBanking,POS,Delhi,0,73,189.86,1775,No,0,13,17,12,0.1996207732013062,0,4.863013698630137,12.450934579439252
T102625,CUST7829,2023-11-23 19:59:00,266.11,Health,Debit Card,Desktop,Mumbai,0,123,441.59,178,No,0,19,23,11,0.602617812903372,0,0.4876712328767123,82.67955801104972
T102626,CUST5000,2024-01-05 12:37:00,7.48,Utilities,NetBanking,POS,Pune,0,189,402.25,285,No,0,12,5,1,0.018595400870105656,0,0.7808219178082192,106.13076923076923
T102627,CUST4904,2024-02-04 06:02:00,92.93,Grocery,Credit Card,POS,Chennai,0,82,463.72,1442,No,0,6,4,2,0.2004011041145519,0,3.9506849315068493,16.563364692861096
T102628,CUST7283,2023-02-10 22:15:00,54.47,Electronics,NetBanking,POS,Bengaluru,0,17,164.3,1252,Yes,0,22,10,2,0.3315276932440657,0,3.43013698630137,3.8373531230674085
T102629,CUST5672,2023-05-18 03:54:00,39.24,Electronics,Debit Card,POS,Mumbai,0,181,20.55,1961,No,0,3,18,5,1.9094890510948905,0,5.372602739726028,28.402837489251933
T102630,CUST5075,2023-09-02 08:57:00,80.13,Fashion,PayPal,Mobile,Hyderabad,0,134,407.62,1496,No,0,8,2,9,0.19658014817722388,0,4.098630136986301,26.28156904889844
T102631,CUST8450,2023-10-18 00:58:00,97.35,Electronics,UPI,Desktop,Pune,0,39,119.26,1902,No,0,0,18,10,0.8162837497903739,0,5.210958904109589,6.279223643581827
T102632,CUST7883,2023-01-18 23:06:00,0.35,Grocery,PayPal,Desktop,Hyderabad,0,153,238.91,1239,No,0,23,18,1,0.001464986815118664,0,3.3945205479452056,34.816084788029926
T102633,CUST1686,2023-06-16 09:08:00,14.61,Grocery,Debit Card,Desktop,Pune,1,170,410.49,373,No,0,9,16,6,0.03559161002704085,0,1.021917808219178,84.07859078590786
T102634,CUST2029,2023-03-16 08:54:00,99.87,Grocery,Debit Card,Desktop,Hyderabad,1,170,115.91,706,No,0,8,16,3,0.8616167716331637,0,1.9342465753424658,57.93650793650793
T102635,CUST5511,2023-12-21 18:14:00,87.82,Food,Credit Card,Desktop,Delhi,0,59,162.84,137,No,0,18,21,12,0.5393023827069515,0,0.37534246575342467,42.898406374501995
T102636,CUST7723,2023-02-07 13:42:00,270.62,Grocery,NetBanking,Mobile,Kolkata,0,102,225.15,624,No,0,13,7,2,1.2019542527204086,0,1.7095890410958905,37.644084934277046
T102637,CUST7322,2023-01-31 14:56:00,114.52,Grocery,NetBanking,POS,Delhi,0,38,143.19,1866,No,0,14,31,1,0.7997765207067532,0,5.112328767123287,6.216943074854326
T102638,CUST2300,2023-11-06 02:33:00,240.9,Food,PayPal,POS,Delhi,0,159,236.05,1133,No,1,2,6,11,1.0205464943867824,0,3.1041095890410957,38.741655540720956
T102639,CUST5952,2023-07-17 13:52:00,97.0,Health,UPI,Desktop,Kolkata,0,157,14.7,1306,No,0,13,17,7,6.598639455782314,1,3.578082191780822,34.29383602633153
T102640,CUST2511,2023-07-14 10:20:00,28.31,Utilities,UPI,POS,Pune,0,104,113.97,54,No,0,10,14,7,0.24839870141265244,0,0.14794520547945206,90.59665871121717
T102641,CUST9174,2023-08-04 05:13:00,8.91,Travel,Credit Card,POS,Pune,0,9,417.95,312,No,0,5,4,8,0.02131833951429597,0,0.8547945205479452,4.852289512555392
T102642,CUST6986,2023-11-19 14:51:00,121.8,Electronics,Debit Card,POS,Kolkata,1,1,212.61,1616,No,0,14,19,11,0.5728799209820798,0,4.427397260273972,0.18425037859666837
T102643,CUST2725,2023-10-08 07:44:00,82.66,Grocery,Credit Card,Desktop,Hyderabad,0,102,321.84,916,No,0,7,8,10,0.25683569475515783,0,2.5095890410958903,29.0632318501171
T102644,CUST5315,2023-07-03 00:39:00,3.95,Electronics,NetBanking,Desktop,Mumbai,0,87,123.82,967,No,1,0,3,7,0.0319011468260378,0,2.649315068493151,23.84009009009009
T102645,CUST9708,2023-09-17 02:50:00,35.71,Fashion,Debit Card,Mobile,Pune,0,123,328.44,649,No,0,2,17,9,0.1087260991353063,0,1.7780821917808218,44.27514792899409
T102646,CUST6493,2023-11-07 10:24:00,251.35,Electronics,Credit Card,Desktop,Hyderabad,0,47,499.99,267,No,0,10,7,11,0.5027100542010841,0,0.7315068493150685,27.143987341772153
T102647,CUST5635,2023-08-01 00:34:00,55.52,Entertainment,PayPal,Mobile,Mumbai,0,76,301.69,967,No,0,0,1,8,0.18402996453313006,0,2.649315068493151,20.825825825825824
T102648,CUST6069,2023-03-06 07:20:00,45.35,Health,NetBanking,Desktop,Kolkata,1,10,317.9,345,No,0,7,6,3,0.14265492293173956,0,0.9452054794520548,5.140845070422535
T102649,CUST2540,2023-06-26 03:21:00,48.95,Utilities,UPI,POS,Delhi,0,144,64.64,869,No,0,3,26,6,0.7572710396039605,0,2.3808219178082193,42.59319286871961
T102650,CUST4460,2023-10-05 11:46:00,18.74,Food,Credit Card,Mobile,Pune,0,175,207.66,492,No,0,11,5,10,0.09024366753346816,0,1.347945205479452,74.53325554259042
T102651,CUST3937,2023-12-20 23:30:00,36.8,Electronics,NetBanking,Mobile,Bengaluru,0,43,431.76,1751,No,0,23,20,12,0.08523253659440429,0,4.7972602739726025,7.417296786389414
T102652,CUST5481,2023-05-03 15:13:00,36.94,Electronics,NetBanking,Mobile,Delhi,0,152,418.79,621,No,0,15,3,5,0.08820649967764273,0,1.7013698630136986,56.26774847870183
T102653,CUST8399,2023-04-23 18:19:00,4.3,Electronics,UPI,Desktop,Chennai,0,136,265.98,869,No,0,18,23,4,0.016166629069854874,0,2.3808219178082193,40.22690437601297
T102654,CUST2985,2023-05-25 03:26:00,116.73,Travel,UPI,Mobile,Mumbai,1,75,452.69,1025,No,1,3,25,5,0.25785857871832824,0,2.808219178082192,19.694244604316545
T102655,CUST2293,2024-01-13 00:49:00,43.1,Travel,UPI,Desktop,Bengaluru,0,105,80.04,1661,No,0,0,13,1,0.5384807596201899,0,4.550684931506849,18.91658440276407
T102656,CUST2699,2023-04-05 06:39:00,138.16,Fashion,Credit Card,Mobile,Delhi,0,26,332.51,1435,Yes,0,6,5,4,0.4155063005623891,0,3.9315068493150687,5.272222222222222
T102657,CUST8745,2023-06-15 03:10:00,151.96,Food,UPI,Desktop,Pune,1,7,131.95,1518,No,0,3,15,6,1.1516483516483518,0,4.158904109589041,1.3568773234200744
T102658,CUST5631,2023-10-25 09:03:00,19.06,Electronics,PayPal,Mobile,Bengaluru,0,79,326.33,179,No,0,9,25,10,0.05840713388287929,0,0.4904109589041096,53.00551470588235
T102659,CUST6814,2023-08-25 05:00:00,85.68,Electronics,NetBanking,POS,Hyderabad,0,15,52.83,381,No,0,5,25,8,1.6218057921635436,0,1.0438356164383562,7.339142091152816
T102660,CUST4969,2023-06-30 06:55:00,51.14,Electronics,UPI,POS,Mumbai,1,176,472.37,471,No,0,6,30,6,0.10826259076571332,0,1.2904109589041095,76.8421052631579
T102661,CUST5724,2023-08-31 14:02:00,169.73,Electronics,NetBanking,Mobile,Chennai,0,131,395.3,424,No,0,14,31,8,0.4293700986592461,0,1.1616438356164382,60.602027883396715
T102662,CUST9790,2023-06-18 01:15:00,19.44,Travel,Debit Card,Desktop,Hyderabad,0,144,108.47,1418,No,0,1,18,6,0.17922006084631698,0,3.884931506849315,29.47840717891195
T102663,CUST1571,2023-12-23 11:33:00,90.61,Health,Debit Card,Desktop,Bengaluru,0,89,322.27,35,No,0,11,23,12,0.2811617587736991,0,0.0958904109589041,81.2125
T102664,CUST9586,2023-08-31 04:32:00,74.87,Health,UPI,Desktop,Delhi,0,97,381.98,563,No,0,4,31,8,0.19600502644117493,0,1.5424657534246575,38.15193965517241
T102665,CUST3155,2023-08-05 22:47:00,28.0,Fashion,NetBanking,POS,Mumbai,0,142,112.63,249,No,0,22,5,8,0.24860161591050342,0,0.6821917808219178,84.41368078175896
T102666,CUST4215,2023-05-15 15:43:00,11.75,Entertainment,Debit Card,POS,Pune,0,3,55.73,900,No,0,15,15,5,0.21083796877803698,0,2.4657534246575343,0.8656126482213439
T102667,CUST6813,2023-06-08 22:55:00,84.36,Grocery,UPI,POS,Chennai,0,73,182.37,41,No,0,22,8,6,0.4625760815923671,0,0.11232876712328767,65.62807881773398
T102668,CUST2694,2024-01-02 06:23:00,107.34,Food,NetBanking,Desktop,Delhi,0,198,76.52,824,No,0,6,2,1,1.4027705175117617,0,2.2575342465753425,60.78216989066442
T102669,CUST9505,2023-09-14 21:22:00,30.34,Health,UPI,Desktop,Chennai,0,31,287.2,1438,No,0,21,14,9,0.10564066852367689,0,3.9397260273972603,6.27565169162507
T102670,CUST9889,2023-11-11 12:55:00,82.81,Entertainment,NetBanking,Desktop,Pune,0,119,217.82,733,No,0,12,11,11,0.3801762923514829,0,2.0082191780821916,39.55828779599272
T102671,CUST6347,2023-12-29 15:46:00,40.22,Utilities,Debit Card,Mobile,Kolkata,0,75,236.59,487,No,0,15,29,12,0.16999873198360033,0,1.3342465753424657,32.13028169014085
T102672,CUST4978,2023-06-07 18:31:00,99.92,Utilities,UPI,Mobile,Mumbai,0,17,276.0,254,No,0,18,7,6,0.3620289855072464,0,0.6958904109589041,10.024232633279484
T102673,CUST3207,2023-07-29 05:27:00,17.77,Electronics,Debit Card,Mobile,Bengaluru,0,177,491.21,365,No,1,5,29,7,0.03617597361617231,0,1.0,88.5
T102674,CUST6368,2023-01-12 13:44:00,176.74,Utilities,UPI,POS,Chennai,0,3,398.39,196,No,0,13,12,1,0.44363563342453377,0,0.536986301369863,1.9518716577540107
T102675,CUST2526,2023-01-19 16:13:00,27.11,Health,Credit Card,POS,Mumbai,0,123,318.44,1369,No,0,16,19,1,0.0851337771636729,0,3.750684931506849,25.891003460207614
T102676,CUST9792,2023-04-13 21:52:00,36.68,Fashion,Debit Card,Desktop,Chennai,0,55,188.22,1169,No,0,21,13,4,0.1948783338646265,0,3.202739726027397,13.08670143415906
T102677,CUST7730,2023-04-08 12:14:00,4.79,Grocery,Debit Card,Mobile,Delhi,0,111,23.26,1891,No,0,12,8,4,0.205932932072227,0,5.1808219178082195,17.95877659574468
T102678,CUST2842,2023-09-19 06:51:00,9.46,Health,PayPal,Desktop,Chennai,0,100,67.1,1974,No,0,6,19,9,0.14098360655737707,0,5.4082191780821915,15.604959384352288
T102679,CUST4456,2023-11-11 02:09:00,58.03,Fashion,Debit Card,Mobile,Kolkata,0,40,368.12,527,No,0,2,11,11,0.15763881343040312,0,1.4438356164383561,16.367713004484305
T102680,CUST3042,2023-02-10 21:41:00,24.91,Utilities,NetBanking,Mobile,Delhi,1,122,190.91,177,No,1,21,10,2,0.13048033104604265,0,0.4849315068493151,82.15867158671587
T102681,CUST9237,2023-09-02 20:25:00,144.38,Travel,UPI,Desktop,Delhi,0,194,173.87,65,No,0,20,2,9,0.8303905216541093,0,0.1780821917808219,164.67441860465115
T102682,CUST5535,2023-01-02 22:53:00,1.18,Grocery,Credit Card,Desktop,Mumbai,1,40,445.6,1460,No,0,22,2,1,0.002648114901256732,0,4.0,8.0
T102683,CUST5928,2023-11-10 22:54:00,38.13,Fashion,NetBanking,Mobile,Hyderabad,0,30,247.41,1438,No,0,22,10,11,0.15411664847823453,0,3.9397260273972603,6.073211314475874
T102684,CUST6288,2023-02-26 09:57:00,32.92,Entertainment,NetBanking,Mobile,Pune,0,25,450.79,1810,Yes,1,9,26,2,0.07302735198207591,0,4.958904109589041,4.195402298850574
T102685,CUST2261,2023-05-02 06:18:00,1.56,Health,NetBanking,POS,Chennai,0,7,444.45,1019,No,0,6,2,5,0.003509956125548431,0,2.791780821917808,1.8460982658959537
T102686,CUST8373,2023-08-05 13:59:00,10.62,Travel,NetBanking,Desktop,Bengaluru,0,92,49.29,1464,No,0,13,5,8,0.21545952525867315,0,4.010958904109589,18.359759431383267
T102687,CUST6640,2023-06-03 13:35:00,42.71,Entertainment,Credit Card,Desktop,Delhi,0,105,473.23,337,No,0,13,3,6,0.09025209728884474,0,0.9232876712328767,54.5940170940171
T102688,CUST6543,2023-01-01 18:05:00,54.32,Fashion,PayPal,Desktop,Hyderabad,0,178,47.71,671,No,0,18,1,1,1.1385453783273947,0,1.8383561643835618,62.712355212355206
T102689,CUST9285,2023-08-31 01:45:00,41.44,Fashion,Debit Card,Desktop,Delhi,0,123,482.12,269,No,0,1,31,8,0.0859537044719157,0,0.736986301369863,70.81230283911673
T102690,CUST1518,2023-12-20 01:33:00,60.56,Utilities,NetBanking,Mobile,Hyderabad,0,81,231.78,946,Yes,0,1,20,12,0.26128225040987146,0,2.591780821917808,22.551487414187644
T102691,CUST2152,2023-08-20 06:59:00,72.34,Entertainment,Debit Card,POS,Hyderabad,0,96,382.82,934,No,0,6,20,8,0.1889660937255107,0,2.558904109589041,26.97459584295612
T102692,CUST1642,2023-07-10 02:43:00,0.8,Health,Debit Card,Desktop,Bengaluru,0,1,356.01,1420,No,0,2,10,7,0.0022471278896660208,0,3.8904109589041096,0.20448179271708686
T102693,CUST9611,2023-09-29 07:42:00,49.9,Grocery,NetBanking,Mobile,Hyderabad,0,91,264.06,885,No,0,7,29,9,0.1889722032871317,0,2.4246575342465753,26.572
T102694,CUST6880,2023-10-26 16:42:00,264.83,Travel,PayPal,Mobile,Bengaluru,0,172,313.53,333,No,0,16,26,10,0.8446719612158327,0,0.9123287671232877,89.94269340974212
T102695,CUST6537,2023-07-11 14:06:00,58.56,Utilities,Debit Card,Mobile,Mumbai,0,177,475.46,646,No,0,14,11,7,0.12316493501030581,0,1.7698630136986302,63.90207715133531
T102696,CUST9835,2023-07-13 23:20:00,90.54,Electronics,UPI,Mobile,Delhi,1,7,464.4,1220,No,1,23,13,7,0.19496124031007755,0,3.3424657534246576,1.61198738170347
T102697,CUST9322,2023-10-13 09:56:00,29.9,Food,Debit Card,Mobile,Bengaluru,0,120,330.62,583,No,0,9,13,10,0.09043615026314197,0,1.5972602739726027,46.20253164556962
T102698,CUST1198,2023-07-31 14:26:00,118.97,Grocery,NetBanking,Desktop,Pune,0,131,332.28,795,No,0,14,31,7,0.3580414108583123,0,2.1780821917808217,41.2198275862069
T102699,CUST9996,2023-05-10 15:40:00,118.6,Utilities,Credit Card,Desktop,Kolkata,0,94,131.0,1915,No,0,15,10,5,0.9053435114503816,0,5.2465753424657535,15.048245614035087
T102700,CUST9847,2024-01-31 12:19:00,58.93,Travel,Debit Card,POS,Delhi,0,129,416.03,1354,No,0,12,31,1,0.1416484388145086,0,3.7095890410958905,27.390924956369982
T102701,CUST3034,2024-01-23 11:09:00,298.42,Entertainment,PayPal,Desktop,Kolkata,0,179,319.98,927,No,0,11,23,1,0.9326207887993,0,2.5397260273972604,50.568885448916404
T102702,CUST5131,2023-11-07 13:17:00,10.73,Fashion,UPI,Mobile,Pune,0,98,414.86,1001,No,0,13,7,11,0.02586414694113677,0,2.7424657534246575,26.185944363103953
T102703,CUST7461,2023-11-25 06:50:00,1.37,Entertainment,UPI,POS,Chennai,0,166,332.35,1258,No,0,6,25,11,0.004122160373100647,0,3.4465753424657533,37.33210104744301
T102704,CUST2535,2023-04-18 06:17:00,117.63,Utilities,Credit Card,Mobile,Pune,0,43,156.67,224,No,0,6,18,4,0.7508138124720751,0,0.6136986301369863,26.64685908319185
T102705,CUST8499,2023-08-07 13:30:00,131.67,Travel,Credit Card,Mobile,Mumbai,0,183,102.85,1224,No,0,13,7,8,1.2802139037433156,0,3.3534246575342466,42.035871617369416
T102706,CUST7196,2023-05-23 01:00:00,10.25,Entertainment,Debit Card,Desktop,Chennai,0,185,47.71,1815,No,0,1,23,5,0.21483965625655,0,4.972602739726027,30.974770642201836
T102707,CUST1358,2023-12-15 13:57:00,24.69,Entertainment,NetBanking,Mobile,Chennai,0,53,297.14,1669,No,0,13,15,12,0.08309214511677998,0,4.572602739726028,9.510816125860373
T102708,CUST6178,2023-12-31 17:22:00,1.42,Food,PayPal,Desktop,Hyderabad,0,161,149.19,1928,No,0,17,31,12,0.00951806421341913,0,5.282191780821917,25.627998255560403
T102709,CUST4034,2023-06-01 12:53:00,27.77,Health,UPI,Mobile,Pune,0,190,318.95,1455,No,0,12,1,6,0.08706693839159743,0,3.9863013698630136,38.1043956043956
T102710,CUST4029,2023-07-07 09:47:00,118.67,Utilities,Credit Card,POS,Hyderabad,0,102,38.74,1092,No,0,9,7,7,3.063242127000516,1,2.9917808219178084,25.552505147563487
T102711,CUST4750,2023-03-17 15:13:00,58.38,Food,PayPal,Mobile,Pune,1,139,194.07,1801,No,0,15,17,3,0.30081929200803836,0,4.934246575342466,23.42336103416436
T102712,CUST4333,2023-01-03 01:03:00,34.23,Utilities,NetBanking,Desktop,Chennai,0,180,137.67,675,No,1,1,3,1,0.24863804750490304,0,1.8493150684931507,63.17307692307693
T102713,CUST6553,2023-12-27 13:19:00,37.18,Electronics,UPI,Mobile,Hyderabad,0,1,191.46,281,No,0,13,27,12,0.1941919983286326,0,0.7698630136986301,0.565015479876161
T102714,CUST9869,2023-06-14 14:27:00,0.11,Electronics,UPI,Desktop,Kolkata,0,14,36.6,1735,No,0,14,14,6,0.0030054644808743167,0,4.7534246575342465,2.4333333333333336
T102715,CUST1410,2023-11-29 15:06:00,28.51,Food,NetBanking,Desktop,Delhi,0,122,364.85,1336,No,0,15,29,11,0.07814170206934357,0,3.66027397260274,26.17871840094062
T102716,CUST4585,2023-05-09 15:21:00,83.18,Grocery,UPI,POS,Pune,0,21,67.18,236,No,0,15,9,5,1.2381661208693062,0,0.6465753424657534,12.753743760399335
T102717,CUST2805,2023-09-05 10:05:00,292.57,Grocery,NetBanking,Desktop,Pune,0,34,17.06,529,No,0,10,5,9,17.14947245017585,1,1.4493150684931506,13.881431767337808
T102718,CUST2872,2023-10-01 08:59:00,150.22,Entertainment,UPI,POS,Hyderabad,1,105,473.68,1196,No,1,8,1,10,0.31713393007937846,0,3.276712328767123,24.551569506726455
T102719,CUST7491,2023-12-31 18:15:00,1.91,Entertainment,Debit Card,POS,Pune,0,14,104.51,48,No,0,18,31,12,0.01827576308487226,0,0.13150684931506848,12.372881355932204
T102720,CUST6804,2023-10-04 20:17:00,183.06,Fashion,NetBanking,Mobile,Chennai,0,168,415.75,1755,No,0,20,4,10,0.4403126879134095,0,4.808219178082192,28.92452830188679
T102721,CUST5593,2023-10-21 11:30:00,122.3,Electronics,PayPal,POS,Hyderabad,0,122,482.59,1629,No,0,11,21,10,0.2534242317495182,0,4.463013698630137,22.331995987963893
T102722,CUST5137,2023-11-10 18:42:00,121.27,Utilities,Debit Card,Desktop,Hyderabad,0,163,271.72,1795,No,0,18,10,11,0.44630501987339904,0,4.917808219178082,27.543981481481485
T102723,CUST4919,2023-09-05 21:06:00,49.0,Fashion,PayPal,Desktop,Bengaluru,0,170,267.8,848,No,0,21,5,9,0.18297236743838685,0,2.3232876712328765,51.15416323165705
T102724,CUST9036,2023-05-14 12:24:00,40.6,Electronics,UPI,POS,Kolkata,0,82,190.03,716,No,0,12,14,5,0.2136504762405936,0,1.9616438356164383,27.687326549491214
T102725,CUST4337,2023-11-14 22:31:00,28.87,Food,PayPal,Mobile,Kolkata,0,148,218.54,1878,No,0,22,14,11,0.1321039626612977,0,5.145205479452055,24.08381631743201
T102726,CUST7569,2023-01-12 12:07:00,5.44,Grocery,Debit Card,POS,Bengaluru,0,60,246.22,49,No,0,12,12,1,0.022094062220778168,0,0.13424657534246576,52.89855072463768
T102727,CUST4592,2023-01-18 19:28:00,20.73,Entertainment,NetBanking,POS,Chennai,0,137,84.53,1841,No,0,19,18,1,0.24523837690760678,0,5.043835616438356,22.66772438803264
T102728,CUST6232,2023-05-11 12:04:00,22.65,Grocery,Credit Card,Desktop,Delhi,0,115,188.72,1903,No,0,12,11,5,0.12001907587961,0,5.213698630136986,18.507495590828924
T102729,CUST4048,2024-01-06 05:34:00,52.94,Food,PayPal,Mobile,Pune,0,33,409.89,477,No,0,5,6,1,0.12915660299104637,0,1.3068493150684932,14.30522565320665
T102730,CUST5838,2023-11-10 06:19:00,110.09,Fashion,Credit Card,Mobile,Mumbai,0,49,99.38,1279,No,0,6,10,11,1.1077681626081708,0,3.504109589041096,10.878953771289536
T102731,CUST2922,2023-04-13 19:20:00,51.37,Fashion,PayPal,Mobile,Pune,0,196,367.63,1796,No,0,19,13,4,0.1397328836057993,0,4.920547945205479,33.105043961129105
T102732,CUST7940,2023-06-11 16:21:00,4.77,Travel,PayPal,Mobile,Mumbai,0,4,329.28,1154,No,0,16,11,6,0.014486151603498542,0,3.1616438356164385,0.9611586570111916
T102733,CUST5940,2023-07-03 18:30:00,253.21,Entertainment,NetBanking,Desktop,Kolkata,0,123,38.08,768,No,0,18,3,7,6.649422268907563,1,2.1041095890410957,39.624889673433366
T102734,CUST6829,2023-11-26 13:27:00,228.79,Entertainment,UPI,Mobile,Chennai,0,176,20.99,323,No,0,13,26,11,10.89995235826584,1,0.8849315068493151,93.37209302325581
T102735,CUST5992,2023-03-01 16:35:00,123.04,Utilities,Debit Card,Mobile,Delhi,0,16,182.74,1603,No,0,16,1,3,0.6733063368720587,0,4.391780821917808,2.967479674796748
T102736,CUST1386,2023-08-19 06:29:00,379.81,Entertainment,Debit Card,Mobile,Delhi,0,175,349.16,94,No,0,6,19,8,1.0877821056249284,0,0.25753424657534246,139.16122004357297
T102737,CUST6131,2023-08-10 19:13:00,62.91,Electronics,Debit Card,Desktop,Delhi,0,26,171.9,528,No,0,19,10,8,0.3659685863874345,0,1.4465753424657535,10.62709966405375
T102738,CUST3825,2023-10-08 06:08:00,263.25,Fashion,UPI,Desktop,Bengaluru,0,70,337.19,105,No,0,6,8,10,0.7807171031169371,0,0.2876712328767123,54.36170212765957
T102739,CUST2774,2023-04-11 01:29:00,6.29,Food,Credit Card,Mobile,Chennai,0,37,336.07,930,No,1,1,11,4,0.018716338857976016,0,2.547945205479452,10.428571428571429
T102740,CUST7114,2023-03-12 02:00:00,36.42,Fashion,Debit Card,Desktop,Mumbai,0,150,405.21,1757,No,0,2,12,3,0.08987932183312357,0,4.813698630136987,25.801131008482564
T102741,CUST7491,2023-10-10 04:15:00,20.43,Grocery,Credit Card,POS,Delhi,0,7,58.75,664,No,1,4,10,10,0.3477446808510638,0,1.819178082191781,2.4829931972789114
T102742,CUST9075,2023-04-17 01:34:00,17.44,Electronics,UPI,Mobile,Chennai,0,170,292.79,1178,No,0,1,17,4,0.059564875849585024,0,3.2273972602739724,40.21386908619572
T102743,CUST8323,2023-10-20 21:25:00,12.14,Entertainment,UPI,Desktop,Pune,1,30,40.62,56,Yes,1,21,20,10,0.2988675529295914,0,0.15342465753424658,26.009501187648457
T102744,CUST5392,2023-09-11 01:59:00,77.92,Utilities,NetBanking,Mobile,Mumbai,0,74,96.21,1668,No,0,1,11,9,0.8098950213075564,0,4.5698630136986305,13.285784554845057
T102745,CUST2490,2023-04-19 04:13:00,121.61,Utilities,Debit Card,Mobile,Kolkata,1,121,169.5,1329,No,1,4,19,4,0.7174631268436578,0,3.6410958904109587,26.07142857142857
T102746,CUST4059,2023-09-26 21:42:00,69.08,Utilities,NetBanking,Desktop,Bengaluru,0,6,356.62,1625,No,0,21,26,9,0.19370758790869833,0,4.4520547945205475,1.100502512562814
T102747,CUST6718,2023-12-31 07:45:00,12.72,Health,Debit Card,POS,Hyderabad,0,24,487.2,709,No,0,7,31,12,0.026108374384236455,0,1.9424657534246574,8.156424581005588
T102748,CUST1794,2023-08-31 20:54:00,133.33,Travel,UPI,Mobile,Mumbai,0,194,177.84,112,No,0,20,31,8,0.749718848403059,0,0.30684931506849317,148.44863731656184
T102749,CUST7476,2023-04-02 16:10:00,80.84,Electronics,UPI,POS,Kolkata,0,168,265.36,515,No,0,16,2,4,0.3046427494724148,0,1.4109589041095891,69.68181818181819
T102750,CUST2546,2023-07-30 23:24:00,39.3,Grocery,PayPal,Desktop,Kolkata,0,121,136.94,1516,No,0,23,30,7,0.286987001606543,0,4.153424657534247,23.47953216374269
T102751,CUST8574,2024-01-08 23:31:00,89.7,Entertainment,PayPal,Mobile,Kolkata,0,143,340.99,35,No,0,23,8,1,0.2630575676706062,0,0.0958904109589041,130.4875
T102752,CUST8515,2023-05-31 14:08:00,24.08,Grocery,UPI,Desktop,Pune,0,181,189.63,998,No,0,14,31,5,0.12698412698412698,0,2.734246575342466,48.47028613352898
T102753,CUST9447,2023-02-13 17:01:00,33.87,Grocery,UPI,Desktop,Mumbai,0,85,245.98,1729,No,0,17,13,2,0.13769412147329052,0,4.736986301369863,14.816141356255969
T102754,CUST8316,2023-06-30 21:17:00,199.58,Entertainment,Credit Card,Desktop,Mumbai,0,133,288.23,397,No,0,21,30,6,0.6924331263227284,0,1.0876712328767124,63.707349081364825
T102755,CUST2275,2023-11-01 09:10:00,27.46,Grocery,Credit Card,Desktop,Hyderabad,0,89,346.26,500,No,0,9,1,11,0.07930456882111708,0,1.36986301369863,37.554913294797686
T102756,CUST8679,2023-07-27 12:09:00,50.79,Utilities,NetBanking,Mobile,Delhi,0,36,39.43,1767,No,0,12,27,7,1.288105503423789,0,4.841095890410959,6.163227016885553
T102757,CUST9193,2023-11-05 14:48:00,176.68,Food,PayPal,POS,Pune,0,174,281.9,1502,No,0,14,5,11,0.6267470734302945,0,4.115068493150685,34.01713979646492
T102758,CUST8554,2023-05-27 09:19:00,98.4,Travel,PayPal,POS,Kolkata,1,151,221.27,1960,No,0,9,27,5,0.4447055633389072,0,5.36986301369863,23.70537634408602
T102759,CUST8460,2023-02-20 19:03:00,5.14,Health,UPI,Mobile,Hyderabad,0,88,75.54,718,No,0,19,20,2,0.06804342070426263,0,1.9671232876712328,29.65835641735919
T102760,CUST8352,2024-01-02 22:12:00,12.75,Grocery,UPI,Mobile,Mumbai,0,45,111.94,399,No,0,22,2,1,0.1139003037341433,0,1.093150684931507,21.498691099476442
T102761,CUST5213,2024-02-10 14:16:00,0.63,Grocery,NetBanking,POS,Pune,0,10,443.11,1393,No,0,14,10,2,0.0014217688610051679,0,3.8164383561643835,2.076222980659841
T102762,CUST4498,2024-02-06 22:06:00,79.74,Fashion,PayPal,POS,Bengaluru,0,54,437.17,1721,No,0,22,6,2,0.1824004391884164,0,4.715068493150685,9.448705656759348
T102763,CUST6225,2023-03-16 18:21:00,47.49,Travel,Credit Card,Mobile,Mumbai,0,70,26.33,307,No,0,18,16,3,1.8036460311431828,0,0.8410958904109589,38.020833333333336
T102764,CUST8205,2023-09-14 00:52:00,11.54,Electronics,Debit Card,Desktop,Bengaluru,0,85,347.81,369,No,0,0,14,9,0.033179034530347026,0,1.010958904109589,42.26839237057221
T102765,CUST3789,2023-01-14 14:48:00,253.48,Travel,NetBanking,Mobile,Chennai,0,32,281.55,844,No,0,14,14,1,0.9003019001953471,0,2.3123287671232875,9.660876757650952
T102766,CUST9517,2023-05-29 01:58:00,60.34,Travel,Debit Card,POS,Bengaluru,0,43,470.51,643,No,0,1,29,5,0.12824382053516398,0,1.7616438356164383,15.570436507936506
T102767,CUST4575,2023-11-27 00:34:00,22.15,Entertainment,Credit Card,Desktop,Mumbai,0,118,454.92,1133,No,1,0,27,11,0.04868987953925964,0,3.1041095890410957,28.751668891855807
T102768,CUST1000,2023-10-05 12:14:00,55.55,Entertainment,Credit Card,POS,Hyderabad,0,121,293.99,1759,No,0,12,5,10,0.18895200517024388,0,4.8191780821917805,20.79331450094162
T102769,CUST6955,2023-06-02 19:08:00,91.06,Entertainment,Debit Card,Desktop,Mumbai,0,15,78.09,822,No,0,19,2,6,1.1660904085030093,0,2.252054794520548,4.612468407750632
T102770,CUST9207,2023-12-14 18:07:00,6.34,Health,NetBanking,POS,Mumbai,0,66,235.31,632,No,0,18,14,12,0.02694318133525987,0,1.7315068493150685,24.162487462387162
T102771,CUST7474,2023-01-13 12:19:00,25.69,Utilities,Debit Card,Desktop,Chennai,0,143,365.33,96,No,0,12,13,1,0.070319984671393,0,0.26301369863013696,113.22125813449024
T102772,CUST6810,2023-07-13 05:01:00,131.59,Travel,NetBanking,Mobile,Kolkata,0,115,476.35,244,No,0,5,13,7,0.2762464574367587,0,0.6684931506849315,68.92446633825945
T102773,CUST3108,2023-11-27 17:38:00,49.25,Health,NetBanking,Mobile,Delhi,0,81,188.28,445,No,0,17,27,11,0.26157850010622474,0,1.2191780821917808,36.5
T102774,CUST4411,2023-04-18 20:46:00,63.27,Grocery,UPI,Desktop,Mumbai,0,20,394.49,1198,No,0,20,18,4,0.16038429364495932,0,3.282191780821918,4.670505438259756
T102775,CUST8166,2023-10-16 12:03:00,45.37,Entertainment,PayPal,Desktop,Chennai,0,178,344.84,581,No,0,12,16,10,0.13156826354251247,0,1.5917808219178082,68.67864693446089
T102776,CUST4631,2024-01-11 15:31:00,3.59,Grocery,PayPal,Mobile,Hyderabad,0,6,48.36,1777,No,0,15,11,1,0.07423490488006616,0,4.868493150684931,1.0224089635854343
T102777,CUST3120,2023-10-02 03:36:00,14.5,Entertainment,Credit Card,Mobile,Chennai,0,79,283.41,1339,No,1,3,2,10,0.05116262658339508,0,3.6684931506849314,16.921948356807512
T102778,CUST8174,2023-05-31 10:00:00,47.18,Food,UPI,Desktop,Chennai,0,125,99.92,600,No,0,10,31,5,0.47217774219375497,0,1.643835616438356,47.27979274611399
T102779,CUST9948,2023-06-22 07:06:00,18.78,Health,PayPal,Desktop,Bengaluru,0,145,344.94,569,No,0,7,22,6,0.05444425117411724,0,1.558904109589041,56.66488222698073
T102780,CUST5519,2023-11-21 11:15:00,4.1,Health,NetBanking,Mobile,Delhi,0,120,308.94,1100,No,0,11,21,11,0.013271185343432381,0,3.0136986301369864,29.89761092150171
T102781,CUST4170,2023-10-25 04:08:00,148.45,Utilities,NetBanking,POS,Delhi,0,26,486.79,1290,No,0,4,25,10,0.30495696296144126,0,3.5342465753424657,5.734138972809668
T102782,CUST1020,2023-09-11 02:42:00,317.88,Electronics,Debit Card,Mobile,Pune,0,22,468.34,146,No,0,2,11,9,0.6787376692146732,0,0.4,15.714285714285715
T102783,CUST3519,2023-03-03 00:05:00,126.06,Fashion,Debit Card,Desktop,Kolkata,0,64,14.59,180,No,1,0,3,3,8.640164496230295,1,0.4931506849315068,42.862385321100916
T102784,CUST9399,2023-11-14 16:41:00,153.81,Travel,NetBanking,Desktop,Hyderabad,1,58,49.21,1136,No,0,16,14,11,3.1255842308473887,1,3.1123287671232878,14.103930712858096
T102785,CUST2374,2023-09-14 20:25:00,22.16,Electronics,NetBanking,POS,Pune,0,37,386.88,1110,No,0,20,14,9,0.05727874276261373,0,3.041095890410959,9.15593220338983
T102786,CUST5783,2023-12-29 04:21:00,258.77,Health,Debit Card,Mobile,Kolkata,0,78,345.97,1782,No,1,4,29,12,0.7479550250021677,0,4.882191780821918,13.260363297624592
T102787,CUST8039,2023-12-11 11:28:00,17.54,Electronics,PayPal,Desktop,Kolkata,0,121,402.46,1013,No,0,11,11,12,0.04358197087909357,0,2.7753424657534245,32.05007256894049
T102788,CUST8111,2024-01-23 12:09:00,241.98,Food,Credit Card,Mobile,Chennai,0,28,140.74,1438,No,0,12,23,1,1.7193406281085688,0,3.9397260273972603,5.668330560177482
T102789,CUST5669,2023-10-11 17:49:00,421.03,Fashion,Debit Card,Desktop,Hyderabad,1,49,426.17,1273,No,0,17,11,10,0.9879390853415303,0,3.4876712328767123,10.918803418803419
T102790,CUST4041,2023-01-03 02:52:00,99.51,Utilities,PayPal,POS,Kolkata,0,67,226.79,1338,No,0,2,3,1,0.438775960139336,0,3.665753424657534,14.35995302407516
T102791,CUST3537,2023-03-02 11:59:00,317.67,Health,PayPal,Mobile,Hyderabad,0,103,138.34,1033,No,0,11,2,3,2.296298973543444,1,2.83013698630137,26.891988555078683
T102792,CUST3406,2023-09-30 03:57:00,67.43,Health,PayPal,Mobile,Delhi,0,126,15.2,1807,No,0,3,30,9,4.436184210526316,1,4.950684931506849,21.174033149171272
T102793,CUST7280,2023-06-02 14:31:00,24.04,Travel,UPI,POS,Delhi,0,93,436.97,463,No,0,14,2,6,0.05501521843604824,0,1.2684931506849315,40.9963768115942
T102794,CUST7575,2023-06-02 22:53:00,45.96,Utilities,UPI,Desktop,Delhi,0,195,272.32,349,No,0,22,2,6,0.1687720329024677,0,0.9561643835616438,99.68487394957984
T102795,CUST4733,2023-11-21 11:49:00,72.03,Utilities,PayPal,Desktop,Mumbai,0,169,487.94,1664,No,0,11,21,11,0.14762060909128172,0,4.558904109589041,30.401675702316414
T102796,CUST4283,2023-09-29 14:02:00,6.07,Entertainment,NetBanking,Mobile,Chennai,0,174,360.19,271,Yes,0,14,29,9,0.016852216885532637,0,0.7424657534246575,99.85849056603774
T102797,CUST4604,2023-10-31 10:54:00,77.9,Fashion,UPI,POS,Hyderabad,0,87,49.4,494,No,0,10,31,10,1.576923076923077,0,1.3534246575342466,36.967403958090806
T102798,CUST8577,2023-09-07 17:22:00,317.82,Food,Debit Card,Mobile,Chennai,0,87,298.21,232,No,0,17,7,9,1.0657590288722714,0,0.6356164383561644,53.19095477386934
T102799,CUST2789,2023-03-14 13:59:00,16.87,Grocery,UPI,Mobile,Kolkata,0,55,18.39,578,No,0,13,14,3,0.9173463839042958,0,1.5835616438356164,21.28844114528102
T102800,CUST7458,2023-11-06 13:03:00,125.85,Electronics,NetBanking,Desktop,Hyderabad,0,139,283.31,787,No,0,13,6,11,0.4442130528396456,0,2.1561643835616437,44.040798611111114
T102801,CUST8128,2023-10-23 14:15:00,190.79,Utilities,Credit Card,Desktop,Hyderabad,0,154,181.6,1498,No,0,14,23,10,1.0506057268722466,0,4.104109589041096,30.171765968867415
T102802,CUST5233,2023-09-03 22:16:00,230.17,Travel,UPI,Desktop,Pune,0,13,325.21,1693,No,0,22,3,9,0.7077580640201716,0,4.638356164383562,2.305636540330418
T102803,CUST6903,2023-03-18 00:05:00,257.78,Health,PayPal,Desktop,Hyderabad,0,164,275.37,1188,Yes,1,0,18,3,0.9361223081671931,0,3.254794520547945,38.54475209272376
T102804,CUST5419,2023-10-24 22:12:00,58.96,Grocery,PayPal,Desktop,Hyderabad,0,128,138.06,887,No,0,22,24,10,0.42706069824713894,0,2.43013698630137,37.31629392971246
T102805,CUST4709,2023-06-23 10:04:00,302.86,Food,PayPal,POS,Bengaluru,0,64,89.55,1908,No,0,10,23,6,3.3820212171970967,1,5.227397260273973,10.2771667399912
T102806,CUST8752,2023-05-28 06:36:00,113.28,Fashion,Credit Card,Mobile,Bengaluru,1,51,208.31,1629,No,0,6,28,5,0.5438049061494887,0,4.463013698630137,9.335506519558676
T102807,CUST4743,2023-06-27 00:23:00,14.11,Utilities,NetBanking,POS,Pune,0,76,493.55,815,No,1,0,27,6,0.028588795461452737,0,2.232876712328767,23.508474576271187
T102808,CUST3605,2023-10-05 14:19:00,51.84,Electronics,Debit Card,Mobile,Mumbai,0,22,223.49,570,No,0,14,5,10,0.23195668710009398,0,1.5616438356164384,8.588235294117647
T102809,CUST6803,2023-11-15 19:20:00,101.36,Utilities,NetBanking,Desktop,Delhi,0,60,376.91,516,No,0,19,15,11,0.26892361571727996,0,1.4136986301369863,24.85811577752554
T102810,CUST8415,2023-10-24 21:28:00,22.73,Travel,Credit Card,POS,Kolkata,0,130,37.92,1935,No,0,21,24,10,0.5994198312236286,0,5.301369863013699,20.630434782608695
T102811,CUST9026,2023-05-11 19:19:00,81.87,Utilities,PayPal,Mobile,Kolkata,0,56,195.64,1791,No,0,19,11,5,0.4184727049683092,0,4.906849315068493,9.48051948051948
T102812,CUST7222,2023-08-13 09:42:00,87.87,Utilities,NetBanking,Desktop,Hyderabad,1,168,294.36,601,No,1,9,13,8,0.2985120260905014,0,1.6465753424657534,63.47826086956522
T102813,CUST7677,2023-03-14 00:59:00,14.21,Utilities,Debit Card,Desktop,Chennai,0,156,378.09,1539,No,0,0,14,3,0.03758364410590072,0,4.2164383561643834,29.90546218487395
T102814,CUST2028,2023-01-19 03:56:00,66.61,Health,PayPal,POS,Kolkata,0,97,268.91,1619,No,0,3,19,1,0.24770369268528503,0,4.435616438356164,17.845262096774196
T102815,CUST4329,2023-03-19 05:58:00,118.14,Health,Debit Card,POS,Bengaluru,0,3,262.49,869,No,0,5,19,3,0.45007428854432546,0,2.3808219178082193,0.8873581847649918
T102816,CUST6151,2023-03-18 09:19:00,55.28,Grocery,UPI,POS,Delhi,0,191,384.31,690,No,0,9,18,3,0.14384221071530795,0,1.8904109589041096,66.08056872037915
T102817,CUST4712,2023-11-14 22:15:00,0.97,Grocery,Debit Card,Desktop,Mumbai,0,151,163.51,434,No,0,22,14,11,0.005932358877132897,0,1.189041095890411,68.97997496871089
T102818,CUST5195,2023-03-06 01:01:00,0.73,Electronics,PayPal,Mobile,Delhi,0,55,54.4,1623,No,0,1,6,3,0.013419117647058823,0,4.446575342465754,10.098088531187122
T102819,CUST2128,2023-10-20 04:24:00,35.33,Fashion,UPI,Mobile,Hyderabad,0,160,180.1,1486,No,0,4,20,10,0.19616879511382565,0,4.071232876712329,31.5505132360886
T102820,CUST2613,2023-10-12 16:02:00,208.51,Food,PayPal,POS,Delhi,1,84,87.91,1601,No,0,16,12,10,2.3718575816175633,1,4.3863013698630136,15.595116988809766
T102821,CUST1785,2023-07-19 19:41:00,20.77,Entertainment,PayPal,Mobile,Hyderabad,1,28,483.31,686,No,0,19,19,7,0.042974488423579066,0,1.8794520547945206,9.72407231208373
T102822,CUST4255,2023-10-15 13:59:00,80.49,Fashion,UPI,Desktop,Pune,1,124,292.98,1303,No,1,13,15,10,0.27472865041982386,0,3.56986301369863,27.134292565947245
T102823,CUST3050,2023-08-24 02:50:00,20.09,Fashion,Debit Card,Mobile,Bengaluru,0,8,228.83,1133,No,0,2,24,8,0.08779443254817987,0,3.1041095890410957,1.9492656875834444
T102824,CUST4836,2023-12-07 07:21:00,31.05,Fashion,Credit Card,Desktop,Bengaluru,0,3,456.91,978,No,0,7,7,12,0.06795649033726554,0,2.6794520547945204,0.8153387937453462
T102825,CUST8154,2023-04-08 17:58:00,150.73,Entertainment,Credit Card,POS,Hyderabad,0,94,451.18,44,No,0,17,8,4,0.3340795248016313,0,0.12054794520547946,83.8875305623472
T102826,CUST8442,2023-05-15 21:35:00,104.41,Electronics,Credit Card,Mobile,Chennai,0,89,213.69,1004,No,0,21,15,5,0.4886049885347934,0,2.750684931506849,23.728999269539813
T102827,CUST5015,2023-01-10 11:21:00,8.02,Entertainment,Credit Card,Desktop,Bengaluru,0,181,438.62,1093,No,0,11,10,1,0.01828461994437098,0,2.9945205479452053,45.31207133058985
T102828,CUST6525,2023-07-25 02:49:00,44.79,Electronics,NetBanking,POS,Chennai,0,157,41.37,1134,No,0,2,25,7,1.082668600435098,0,3.106849315068493,38.228819212808546
T102829,CUST1872,2023-06-13 11:17:00,2.37,Entertainment,Credit Card,POS,Hyderabad,0,94,444.0,1563,No,0,11,13,6,0.005337837837837838,0,4.282191780821917,17.79564315352697
T102830,CUST7393,2023-04-05 04:06:00,52.45,Food,UPI,POS,Pune,0,89,162.19,336,No,0,4,5,4,0.32338615204389914,0,0.9205479452054794,46.34094151212553
T102831,CUST6789,2023-07-15 16:44:00,86.88,Utilities,Credit Card,POS,Hyderabad,0,59,286.91,734,Yes,0,16,15,7,0.3028127287302638,0,2.010958904109589,19.5950864422202
T102832,CUST1114,2024-01-19 04:48:00,10.09,Fashion,PayPal,Mobile,Pune,0,152,142.15,426,No,0,4,19,1,0.07098135772071755,0,1.167123287671233,70.13906447534767
T102833,CUST5000,2024-02-01 10:32:00,27.27,Utilities,Credit Card,Desktop,Kolkata,0,166,492.55,707,No,0,10,1,2,0.055364937569789864,0,1.936986301369863,56.5205223880597
T102834,CUST2549,2023-01-30 12:11:00,40.58,Electronics,Debit Card,Mobile,Bengaluru,0,28,45.17,999,No,0,12,30,1,0.8983838831082577,0,2.736986301369863,7.492668621700879
T102835,CUST5185,2023-10-17 00:35:00,201.59,Entertainment,UPI,Desktop,Chennai,0,62,229.01,894,No,0,0,17,10,0.8802672372385486,0,2.4493150684931506,17.974583002382843
T102836,CUST6917,2024-01-07 01:31:00,399.92,Food,UPI,POS,Hyderabad,1,51,314.28,1975,No,1,1,7,1,1.2724958635611558,0,5.410958904109589,7.955128205128205
T102837,CUST6244,2023-05-30 23:41:00,3.68,Entertainment,NetBanking,Mobile,Kolkata,0,7,311.65,1257,No,0,23,30,5,0.011808118081180813,0,3.4438356164383563,1.5752157829839704
T102838,CUST1045,2023-01-12 05:43:00,114.51,Utilities,PayPal,POS,Bengaluru,0,23,371.99,240,No,0,5,12,1,0.30783085566816315,0,0.6575342465753424,13.87603305785124
T102839,CUST1933,2023-10-15 09:01:00,37.18,Health,UPI,Desktop,Kolkata,0,46,364.96,428,No,0,9,15,10,0.10187417799210872,0,1.1726027397260275,21.17276166456494
T102840,CUST1928,2023-06-22 04:10:00,39.87,Food,Debit Card,POS,Pune,0,78,398.64,1426,No,0,4,22,6,0.10001505117399156,0,3.9068493150684933,15.896147403685092
T102841,CUST9842,2023-11-30 09:53:00,112.28,Fashion,Credit Card,Mobile,Hyderabad,0,106,124.8,1442,No,0,9,30,11,0.8996794871794872,0,3.9506849315068493,21.411178749308245
T102842,CUST7206,2023-10-25 19:56:00,200.5,Travel,UPI,Mobile,Kolkata,0,28,191.55,287,No,0,19,25,10,1.0467240929261288,0,0.7863013698630137,15.674846625766872
T102843,CUST3222,2024-01-10 21:53:00,241.16,Fashion,Debit Card,Desktop,Kolkata,0,24,197.2,144,No,0,21,10,1,1.222920892494929,0,0.39452054794520547,17.210216110019648
T102844,CUST4991,2023-01-21 09:27:00,68.85,Travel,Credit Card,Desktop,Pune,0,7,478.36,363,No,0,9,21,1,0.14392925829918887,0,0.9945205479452055,3.5096153846153846
T102845,CUST5976,2023-02-12 12:57:00,35.34,Food,NetBanking,Mobile,Delhi,0,112,210.56,378,No,0,12,12,2,0.16783814589665655,0,1.0356164383561643,55.02018842530283
T102846,CUST3189,2023-11-02 16:06:00,123.92,Health,UPI,Mobile,Pune,0,79,118.72,262,No,0,16,2,11,1.043800539083558,0,0.7178082191780822,45.98883572567783
T102847,CUST1411,2023-06-07 17:31:00,23.12,Utilities,UPI,Mobile,Delhi,0,177,319.85,1562,No,0,17,7,6,0.07228388307018915,0,4.279452054794521,33.52620653866113
T102848,CUST6711,2023-12-11 18:07:00,66.42,Health,Debit Card,Mobile,Bengaluru,0,3,219.36,478,No,0,18,11,12,0.30278993435448576,0,1.3095890410958904,1.2989323843416372
T102849,CUST4522,2024-02-21 13:38:00,35.53,Electronics,PayPal,Desktop,Hyderabad,0,2,132.54,1130,No,0,13,21,2,0.2680700165987627,0,3.095890410958904,0.4882943143812709
T102850,CUST7231,2023-03-25 12:44:00,85.52,Health,NetBanking,Mobile,Kolkata,0,7,360.42,857,No,0,12,25,3,0.23727873037012373,0,2.347945205479452,2.090834697217676
T102851,CUST6598,2023-08-26 22:23:00,22.0,Grocery,PayPal,Desktop,Bengaluru,0,121,104.04,637,No,0,22,26,8,0.21145713187235676,0,1.7452054794520548,44.07684630738523
T102852,CUST5882,2023-10-27 13:59:00,17.02,Food,UPI,Mobile,Mumbai,0,21,320.34,127,No,0,13,27,10,0.053131048261222454,0,0.34794520547945207,15.579268292682926
T102853,CUST2397,2023-02-13 12:26:00,200.32,Utilities,PayPal,Mobile,Pune,0,137,220.96,597,No,0,12,13,2,0.9065894279507603,0,1.6356164383561644,51.980249480249476
T102854,CUST5690,2023-11-13 03:14:00,8.59,Utilities,Credit Card,POS,Bengaluru,0,140,166.39,1683,No,1,3,13,11,0.05162569865977523,0,4.610958904109589,24.951171875
T102855,CUST6624,2023-01-01 19:42:00,56.41,Electronics,NetBanking,POS,Bengaluru,0,24,473.53,491,No,0,19,1,1,0.1191265600912297,0,1.3452054794520547,10.233644859813083
T102856,CUST7894,2023-10-02 17:19:00,19.96,Utilities,PayPal,Mobile,Kolkata,0,33,168.96,529,No,0,17,2,10,0.1181344696969697,0,1.4493150684931506,13.473154362416107
T102857,CUST1270,2024-02-01 20:04:00,3.18,Health,Credit Card,Desktop,Delhi,0,43,180.28,660,No,0,20,1,2,0.017639227867761263,0,1.8082191780821917,15.312195121951218
T102858,CUST9091,2023-05-28 14:16:00,2.93,Food,Debit Card,Mobile,Pune,0,82,436.61,1091,No,0,14,28,5,0.006710794530587939,0,2.989041095890411,20.556318681318682
T102859,CUST6562,2023-10-31 05:26:00,15.41,Fashion,PayPal,POS,Delhi,0,118,73.23,1750,No,0,5,31,10,0.21043288269834767,0,4.794520547945205,20.36406619385343
T102860,CUST5726,2023-12-27 04:39:00,161.25,Health,NetBanking,Mobile,Hyderabad,0,5,62.95,1411,No,0,4,27,12,2.5615567911040507,1,3.8657534246575342,1.0275900900900903
T102861,CUST4135,2023-11-10 00:32:00,26.56,Entertainment,Credit Card,POS,Bengaluru,0,123,148.53,1295,No,1,0,10,11,0.17881909378576719,0,3.547945205479452,27.045180722891565
T102862,CUST8646,2023-03-26 01:05:00,240.4,Travel,PayPal,Mobile,Pune,0,71,299.9,1104,No,0,1,26,3,0.8016005335111704,0,3.0246575342465754,17.641252552756978
T102863,CUST8065,2023-08-25 21:59:00,69.71,Food,Debit Card,Mobile,Bengaluru,0,89,198.31,1478,Yes,0,21,25,8,0.35152034693157175,0,4.049315068493151,17.626153011394464
T102864,CUST1828,2023-12-30 22:01:00,45.9,Utilities,PayPal,Desktop,Hyderabad,0,142,308.19,156,No,0,22,30,12,0.1489340990947143,0,0.4273972602739726,99.48176583493282
T102865,CUST5126,2023-09-16 19:06:00,69.42,Electronics,Credit Card,POS,Chennai,0,116,88.28,1156,No,0,19,16,9,0.7863615768010874,0,3.1671232876712327,27.836949375410914
T102866,CUST3702,2023-08-16 06:20:00,58.17,Fashion,PayPal,POS,Hyderabad,0,164,138.11,506,No,0,6,16,8,0.42118601115053217,0,1.3863013698630138,68.72560275545351
T102867,CUST7569,2023-02-06 07:05:00,113.76,Grocery,NetBanking,POS,Delhi,0,35,286.93,1282,No,0,7,6,2,0.39647300735371,0,3.5123287671232877,7.7565270188221005
T102868,CUST3642,2023-08-04 16:44:00,26.56,Fashion,UPI,Desktop,Delhi,1,108,116.4,752,No,1,16,4,8,0.22817869415807557,0,2.0602739726027397,35.29095792300806
T102869,CUST7530,2023-05-27 08:55:00,34.84,Health,Credit Card,Mobile,Bengaluru,0,178,217.17,465,No,0,8,27,5,0.1604273150066768,0,1.273972602739726,78.27710843373494
T102870,CUST2017,2023-08-24 05:33:00,179.62,Travel,Credit Card,Desktop,Delhi,0,79,290.6,1438,No,1,5,24,8,0.6181004817618719,0,3.9397260273972603,15.992789794786468
T102871,CUST6608,2023-06-08 20:35:00,234.18,Fashion,Credit Card,Mobile,Pune,0,11,487.09,114,No,0,20,8,6,0.4807735736722167,0,0.31232876712328766,8.382045929018789
T102872,CUST8876,2023-02-25 09:03:00,178.46,Grocery,Credit Card,Desktop,Hyderabad,0,152,49.14,1412,No,0,9,25,2,3.631664631664632,1,3.8684931506849316,31.22115925717501
T102873,CUST7832,2023-04-05 00:52:00,43.5,Entertainment,PayPal,Desktop,Bengaluru,0,75,235.6,815,No,1,0,5,4,0.18463497453310695,0,2.232876712328767,23.199152542372882
T102874,CUST9618,2023-10-20 06:32:00,121.26,Electronics,NetBanking,POS,Hyderabad,0,44,204.17,56,No,0,6,20,10,0.5939168340108734,0,0.15342465753424658,38.14726840855107
T102875,CUST3304,2023-09-30 09:05:00,51.75,Food,Debit Card,Desktop,Hyderabad,0,179,413.88,889,No,0,9,30,9,0.1250362423890983,0,2.4356164383561643,52.101275917065394
T102876,CUST7688,2023-06-08 18:20:00,55.06,Travel,NetBanking,Mobile,Bengaluru,0,145,451.15,101,No,0,18,8,6,0.12204366618641252,0,0.27671232876712326,113.57296137339057
T102877,CUST9343,2023-09-11 08:58:00,18.32,Grocery,Credit Card,Desktop,Kolkata,0,125,454.44,1148,No,0,8,11,9,0.0403133526978259,0,3.1452054794520548,30.155320555188368
T102878,CUST2538,2023-12-01 14:51:00,71.55,Utilities,PayPal,Desktop,Chennai,0,198,193.82,617,No,0,14,1,12,0.3691569497471881,0,1.6904109589041096,73.5947046843177
T102879,CUST5709,2023-05-20 12:11:00,16.48,Health,PayPal,Mobile,Kolkata,0,85,159.28,1479,Yes,0,12,20,5,0.10346559517830237,0,4.052054794520548,16.824837310195228
T102880,CUST5743,2023-09-21 01:51:00,32.23,Health,Credit Card,POS,Delhi,0,8,230.08,1059,No,0,1,21,9,0.14008171070931846,0,2.9013698630136986,2.0505617977528092
T102881,CUST5996,2023-01-04 06:30:00,154.5,Health,PayPal,Mobile,Mumbai,0,79,178.55,1143,No,0,6,4,1,0.8653038364603752,0,3.1315068493150684,19.12135278514589
T102882,CUST4623,2023-09-27 11:17:00,18.56,Utilities,Credit Card,Mobile,Kolkata,0,118,362.24,1645,No,0,11,27,9,0.05123674911660777,0,4.506849315068493,21.427860696517413
T102883,CUST8283,2023-10-12 01:52:00,5.91,Utilities,NetBanking,Mobile,Mumbai,0,122,114.65,1275,No,0,1,12,10,0.05154819014391627,0,3.493150684931507,27.152439024390244
T102884,CUST5187,2023-06-14 22:41:00,5.72,Travel,UPI,Desktop,Mumbai,0,74,332.76,1648,No,0,22,14,6,0.017189566053612212,0,4.515068493150685,13.417784401390959
T102885,CUST5265,2023-02-25 15:44:00,226.13,Fashion,PayPal,Desktop,Delhi,0,28,464.22,1647,No,0,15,25,2,0.48711817672655205,0,4.512328767123288,5.079522862823062
T102886,CUST9762,2023-09-11 23:13:00,56.57,Travel,Credit Card,Mobile,Chennai,0,140,147.16,181,Yes,1,23,11,9,0.38441152487088887,0,0.4958904109589041,93.58974358974359
T102887,CUST7822,2023-08-30 13:07:00,42.13,Health,Credit Card,Mobile,Hyderabad,0,171,341.68,1610,No,0,13,30,8,0.1233025052680871,0,4.410958904109589,31.60253164556962
T102888,CUST5915,2023-12-31 17:27:00,133.23,Entertainment,PayPal,POS,Bengaluru,0,120,80.34,1265,No,0,17,31,12,1.6583271097834202,0,3.4657534246575343,26.87116564417178
T102889,CUST8972,2023-11-12 06:17:00,144.55,Grocery,Debit Card,Desktop,Chennai,0,165,69.48,612,Yes,0,6,12,11,2.080454807138745,1,1.6767123287671233,61.64278403275333
T102890,CUST4128,2024-02-12 03:55:00,32.3,Food,Credit Card,Desktop,Mumbai,0,108,66.67,1316,No,0,3,12,2,0.48447577621118937,0,3.6054794520547944,23.45032718619869
T102891,CUST4693,2023-01-31 07:47:00,94.63,Food,PayPal,Desktop,Pune,0,127,77.88,1965,No,0,7,31,1,1.2150744735490497,0,5.383561643835616,19.894849785407725
T102892,CUST5070,2023-04-04 23:43:00,117.97,Travel,Credit Card,Desktop,Delhi,1,63,115.92,1435,No,0,23,4,4,1.0176846100759145,0,3.9315068493150687,12.775
T102893,CUST8585,2024-01-15 00:49:00,85.06,Health,Debit Card,Mobile,Kolkata,1,101,285.79,1623,No,1,0,15,1,0.2976311277511459,0,4.446575342465754,18.543762575452714
T102894,CUST9840,2024-02-15 07:39:00,13.15,Utilities,UPI,Mobile,Delhi,0,93,385.82,86,No,0,7,15,2,0.03408325125706288,0,0.2356164383561644,75.26607538802661
T102895,CUST2305,2023-03-11 00:33:00,166.92,Electronics,Debit Card,POS,Kolkata,0,63,72.16,455,No,0,0,11,3,2.313192904656319,1,1.2465753424657535,28.04268292682927
T102896,CUST6480,2023-08-26 05:56:00,61.96,Entertainment,NetBanking,Desktop,Bengaluru,1,10,436.31,1676,No,1,5,26,8,0.14200912195457358,0,4.5917808219178085,1.7883390494855462
T102897,CUST5464,2023-05-02 08:00:00,26.56,Travel,PayPal,Desktop,Pune,0,80,422.93,171,No,0,8,2,5,0.0627999905421701,0,0.4684931506849315,54.47761194029851
T102898,CUST7103,2024-02-10 04:53:00,44.3,Health,Debit Card,Mobile,Hyderabad,0,37,366.42,597,Yes,1,4,10,2,0.12089951421865618,0,1.6356164383561644,14.038461538461538
T102899,CUST6726,2023-06-20 22:15:00,3.06,Fashion,UPI,POS,Chennai,0,11,218.72,1577,No,0,22,20,6,0.013990490124359913,0,4.32054794520548,2.06745623069001
T102900,CUST8227,2023-10-27 15:42:00,10.95,Food,Credit Card,Mobile,Pune,0,115,10.76,1914,No,0,15,27,10,1.0176579925650557,0,5.243835616438356,18.41816586222027
T102901,CUST6713,2024-02-04 01:27:00,116.04,Food,PayPal,Desktop,Chennai,0,90,370.03,1068,No,1,1,4,2,0.313596194903116,0,2.926027397260274,22.923935799023027
T102902,CUST7140,2023-06-26 05:24:00,0.0,Entertainment,Debit Card,Desktop,Chennai,0,19,440.7,1061,Yes,1,5,26,6,0.0,0,2.9068493150684933,4.863253856942496
T102903,CUST8204,2023-11-20 02:32:00,43.11,Food,UPI,POS,Hyderabad,0,52,174.29,1284,No,0,2,20,11,0.24734637672844112,0,3.5178082191780824,11.510006064281383
T102904,CUST9118,2023-11-09 08:34:00,59.14,Electronics,Debit Card,Mobile,Hyderabad,0,118,361.81,1239,No,0,8,9,11,0.1634559575467787,0,3.3945205479452056,26.85162094763092
T102905,CUST9240,2024-01-11 03:21:00,4.49,Health,NetBanking,Desktop,Kolkata,0,18,40.4,1106,No,0,3,11,1,0.11113861386138615,0,3.03013698630137,4.4663494221617945
T102906,CUST4096,2023-11-24 03:03:00,289.19,Health,PayPal,Desktop,Hyderabad,0,94,357.65,166,No,0,3,24,11,0.8085838109883965,0,0.4547945205479452,64.61393596986817
T102907,CUST1335,2023-02-12 17:02:00,20.51,Entertainment,Credit Card,POS,Bengaluru,0,32,43.47,203,No,0,17,12,2,0.47181964573268925,0,0.5561643835616439,20.56338028169014
T102908,CUST6003,2023-10-24 07:00:00,29.02,Health,UPI,Desktop,Delhi,0,151,297.72,889,No,0,7,24,10,0.09747413677280665,0,2.4356164383561643,43.951355661881976
T102909,CUST3650,2023-12-06 02:16:00,28.99,Utilities,Debit Card,Desktop,Mumbai,0,140,302.8,248,No,0,2,6,12,0.09573976221928665,0,0.6794520547945205,83.36052202283851
T102910,CUST9191,2023-01-19 19:54:00,20.95,Entertainment,PayPal,Mobile,Hyderabad,0,58,158.06,1316,No,0,19,19,1,0.13254460331519674,0,3.6054794520547944,12.593694229625223
T102911,CUST3563,2023-07-28 09:05:00,0.12,Health,Debit Card,POS,Delhi,1,21,48.77,284,No,0,9,28,7,0.0024605290137379534,0,0.7780821917808219,11.810477657935285
T102912,CUST3089,2024-01-17 00:33:00,104.55,Electronics,PayPal,POS,Kolkata,0,149,475.17,841,No,0,0,17,1,0.22002651682555716,0,2.304109589041096,45.09535655058043
T102913,CUST8239,2023-04-02 10:36:00,272.53,Grocery,NetBanking,POS,Hyderabad,0,29,272.43,299,No,0,10,2,4,1.0003670667694453,0,0.8191780821917808,15.941265060240964
T102914,CUST9503,2024-01-10 19:46:00,20.32,Travel,Debit Card,Mobile,Mumbai,0,47,294.08,1640,No,0,19,10,1,0.0690968443960827,0,4.493150684931507,8.556109725685785
T102915,CUST2888,2024-02-09 22:57:00,87.02,Travel,NetBanking,POS,Pune,0,140,311.36,253,No,0,22,9,2,0.279483556012333,0,0.6931506849315069,82.68608414239482
T102916,CUST8751,2023-10-21 05:10:00,108.35,Health,UPI,Desktop,Hyderabad,0,58,446.61,912,No,1,5,21,10,0.2426054051633416,0,2.4986301369863013,16.577916992952233
T102917,CUST7923,2023-01-27 17:36:00,150.93,Fashion,NetBanking,POS,Delhi,0,169,39.53,633,No,0,17,27,1,3.8181128257019985,1,1.7342465753424658,61.80861723446893
T102918,CUST8372,2023-12-20 12:32:00,43.94,Food,PayPal,Desktop,Kolkata,0,19,447.71,1187,No,0,12,20,12,0.09814388778450336,0,3.252054794520548,4.468427835051546
T102919,CUST3480,2023-08-08 08:54:00,28.87,Electronics,UPI,POS,Kolkata,0,140,127.44,1216,No,0,8,8,8,0.22653797865662273,0,3.3315068493150686,32.3213156230234
T102920,CUST1411,2023-05-10 01:20:00,31.48,Fashion,Debit Card,POS,Bengaluru,1,23,48.2,1763,No,1,1,10,5,0.6531120331950208,0,4.83013698630137,3.945018796992481
T102921,CUST7798,2023-03-12 03:00:00,99.76,Utilities,Debit Card,Mobile,Kolkata,1,133,332.06,730,No,1,3,12,3,0.30042763356019997,0,2.0,44.333333333333336
T102922,CUST6605,2023-10-15 17:08:00,135.77,Fashion,PayPal,POS,Pune,1,122,488.72,949,No,0,17,15,10,0.27780733344246195,0,2.6,33.888888888888886
T102923,CUST3840,2023-12-03 15:46:00,16.03,Health,Credit Card,POS,Kolkata,1,154,38.05,102,No,1,15,3,12,0.421287779237845,0,0.27945205479452057,120.36402569593147
T102924,CUST9094,2023-09-26 07:23:00,37.08,Electronics,Credit Card,Mobile,Kolkata,0,117,218.8,927,No,0,7,26,9,0.16946983546617914,0,2.5397260273972604,33.053405572755416
T102925,CUST2095,2023-10-26 17:32:00,185.77,Travel,Debit Card,Desktop,Pune,0,63,269.59,1771,No,0,17,26,10,0.6890834229756297,0,4.852054794520548,10.765449438202248
T102926,CUST9710,2023-06-20 11:05:00,131.48,Food,PayPal,POS,Pune,0,52,133.54,976,No,0,11,20,6,0.9845739104388198,0,2.673972602739726,14.153616703952274
T102927,CUST3701,2023-04-10 18:34:00,335.22,Travel,Credit Card,POS,Mumbai,0,10,491.61,572,No,0,18,10,4,0.6818819796179899,0,1.5671232876712329,3.8954108858057626
T102928,CUST4344,2023-06-18 04:02:00,112.27,Fashion,NetBanking,Desktop,Delhi,0,86,324.07,1947,No,0,4,18,6,0.34643749807140434,0,5.3342465753424655,13.576989619377164
T102929,CUST9540,2023-09-10 23:39:00,39.96,Utilities,Debit Card,Mobile,Chennai,0,167,423.73,660,No,0,23,10,9,0.09430533594505935,0,1.8082191780821917,59.46829268292683
T102930,CUST3021,2023-08-16 12:29:00,71.45,Food,NetBanking,POS,Kolkata,1,151,213.73,824,No,0,12,16,8,0.3343002854068217,0,2.2575342465753425,46.35407905803196
T102931,CUST9237,2024-01-01 02:24:00,86.54,Grocery,PayPal,Mobile,Chennai,0,11,183.44,1537,No,0,2,1,1,0.4717618839947667,0,4.210958904109589,2.1109358569926395
T102932,CUST8876,2023-09-21 17:18:00,6.54,Fashion,NetBanking,Desktop,Chennai,0,95,281.05,907,No,0,17,21,9,0.02326988080412738,0,2.484931506849315,27.260220125786166
T102933,CUST1592,2023-02-08 12:46:00,62.91,Travel,Credit Card,Desktop,Bengaluru,0,72,223.29,1724,No,0,12,8,2,0.28174123337363965,0,4.723287671232876,12.580181905217808
T102934,CUST2497,2023-01-17 16:29:00,98.84,Travel,Credit Card,Mobile,Hyderabad,0,128,360.32,1308,No,0,16,17,1,0.2743117229129663,0,3.5835616438356164,27.92588164973102
T102935,CUST6465,2023-04-16 14:23:00,14.65,Health,UPI,Desktop,Kolkata,0,48,140.25,786,No,0,14,16,4,0.10445632798573976,0,2.1534246575342464,15.221546481320592
T102936,CUST2943,2024-01-03 20:17:00,121.36,Travel,Debit Card,Desktop,Hyderabad,0,92,230.3,647,No,0,20,3,1,0.5269648284845853,0,1.7726027397260273,33.18181818181819
T102937,CUST1343,2023-01-15 00:46:00,70.12,Electronics,PayPal,POS,Hyderabad,0,16,448.62,227,No,1,0,15,1,0.15630154696625206,0,0.6219178082191781,9.864864864864865
T102938,CUST5642,2023-06-11 08:12:00,243.29,Fashion,Debit Card,Mobile,Bengaluru,0,174,380.49,1480,No,0,8,11,6,0.6394123367236983,0,4.054794520547945,34.422764227642276
T102939,CUST1076,2023-06-15 13:42:00,3.47,Entertainment,NetBanking,POS,Chennai,0,175,92.35,522,No,0,13,15,6,0.03757444504602058,0,1.4301369863013698,72.01240135287487
T102940,CUST3999,2023-01-25 20:17:00,24.67,Entertainment,PayPal,Mobile,Pune,0,95,444.56,1685,No,0,20,25,1,0.05549307180133166,0,4.616438356164384,16.914634146341463
T102941,CUST8944,2023-07-28 07:31:00,73.61,Utilities,PayPal,POS,Hyderabad,0,48,298.62,111,No,0,7,28,7,0.24650056928537942,0,0.3041095890410959,36.806722689075634
T102942,CUST6666,2023-11-17 13:14:00,28.14,Food,Credit Card,Desktop,Pune,0,197,342.85,1361,No,0,13,17,11,0.0820767099314569,0,3.728767123287671,41.659907300115876
T102943,CUST7883,2023-09-14 01:08:00,100.26,Travel,NetBanking,Mobile,Pune,0,153,154.19,1835,No,0,1,14,9,0.6502367209287243,0,5.027397260273973,25.384090909090908
T102944,CUST7722,2023-03-05 20:34:00,113.84,Health,Credit Card,Mobile,Bengaluru,0,77,226.36,1752,No,0,20,5,3,0.5029157094893091,0,4.8,13.275862068965518
T102945,CUST9198,2023-03-08 13:29:00,8.65,Health,Credit Card,Mobile,Bengaluru,0,93,405.34,1841,No,0,13,8,3,0.02134010953767208,0,5.043835616438356,15.387579329102449
T102946,CUST4618,2023-02-09 13:11:00,57.7,Travel,UPI,Mobile,Delhi,0,104,172.03,403,No,0,13,9,2,0.33540661512526887,0,1.104109589041096,49.42708333333333
T102947,CUST7938,2024-01-25 00:18:00,56.89,Electronics,Credit Card,Desktop,Kolkata,0,81,90.88,1617,No,0,0,25,1,0.6259903169014085,0,4.4301369863013695,14.916750756811302
T102948,CUST5788,2023-09-13 23:57:00,36.87,Health,Debit Card,Desktop,Hyderabad,0,37,195.37,1512,No,0,23,13,9,0.1887188411731586,0,4.142465753424657,7.194992008524241
T102949,CUST6007,2023-03-30 15:35:00,216.16,Entertainment,PayPal,Desktop,Chennai,0,102,43.92,530,No,0,15,30,3,4.9216757741347905,1,1.452054794520548,41.59776536312849
T102950,CUST1305,2023-08-22 02:04:00,140.59,Food,Credit Card,POS,Mumbai,0,191,361.75,386,No,0,2,22,8,0.38863856254319284,0,1.0575342465753426,92.82956058588547
T102951,CUST8749,2023-05-15 18:50:00,95.58,Fashion,Debit Card,Desktop,Bengaluru,0,29,82.4,1349,No,0,18,15,5,1.1599514563106794,0,3.695890410958904,6.175612602100349
T102952,CUST8475,2023-12-06 13:02:00,100.23,Grocery,NetBanking,POS,Pune,0,58,149.71,609,No,0,13,6,12,0.6694943557544586,0,1.6684931506849314,21.73511293634497
T102953,CUST8161,2023-06-05 11:38:00,49.55,Electronics,PayPal,POS,Delhi,0,94,441.73,329,No,0,11,5,6,0.11217259411857922,0,0.9013698630136986,49.43804034582133
T102954,CUST1120,2023-11-21 20:57:00,203.06,Utilities,NetBanking,Desktop,Mumbai,0,159,274.84,675,No,0,20,21,11,0.7388298646485228,0,1.8493150684931507,55.80288461538462
T102955,CUST3663,2023-03-17 07:22:00,94.89,Utilities,Debit Card,Desktop,Bengaluru,0,86,167.46,1396,No,0,7,17,3,0.5666427803654603,0,3.824657534246575,17.825099375354913
T102956,CUST6238,2023-06-08 08:53:00,104.45,Health,NetBanking,Desktop,Delhi,0,110,278.36,149,No,0,8,8,6,0.3752335105618623,0,0.40821917808219177,78.11284046692607
T102957,CUST4199,2023-07-12 21:33:00,158.26,Fashion,NetBanking,POS,Pune,0,196,116.96,1622,No,0,21,12,7,1.3531121751025992,0,4.443835616438356,36.00402617010569
T102958,CUST7519,2023-08-10 13:37:00,25.62,Grocery,NetBanking,Mobile,Hyderabad,1,41,22.33,215,No,0,13,10,8,1.1473354231974924,0,0.589041095890411,25.801724137931032
T102959,CUST8032,2024-01-06 23:53:00,131.63,Utilities,Credit Card,Desktop,Kolkata,0,178,305.83,613,No,0,23,6,1,0.43040251119903217,0,1.6794520547945206,66.43149284253579
T102960,CUST2479,2023-03-01 18:10:00,17.38,Travel,Credit Card,POS,Kolkata,0,44,359.92,1211,No,0,18,1,3,0.048288508557457206,0,3.317808219178082,10.190355329949238
T102961,CUST6474,2023-08-27 15:15:00,33.89,Travel,Credit Card,POS,Delhi,0,137,441.09,1281,No,0,15,27,8,0.07683239248225986,0,3.5095890410958903,30.37970838396112
T102962,CUST1327,2023-07-30 15:10:00,32.71,Food,PayPal,Desktop,Bengaluru,0,187,388.22,337,No,0,15,30,7,0.08425634949255577,0,0.9232876712328767,97.22934472934473
T102963,CUST9861,2023-09-09 02:38:00,307.27,Grocery,Debit Card,POS,Kolkata,0,90,464.07,263,No,0,2,9,9,0.6621199388023358,0,0.7205479452054795,52.30891719745223
T102964,CUST5930,2023-09-15 04:28:00,155.33,Travel,Credit Card,Desktop,Kolkata,0,155,493.12,1064,No,0,4,15,9,0.3149943218689163,0,2.915068493150685,39.59062281315605
T102965,CUST7030,2023-09-11 16:13:00,96.63,Utilities,NetBanking,POS,Hyderabad,0,109,375.02,204,No,0,16,11,9,0.257666257799584,0,0.5589041095890411,69.92091388400704
T102966,CUST4698,2023-05-20 03:36:00,103.88,Travel,NetBanking,Mobile,Pune,0,59,435.28,802,No,0,3,20,5,0.23865098327513326,0,2.197260273972603,18.453299057412167
T102967,CUST7854,2023-02-22 15:07:00,66.06,Entertainment,NetBanking,POS,Chennai,0,110,340.13,672,No,0,15,22,2,0.19421985711345663,0,1.841095890410959,38.71745419479267
T102968,CUST5904,2023-10-26 21:37:00,235.13,Health,NetBanking,Desktop,Kolkata,0,106,93.76,940,No,0,21,26,10,2.507785836177474,1,2.5753424657534247,29.64750957854406
T102969,CUST5383,2023-03-17 18:34:00,54.86,Utilities,UPI,Mobile,Delhi,0,131,99.03,1951,No,0,18,17,3,0.5539735433706957,0,5.345205479452055,20.64550949913644
T102970,CUST8678,2023-02-25 00:21:00,38.31,Utilities,PayPal,Desktop,Mumbai,0,7,64.03,1055,No,0,0,25,2,0.5983132906450102,0,2.8904109589041096,1.7992957746478873
T102971,CUST1470,2023-01-01 09:06:00,14.24,Utilities,Debit Card,POS,Pune,0,82,472.06,790,No,0,9,1,1,0.03016565690802017,0,2.164383561643836,25.91341991341991
T102972,CUST5837,2024-01-06 12:15:00,123.42,Food,Debit Card,Mobile,Hyderabad,0,16,339.65,1765,No,0,12,6,1,0.36337406153393204,0,4.835616438356165,2.7417840375586855
T102973,CUST9939,2023-03-04 18:10:00,106.07,Fashion,Credit Card,Mobile,Pune,0,49,397.06,211,No,0,18,4,3,0.26713846773787336,0,0.5780821917808219,31.05034722222222
T102974,CUST4387,2023-07-26 04:32:00,38.81,Utilities,UPI,POS,Hyderabad,0,121,172.27,971,No,0,4,26,7,0.2252858884309514,0,2.66027397260274,33.05763473053892
T102975,CUST8911,2023-09-05 20:57:00,2.04,Travel,Debit Card,Mobile,Pune,0,32,235.61,379,No,0,20,5,9,0.008658376130045414,0,1.0383561643835617,15.698924731182796
T102976,CUST1091,2023-02-16 18:35:00,146.11,Entertainment,PayPal,Mobile,Chennai,0,89,29.49,668,No,0,18,16,2,4.954560868090879,1,1.83013698630137,31.447241045498547
T102977,CUST2250,2023-06-26 11:08:00,0.92,Utilities,NetBanking,Mobile,Delhi,0,172,445.61,1435,No,0,11,26,6,0.002064585624200534,0,3.9315068493150687,34.87777777777778
T102978,CUST3972,2023-12-12 16:03:00,97.31,Electronics,Credit Card,Desktop,Mumbai,0,19,427.97,1350,No,0,16,12,12,0.22737575063672685,0,3.6986301369863015,4.043731778425657
T102979,CUST1935,2023-10-19 05:07:00,281.21,Electronics,PayPal,Desktop,Kolkata,0,3,394.56,1250,No,0,5,19,10,0.7127179643146796,0,3.4246575342465753,0.6780185758513931
T102980,CUST9595,2023-08-24 16:03:00,46.05,Fashion,Debit Card,Mobile,Chennai,0,122,38.57,1339,No,0,16,24,8,1.193933108633653,0,3.6684931506849314,26.132629107981224
T102981,CUST6688,2024-01-02 05:33:00,21.43,Grocery,UPI,POS,Delhi,0,60,95.38,1609,No,1,5,2,1,0.22468022646257077,0,4.4082191780821915,11.094224924012158
T102982,CUST2892,2023-07-19 14:54:00,97.63,Food,Credit Card,POS,Mumbai,0,163,173.74,1575,Yes,1,14,19,7,0.5619316219638539,0,4.315068493150685,30.667525773195877
T102983,CUST5021,2023-07-11 10:24:00,135.92,Entertainment,Debit Card,Desktop,Pune,0,29,138.9,254,No,0,10,11,7,0.9785457163426925,0,0.6958904109589041,17.10016155088853
T102984,CUST1953,2023-05-07 05:44:00,63.25,Health,Credit Card,POS,Kolkata,0,75,420.85,1781,No,0,5,7,5,0.1502910775810859,0,4.879452054794521,12.756290773532152
T102985,CUST2791,2023-10-14 21:08:00,272.99,Entertainment,Debit Card,Mobile,Mumbai,1,70,105.47,1776,No,1,21,14,10,2.5883189532568505,1,4.865753424657535,11.933675852405417
T102986,CUST2367,2024-01-03 06:59:00,4.24,Electronics,NetBanking,POS,Bengaluru,0,83,270.74,315,No,0,6,3,1,0.01566078156164586,0,0.863013698630137,44.5514705882353
T102987,CUST9522,2024-02-10 10:03:00,56.22,Electronics,UPI,Desktop,Mumbai,1,101,289.98,1782,No,0,10,10,2,0.19387543968549553,0,4.882191780821918,17.170470423847227
T102988,CUST9288,2023-09-02 08:23:00,101.4,Fashion,NetBanking,Desktop,Delhi,0,173,218.26,1384,No,0,8,2,9,0.4645835242371484,0,3.791780821917808,36.103487707261294
T102989,CUST5683,2023-12-25 16:30:00,158.81,Grocery,Debit Card,Mobile,Chennai,0,155,127.94,1614,No,0,16,25,12,1.241284977333125,0,4.421917808219178,28.58767054067711
T102990,CUST9769,2023-02-26 05:12:00,15.8,Grocery,PayPal,Desktop,Kolkata,0,197,480.54,1216,No,0,5,26,2,0.03287967703000791,0,3.3315068493150686,45.48070841239721
T102991,CUST8591,2023-02-25 22:11:00,128.76,Fashion,NetBanking,Desktop,Chennai,0,90,212.57,222,No,0,22,25,2,0.6057298772169167,0,0.6082191780821918,55.96252129471891
T102992,CUST2905,2023-04-22 08:43:00,64.36,Utilities,PayPal,Desktop,Kolkata,1,163,366.38,1198,No,0,8,22,4,0.17566461051367432,0,3.282191780821918,38.06461932181701
T102993,CUST1904,2023-03-24 21:28:00,40.41,Entertainment,Debit Card,POS,Bengaluru,0,147,100.18,700,No,0,21,24,3,0.4033739269315232,0,1.917808219178082,50.38028169014085
T102994,CUST8348,2023-11-11 02:57:00,11.3,Electronics,UPI,Desktop,Delhi,0,17,413.18,1891,No,0,2,11,11,0.02734885522048502,0,5.1808219178082195,2.7504432624113475
T102995,CUST9618,2023-08-28 18:40:00,160.37,Entertainment,PayPal,POS,Mumbai,0,35,115.79,721,No,0,18,28,8,1.3850073408757233,0,1.9753424657534246,11.763351749539595
T102996,CUST6190,2023-07-04 15:06:00,13.69,Entertainment,Debit Card,Desktop,Bengaluru,0,113,340.9,567,No,0,15,4,7,0.04015840422411265,0,1.5534246575342465,44.25429184549357
T102997,CUST4151,2024-01-06 13:26:00,29.66,Food,PayPal,Desktop,Pune,0,158,258.18,641,No,0,13,6,1,0.11488109071190641,0,1.7561643835616438,57.32604373757455
T102998,CUST2428,2023-11-14 23:54:00,27.4,Electronics,NetBanking,POS,Hyderabad,0,122,81.81,930,No,0,23,14,11,0.33492238112700157,0,2.547945205479452,34.38610038610039
T102999,CUST1393,2024-01-27 06:17:00,164.09,Grocery,Debit Card,POS,Pune,1,48,22.23,1676,No,0,6,27,1,7.381466486729645,1,4.5917808219178085,8.584027437530622
T103000,CUST2200,2023-01-30 10:54:00,89.35,Health,NetBanking,Mobile,Delhi,0,185,466.07,1323,No,0,10,30,1,0.19170939987555516,0,3.6246575342465754,40.00296208530806
T103001,CUST3460,2023-11-06 17:33:00,127.44,Entertainment,Credit Card,Mobile,Bengaluru,0,17,71.59,80,No,0,17,6,11,1.7801368906271824,0,0.2191780821917808,13.9438202247191
T103002,CUST5908,2023-02-02 05:16:00,23.06,Electronics,Debit Card,POS,Chennai,0,101,355.43,1580,No,0,5,2,2,0.06487916045353515,0,4.328767123287672,18.953727506426734
T103003,CUST2371,2023-12-14 08:26:00,78.44,Entertainment,PayPal,Desktop,Bengaluru,0,15,329.82,157,No,0,8,14,12,0.23782669334788673,0,0.4301369863013699,10.488505747126435
T103004,CUST4709,2023-05-04 15:31:00,67.84,Food,Credit Card,Mobile,Hyderabad,0,128,177.44,1705,No,0,15,4,5,0.3823264201983769,0,4.671232876712328,22.570048309178745
T103005,CUST6584,2023-10-12 21:56:00,143.1,Utilities,NetBanking,POS,Delhi,0,112,100.84,1807,Yes,0,21,12,10,1.4190797302657674,0,4.950684931506849,18.82136279926335
T103006,CUST1265,2023-09-29 21:05:00,189.23,Travel,NetBanking,POS,Bengaluru,0,14,97.38,1099,No,0,21,29,9,1.9432121585541178,0,3.010958904109589,3.490437158469945
T103007,CUST1747,2023-01-22 08:20:00,0.98,Electronics,PayPal,Desktop,Kolkata,0,142,296.81,263,No,0,8,22,1,0.0033017755466460026,0,0.7205479452054795,82.53184713375796
T103008,CUST9732,2024-01-01 20:34:00,89.67,Fashion,Credit Card,POS,Pune,0,173,277.99,477,No,0,20,1,1,0.3225655599122271,0,1.3068493150684932,74.9940617577197
T103009,CUST7598,2023-12-10 19:43:00,4.26,Travel,UPI,Mobile,Mumbai,0,97,439.21,613,No,0,19,10,12,0.009699232713280662,0,1.6794520547945206,36.20143149284254
T103010,CUST7430,2023-11-16 23:26:00,63.68,Entertainment,PayPal,Desktop,Pune,0,166,323.6,1496,No,0,23,16,11,0.1967861557478368,0,4.098630136986301,32.557764642665234
T103011,CUST3883,2023-12-04 10:19:00,27.13,Fashion,NetBanking,POS,Delhi,0,191,411.44,532,No,0,10,4,12,0.06593914057942835,0,1.4575342465753425,77.7201783723523
T103012,CUST7050,2023-02-07 01:24:00,29.31,Fashion,Debit Card,POS,Bengaluru,0,119,25.88,636,No,0,1,7,2,1.1325347758887172,0,1.7424657534246575,43.39160839160839
T103013,CUST8306,2024-01-15 17:17:00,34.83,Fashion,Credit Card,Desktop,Pune,0,11,338.79,951,No,0,17,15,1,0.10280704861418577,0,2.6054794520547944,3.0509118541033438
T103014,CUST6042,2023-05-13 20:58:00,77.68,Electronics,UPI,Desktop,Bengaluru,0,48,124.52,314,No,0,20,13,5,0.6238355284291681,0,0.8602739726027397,25.802650957290133
T103015,CUST4638,2023-10-02 21:02:00,32.52,Grocery,Debit Card,Desktop,Pune,0,154,133.89,1185,No,0,21,2,10,0.24288595115393238,0,3.2465753424657535,36.26451612903226
T103016,CUST2532,2023-12-11 08:38:00,105.55,Entertainment,Credit Card,Mobile,Delhi,1,67,363.08,1999,No,0,8,11,12,0.2907072821416768,0,5.476712328767123,10.344754653130288
T103017,CUST6045,2023-07-17 13:03:00,41.47,Travel,PayPal,Mobile,Chennai,0,25,398.78,1529,No,0,13,17,7,0.10399217613721852,0,4.189041095890411,4.817845828933474
T103018,CUST3072,2024-01-18 08:38:00,5.66,Food,PayPal,POS,Pune,0,189,192.15,1846,No,0,8,18,1,0.02945615404631798,0,5.057534246575343,31.20081411126187
T103019,CUST6474,2023-07-05 11:05:00,122.51,Grocery,Credit Card,POS,Mumbai,0,86,397.14,965,No,0,11,5,7,0.3084806365513421,0,2.643835616438356,23.601503759398497
T103020,CUST8136,2023-04-03 18:43:00,26.92,Entertainment,UPI,Desktop,Pune,0,110,227.43,573,No,0,18,3,4,0.11836609066525965,0,1.5698630136986302,42.80383795309168
T103021,CUST4737,2023-02-18 11:15:00,45.36,Utilities,Credit Card,POS,Delhi,0,154,430.25,385,No,0,11,18,2,0.10542707728065079,0,1.0547945205479452,74.94666666666666
T103022,CUST1943,2024-02-14 14:08:00,92.53,Utilities,Debit Card,POS,Pune,1,162,22.2,1090,No,1,14,14,2,4.168018018018018,1,2.9863013698630136,40.63917525773196
T103023,CUST1377,2023-01-23 07:27:00,32.33,Electronics,Debit Card,Desktop,Mumbai,0,90,50.91,1691,No,0,7,23,1,0.6350422313887252,0,4.632876712328767,15.97762645914397
T103024,CUST7480,2023-12-17 06:14:00,4.66,Fashion,PayPal,Mobile,Kolkata,1,9,390.41,167,No,0,6,17,12,0.011936169667785148,0,0.4575342465753425,6.174812030075188
T103025,CUST8059,2023-09-28 19:33:00,37.46,Food,Credit Card,Mobile,Mumbai,0,40,315.8,1475,No,0,19,28,9,0.11861937935402153,0,4.041095890410959,7.934782608695652
T103026,CUST9485,2023-07-13 05:25:00,231.24,Entertainment,PayPal,Mobile,Delhi,0,7,283.92,1498,No,1,5,13,7,0.8144547759932376,0,4.104109589041096,1.3714439076757916
T103027,CUST2177,2023-04-23 13:23:00,82.12,Travel,UPI,POS,Bengaluru,0,158,310.85,641,Yes,1,13,23,4,0.2641788644040534,0,1.7561643835616438,57.32604373757455
T103028,CUST2619,2023-06-20 20:53:00,89.05,Entertainment,Debit Card,Desktop,Pune,0,118,465.79,1295,No,0,20,20,6,0.19118057493720345,0,3.547945205479452,25.945783132530117
T103029,CUST1867,2023-09-14 15:00:00,80.04,Grocery,NetBanking,Mobile,Chennai,0,194,331.21,1298,No,0,15,14,9,0.24165937018809822,0,3.5561643835616437,42.57967528562838
T103030,CUST9615,2023-11-23 09:55:00,17.75,Utilities,NetBanking,POS,Mumbai,0,158,327.26,1592,No,0,9,23,11,0.05423822037523682,0,4.361643835616438,29.46857434849259
T103031,CUST5222,2023-07-28 12:47:00,43.35,Health,Credit Card,Desktop,Kolkata,0,196,382.14,1262,No,0,12,28,7,0.11344010048673261,0,3.4575342465753423,43.97049784880148
T103032,CUST6122,2023-11-15 03:28:00,111.2,Grocery,Credit Card,Mobile,Mumbai,0,58,434.64,1956,No,0,3,15,11,0.25584391680471197,0,5.358904109589041,9.121068504954762
T103033,CUST3753,2023-06-25 12:36:00,8.55,Entertainment,NetBanking,Mobile,Pune,0,55,138.34,486,No,0,12,25,6,0.0618042503975712,0,1.3315068493150686,23.589894242068155
T103034,CUST1596,2024-02-12 15:28:00,26.04,Food,Credit Card,Desktop,Bengaluru,0,14,312.21,128,No,0,15,12,2,0.08340540021139618,0,0.3506849315068493,10.365111561866126
T103035,CUST7786,2023-01-03 12:59:00,25.87,Entertainment,Debit Card,POS,Pune,0,118,296.15,1555,No,0,12,3,1,0.08735438122573022,0,4.260273972602739,22.432291666666668
T103036,CUST8075,2023-03-02 15:40:00,45.25,Entertainment,UPI,POS,Kolkata,0,77,76.08,1190,No,0,15,2,3,0.5947686645636172,0,3.26027397260274,18.07395498392283
T103037,CUST6024,2023-05-07 20:37:00,314.45,Electronics,UPI,Mobile,Kolkata,1,165,264.96,1240,No,0,20,7,5,1.1867829106280194,0,3.3972602739726026,37.52336448598131
T103038,CUST9579,2023-10-28 14:19:00,5.59,Travel,PayPal,Desktop,Delhi,0,124,44.08,65,No,0,14,28,10,0.12681488203266789,0,0.1780821917808219,105.25581395348837
T103039,CUST9741,2023-11-02 16:49:00,58.5,Food,Debit Card,POS,Chennai,1,172,100.63,659,No,0,16,2,11,0.5813375732882838,0,1.8054794520547945,61.30859375
T103040,CUST9239,2023-06-14 13:36:00,15.81,Entertainment,Credit Card,Desktop,Pune,0,134,457.35,699,No,0,13,14,6,0.0345687110528042,0,1.915068493150685,45.96804511278196
T103041,CUST1937,2023-01-25 09:35:00,282.35,Fashion,Credit Card,Desktop,Mumbai,0,26,68.43,1532,No,0,9,25,1,4.12611427736373,1,4.197260273972603,5.002635740643121
T103042,CUST6555,2023-08-03 10:30:00,9.62,Travel,PayPal,Mobile,Mumbai,0,128,293.67,816,No,0,10,3,8,0.03275785745905267,0,2.2356164383561645,39.55969517358171
T103043,CUST1638,2023-06-02 06:55:00,41.35,Grocery,PayPal,Desktop,Delhi,0,118,168.51,710,No,0,6,2,6,0.24538603050264082,0,1.9452054794520548,40.06511627906977
T103044,CUST5174,2023-08-03 08:58:00,107.12,Food,Credit Card,Desktop,Bengaluru,0,142,282.1,84,No,0,8,3,8,0.3797235023041475,0,0.23013698630136986,115.43429844097996
T103045,CUST9117,2023-11-05 01:05:00,97.54,Grocery,Credit Card,Desktop,Pune,0,136,125.14,1524,No,0,1,5,11,0.7794470193383412,0,4.175342465753425,26.278454208575965
T103046,CUST4407,2023-06-22 10:47:00,43.96,Utilities,Debit Card,POS,Hyderabad,0,24,227.75,1137,No,0,10,22,6,0.19301866081229418,0,3.115068493150685,5.832223701731024
T103047,CUST2416,2023-03-24 07:55:00,34.04,Entertainment,PayPal,Mobile,Bengaluru,0,167,434.99,1059,No,0,7,24,3,0.07825467252120738,0,2.9013698630136986,42.80547752808989
T103048,CUST7206,2023-12-09 07:15:00,40.55,Grocery,Debit Card,Mobile,Mumbai,0,177,194.35,920,No,0,7,9,12,0.20864419861075378,0,2.5205479452054793,50.27626459143969
T103049,CUST6367,2023-05-17 17:28:00,24.55,Grocery,Credit Card,Desktop,Kolkata,0,85,182.99,1416,No,0,17,17,5,0.13416033663041696,0,3.8794520547945206,17.419988770353733
T103050,CUST5066,2023-01-13 08:04:00,18.39,Electronics,NetBanking,Desktop,Pune,0,63,228.6,1909,No,0,8,13,1,0.08044619422572179,0,5.23013698630137,10.112137203166226
T103051,CUST5617,2023-10-08 01:11:00,52.78,Grocery,NetBanking,POS,Kolkata,0,26,59.24,1036,No,0,1,8,10,0.8909520594193112,0,2.8383561643835615,6.773733047822984
T103052,CUST2978,2023-12-18 09:36:00,25.02,Fashion,Credit Card,Mobile,Mumbai,0,10,199.8,797,No,0,9,18,12,0.12522522522522522,0,2.1835616438356165,3.1411359724612735
T103053,CUST9336,2023-09-02 02:38:00,27.11,Fashion,PayPal,POS,Chennai,0,106,13.38,947,No,0,2,2,9,2.0261584454409567,1,2.5945205479452054,29.489329268292686
T103054,CUST3310,2023-04-01 00:32:00,85.55,Travel,NetBanking,Mobile,Bengaluru,0,117,256.66,1763,No,0,0,1,4,0.3333203459830125,0,4.83013698630137,20.06813909774436
T103055,CUST3697,2023-06-27 06:53:00,276.72,Entertainment,PayPal,POS,Hyderabad,0,58,425.49,693,No,0,6,27,6,0.6503560600719172,0,1.8986301369863015,20.009451795841212
T103056,CUST1372,2023-06-30 21:16:00,74.03,Health,NetBanking,Desktop,Chennai,0,14,280.52,859,No,0,21,30,6,0.2639027520319407,0,2.3534246575342466,4.17483660130719
T103057,CUST8210,2023-11-16 15:34:00,6.41,Utilities,PayPal,POS,Hyderabad,0,73,307.79,199,No,0,15,16,11,0.02082588778062965,0,0.5452054794520548,47.24290780141845
T103058,CUST3438,2023-03-02 05:37:00,6.29,Grocery,NetBanking,Desktop,Chennai,0,199,24.98,1813,No,1,5,2,3,0.25180144115292236,0,4.967123287671233,33.3494031221304
T103059,CUST7706,2023-12-01 02:53:00,241.97,Grocery,PayPal,Mobile,Bengaluru,0,39,431.16,278,No,0,2,1,12,0.5612069765284349,0,0.7616438356164383,22.13841368584759
T103060,CUST9284,2023-09-20 02:14:00,28.22,Food,Debit Card,Mobile,Mumbai,1,122,198.65,691,No,1,2,20,9,0.14205889755852,0,1.893150684931507,42.1685606060606
T103061,CUST1281,2023-03-25 13:52:00,7.73,Electronics,PayPal,Desktop,Hyderabad,0,159,487.68,239,No,0,13,25,3,0.015850557742782153,0,0.6547945205479452,96.08443708609272
T103062,CUST1170,2023-02-01 09:24:00,73.11,Health,Debit Card,Mobile,Bengaluru,0,178,69.03,941,No,0,9,1,2,1.0591047370708386,0,2.578082191780822,49.74732006125574
T103063,CUST6900,2023-01-19 15:30:00,78.18,Travel,Debit Card,POS,Hyderabad,0,144,472.89,769,No,0,15,19,1,0.16532385967138238,0,2.106849315068493,46.34920634920635
T103064,CUST3784,2023-06-16 08:26:00,83.64,Utilities,Credit Card,Desktop,Bengaluru,0,72,320.8,1297,No,0,8,16,6,0.2607231920199501,0,3.5534246575342467,15.812274368231044
T103065,CUST7168,2024-02-14 12:31:00,24.89,Health,Debit Card,Mobile,Chennai,0,112,35.65,170,No,0,12,14,2,0.6981767180925667,0,0.4657534246575342,76.41121495327103
T103066,CUST2525,2023-01-10 09:53:00,1.22,Grocery,UPI,POS,Bengaluru,0,51,486.13,661,No,0,9,10,1,0.002509616769176969,0,1.810958904109589,18.143274853801167
T103067,CUST6340,2023-10-02 22:20:00,268.23,Food,Debit Card,POS,Chennai,0,143,16.8,834,No,0,22,2,10,15.966071428571428,1,2.2849315068493152,43.532110091743114
T103068,CUST4005,2023-11-22 03:21:00,23.11,Entertainment,PayPal,Mobile,Mumbai,0,89,368.04,209,No,0,3,22,11,0.06279208781654168,0,0.5726027397260274,56.59407665505226
T103069,CUST7718,2023-10-12 05:12:00,90.17,Electronics,Debit Card,Mobile,Chennai,1,38,445.87,949,No,1,5,12,10,0.20223383497431988,0,2.6,10.555555555555555
T103070,CUST9689,2023-07-25 19:47:00,98.11,Entertainment,PayPal,POS,Delhi,0,105,96.15,666,No,0,19,25,7,1.0203848153926156,0,1.8246575342465754,37.17264791464598
T103071,CUST5531,2023-09-14 15:14:00,75.33,Travel,PayPal,Desktop,Mumbai,0,79,178.25,783,No,0,15,14,9,0.4226086956521739,0,2.1452054794520548,25.11759581881533
T103072,CUST6581,2023-06-23 21:22:00,30.02,Health,UPI,Mobile,Kolkata,0,89,285.0,1777,No,0,21,23,6,0.10533333333333333,0,4.868493150684931,15.165732959850608
T103073,CUST1855,2023-05-20 19:08:00,25.3,Travel,Debit Card,Mobile,Kolkata,1,71,343.11,1016,No,0,19,20,5,0.07373728541867039,0,2.7835616438356166,18.765387400434467
T103074,CUST3260,2023-06-29 13:56:00,72.84,Grocery,Debit Card,Desktop,Kolkata,0,90,437.22,1070,No,0,13,29,6,0.1665980513242761,0,2.9315068493150687,22.89198606271777
T103075,CUST4521,2023-12-09 23:54:00,160.85,Travel,NetBanking,Desktop,Pune,0,72,382.92,1069,No,0,23,9,12,0.42006163167241195,0,2.9287671232876713,18.326359832635983
T103076,CUST2123,2023-03-31 04:48:00,234.6,Entertainment,NetBanking,Mobile,Pune,0,149,188.03,414,No,0,4,31,3,1.2476732436313354,0,1.1342465753424658,69.81386392811297
T103077,CUST2952,2023-07-07 05:37:00,8.96,Food,Credit Card,Desktop,Bengaluru,0,16,412.64,1394,No,0,5,7,7,0.021713842574641335,0,3.819178082191781,3.3200682205798744
T103078,CUST4053,2023-02-22 21:25:00,13.46,Travel,PayPal,POS,Bengaluru,0,111,483.38,922,No,0,21,22,2,0.027845587322603338,0,2.526027397260274,31.48018648018648
T103079,CUST6276,2023-12-25 12:39:00,231.65,Fashion,UPI,POS,Delhi,0,67,121.22,1016,No,0,12,25,12,1.9109882857614255,0,2.7835616438356166,17.708182476466327
T103080,CUST2256,2023-06-14 21:51:00,106.71,Food,NetBanking,POS,Bengaluru,0,65,46.31,798,No,0,21,14,6,2.304253940833513,1,2.186301369863014,20.399828030954428
T103081,CUST7428,2023-01-28 13:07:00,171.64,Health,Debit Card,Mobile,Mumbai,0,13,219.04,1851,No,0,13,28,1,0.7836011687363038,0,5.071232876712329,2.141245487364621
T103082,CUST1609,2023-12-25 11:42:00,18.12,Electronics,Credit Card,Desktop,Mumbai,0,118,441.88,821,No,0,11,25,12,0.041006608128903776,0,2.249315068493151,36.31534569983136
T103083,CUST5047,2023-07-16 14:49:00,70.86,Electronics,UPI,POS,Kolkata,0,192,83.64,75,No,0,14,16,7,0.8472022955523673,0,0.2054794520547945,159.27272727272728
T103084,CUST7042,2023-08-22 04:04:00,96.62,Grocery,Debit Card,Desktop,Chennai,0,61,444.04,533,No,0,4,22,8,0.2175930096387713,0,1.4602739726027398,24.79398663697105
T103085,CUST7919,2023-01-21 00:30:00,91.18,Grocery,Debit Card,POS,Hyderabad,0,32,496.18,1823,No,0,0,21,1,0.18376395662864284,0,4.994520547945205,5.338208409506398
T103086,CUST5519,2023-08-04 04:44:00,41.96,Fashion,PayPal,Desktop,Bengaluru,0,140,36.46,1196,No,0,4,4,8,1.1508502468458586,0,3.276712328767123,32.73542600896861
T103087,CUST4445,2023-12-02 03:42:00,1.24,Health,PayPal,POS,Delhi,0,95,252.68,1338,No,0,3,2,12,0.0049073927497229695,0,3.665753424657534,20.361127422196123
T103088,CUST3442,2023-11-01 06:51:00,69.96,Entertainment,NetBanking,POS,Kolkata,0,41,171.15,1408,No,0,6,1,11,0.4087642418930762,0,3.8575342465753426,8.440496333897348
T103089,CUST9905,2023-05-17 22:17:00,23.35,Electronics,NetBanking,POS,Pune,0,194,202.9,859,No,0,22,17,5,0.11508132084770824,0,2.3534246575342466,57.85130718954248
T103090,CUST4342,2023-04-12 07:28:00,47.86,Electronics,Debit Card,POS,Mumbai,1,136,231.3,554,No,0,7,12,4,0.2069174232598357,0,1.5178082191780822,54.01523394994559
T103091,CUST2082,2023-11-10 10:01:00,252.81,Electronics,Debit Card,POS,Mumbai,0,187,372.45,1008,No,0,10,10,11,0.6787756745871929,0,2.7616438356164386,49.71230881281864
T103092,CUST9668,2023-06-07 19:37:00,40.74,Entertainment,NetBanking,POS,Mumbai,0,25,299.74,1886,No,0,19,7,6,0.1359177954226997,0,5.167123287671233,4.053753887161262
T103093,CUST6224,2023-09-22 17:41:00,146.51,Electronics,NetBanking,POS,Hyderabad,0,133,480.99,586,No,0,17,22,9,0.30460092725420485,0,1.6054794520547946,51.046267087276554
T103094,CUST9671,2023-11-05 18:07:00,16.71,Travel,Debit Card,POS,Hyderabad,0,45,173.05,76,No,0,18,5,11,0.09656168737359144,0,0.20821917808219179,37.244897959183675
T103095,CUST6662,2023-07-10 10:02:00,89.29,Health,UPI,POS,Bengaluru,0,130,275.34,557,No,0,10,10,7,0.3242899687658895,0,1.526027397260274,51.46420824295011
T103096,CUST6375,2023-11-09 23:42:00,301.81,Food,Debit Card,Desktop,Pune,0,170,408.53,1947,No,0,23,9,11,0.7387707145130101,0,5.3342465753424655,26.83823529411765
T103097,CUST6746,2023-07-02 07:03:00,8.6,Food,UPI,Desktop,Delhi,0,166,192.78,136,No,0,7,2,7,0.04461043676729951,0,0.3726027397260274,120.938123752495
T103098,CUST8763,2023-04-24 10:42:00,0.67,Fashion,UPI,Mobile,Hyderabad,0,3,238.0,1056,No,0,10,24,4,0.0028151260504201683,0,2.893150684931507,0.7705840957072484
T103099,CUST1680,2023-10-03 20:54:00,45.47,Travel,Debit Card,POS,Chennai,0,174,345.64,645,No,0,20,3,10,0.13155306098831154,0,1.7671232876712328,62.881188118811885
T103100,CUST8885,2023-07-08 08:18:00,7.78,Electronics,Credit Card,Desktop,Hyderabad,0,150,431.76,995,No,0,8,8,7,0.01801926996479526,0,2.7260273972602738,40.25735294117647
T103101,CUST4246,2023-09-01 05:20:00,110.39,Electronics,NetBanking,Desktop,Mumbai,0,104,213.68,1148,No,0,5,1,9,0.5166136278547361,0,3.1452054794520548,25.089226701916722
T103102,CUST3404,2023-03-23 08:59:00,196.78,Grocery,PayPal,Desktop,Delhi,0,33,270.66,1186,No,0,8,23,3,0.7270376117638365,0,3.249315068493151,7.76595744680851
T103103,CUST1782,2023-02-19 11:19:00,45.54,Grocery,Debit Card,Desktop,Bengaluru,0,32,487.81,1975,No,0,11,19,2,0.0933560197617925,0,5.410958904109589,4.9914529914529915
T103104,CUST8498,2023-10-26 04:08:00,23.95,Fashion,UPI,Desktop,Hyderabad,0,111,30.81,889,Yes,0,4,26,10,0.777345017851347,0,2.4356164383561643,32.30861244019139
T103105,CUST5824,2023-12-01 03:04:00,45.59,Electronics,Debit Card,Desktop,Mumbai,0,17,229.63,1836,No,0,3,1,12,0.19853677655358623,0,5.03013698630137,2.8191731031349385
T103106,CUST6955,2024-01-06 19:34:00,102.83,Fashion,NetBanking,Mobile,Kolkata,0,120,321.63,230,Yes,0,19,6,1,0.31971520069645243,0,0.6301369863013698,73.61344537815127
T103107,CUST9986,2023-12-16 19:05:00,0.73,Travel,UPI,Desktop,Chennai,0,82,14.13,283,No,0,19,16,12,0.05166312809624911,0,0.7753424657534247,46.18827160493827
T103108,CUST2653,2023-06-02 05:08:00,71.22,Food,PayPal,Mobile,Chennai,0,184,302.43,212,No,0,5,2,6,0.23549251066362464,0,0.5808219178082191,116.39514731369152
T103109,CUST5647,2023-09-29 07:53:00,76.01,Electronics,PayPal,Mobile,Kolkata,0,3,37.54,1203,No,0,7,29,9,2.02477357485349,1,3.2958904109589042,0.6983418367346939
T103110,CUST7517,2023-07-14 14:45:00,81.22,Health,PayPal,POS,Bengaluru,0,70,430.2,1602,Yes,0,14,14,7,0.18879590887959088,0,4.389041095890411,12.98932384341637
T103111,CUST7285,2023-08-30 18:29:00,22.17,Entertainment,Credit Card,POS,Bengaluru,0,177,405.47,1010,No,0,18,30,8,0.05467728808543172,0,2.767123287671233,46.985454545454544
T103112,CUST3715,2023-02-19 06:58:00,100.16,Travel,UPI,POS,Hyderabad,0,183,25.81,519,No,0,6,19,2,3.880666408368849,1,1.4219178082191781,75.55995475113122
T103113,CUST8058,2024-02-18 21:26:00,7.67,Electronics,UPI,Desktop,Bengaluru,0,118,33.91,534,No,0,21,18,2,0.2261869654969036,0,1.463013698630137,47.90878754171302
T103114,CUST4555,2023-05-15 07:01:00,17.78,Entertainment,Credit Card,POS,Pune,1,31,379.27,442,No,0,7,15,5,0.0468795317320115,0,1.210958904109589,14.02106567534077
T103115,CUST9899,2024-01-23 19:42:00,167.95,Health,UPI,Desktop,Pune,0,149,191.08,1975,No,0,19,23,1,0.8789512246179609,0,5.410958904109589,23.24145299145299
T103116,CUST5571,2023-04-28 17:41:00,107.37,Grocery,Credit Card,Desktop,Mumbai,0,16,291.76,1891,No,0,17,28,4,0.36800795174115714,0,5.1808219178082195,2.588652482269503
T103117,CUST7391,2023-08-20 04:01:00,1.11,Fashion,Debit Card,POS,Mumbai,0,17,142.46,1561,No,1,4,20,8,0.007791660817071459,0,4.276712328767124,3.2217030114226373
T103118,CUST5141,2023-03-06 15:17:00,22.84,Grocery,NetBanking,POS,Mumbai,0,96,94.75,1704,No,0,15,6,3,0.24105540897097624,0,4.668493150684932,16.9357177380377
T103119,CUST6521,2023-04-09 13:29:00,19.31,Food,PayPal,Mobile,Pune,0,129,155.08,1665,No,0,13,9,4,0.12451637864328087,0,4.561643835616438,23.194581280788178
T103120,CUST7173,2024-01-06 11:20:00,25.27,Grocery,Credit Card,Mobile,Hyderabad,1,112,130.89,433,Yes,0,11,6,1,0.19306287722515092,0,1.1863013698630136,51.2280701754386
T103121,CUST4873,2023-01-24 12:48:00,22.75,Electronics,Credit Card,Desktop,Hyderabad,0,102,229.67,265,No,0,12,24,1,0.09905516610789394,0,0.726027397260274,59.095238095238095
T103122,CUST8440,2023-10-31 10:08:00,5.17,Health,Credit Card,Desktop,Bengaluru,0,72,375.87,1649,No,0,10,31,10,0.013754755633596722,0,4.517808219178082,13.04865938430983
T103123,CUST7285,2023-11-23 07:01:00,49.14,Grocery,Debit Card,POS,Hyderabad,1,193,281.52,888,No,0,7,23,11,0.1745524296675192,0,2.4328767123287673,56.22106943335993
T103124,CUST1669,2023-12-29 18:21:00,105.56,Electronics,Credit Card,POS,Mumbai,0,66,308.5,995,No,0,18,29,12,0.3421717990275527,0,2.7260273972602738,17.71323529411765
T103125,CUST3287,2023-08-05 12:09:00,74.66,Food,NetBanking,Mobile,Delhi,0,111,240.34,1598,No,0,12,5,8,0.31064325538820003,0,4.3780821917808215,20.639327559857364
T103126,CUST6012,2023-02-07 19:48:00,89.39,Entertainment,NetBanking,POS,Mumbai,1,37,169.12,662,No,0,19,7,2,0.5285596026490066,0,1.8136986301369864,13.149951314508275
T103127,CUST3595,2023-12-18 18:16:00,6.77,Health,PayPal,Desktop,Pune,0,152,80.32,1595,No,0,18,18,12,0.0842878486055777,0,4.36986301369863,28.30612244897959
T103128,CUST6490,2023-08-12 23:37:00,242.08,Grocery,Debit Card,POS,Kolkata,0,91,183.74,1487,No,0,23,12,8,1.3175138783063023,0,4.073972602739726,17.934665226781856
T103129,CUST5147,2023-05-23 02:14:00,145.86,Fashion,NetBanking,Mobile,Delhi,0,84,335.95,1599,No,0,2,23,5,0.4341717517487722,0,4.380821917808219,15.610997963340123
T103130,CUST3404,2023-02-21 10:44:00,130.82,Fashion,UPI,Desktop,Bengaluru,0,111,369.55,1698,No,0,10,21,2,0.35399810580435664,0,4.652054794520548,19.638875424139602
T103131,CUST4509,2023-09-22 04:10:00,138.52,Health,UPI,Mobile,Chennai,0,62,239.9,237,No,0,4,22,9,0.5774072530220926,0,0.6493150684931507,37.59136212624585
T103132,CUST7870,2023-07-11 05:23:00,215.9,Fashion,UPI,Mobile,Kolkata,0,21,326.05,169,No,0,5,11,7,0.6621683790829628,0,0.46301369863013697,14.353932584269662
T103133,CUST3907,2023-03-14 17:04:00,62.87,Grocery,Credit Card,Desktop,Hyderabad,0,106,113.17,617,No,0,17,14,3,0.5555359194132721,0,1.6904109589041096,39.39918533604887
T103134,CUST5340,2023-10-07 07:29:00,17.88,Grocery,Credit Card,Mobile,Hyderabad,0,37,431.43,616,No,0,7,7,10,0.04144357137890271,0,1.6876712328767123,13.766564729867481
T103135,CUST3608,2023-05-05 23:47:00,76.73,Health,UPI,POS,Pune,0,35,434.31,1873,No,0,23,5,5,0.17667104142202575,0,5.131506849315069,5.708221626452189
T103136,CUST8536,2023-11-06 09:41:00,108.66,Grocery,PayPal,POS,Mumbai,0,166,166.96,1360,No,0,9,6,11,0.6508145663632007,0,3.7260273972602738,35.12463768115942
T103137,CUST1387,2023-07-09 13:08:00,107.13,Entertainment,PayPal,Mobile,Mumbai,1,181,278.38,946,Yes,0,13,9,7,0.38483368058050144,0,2.591780821917808,50.392829900839054
T103138,CUST6965,2023-06-04 17:42:00,58.96,Electronics,Credit Card,POS,Delhi,1,143,307.26,996,No,1,17,4,6,0.1918896048948773,0,2.728767123287671,38.35047759000735
T103139,CUST8441,2023-04-16 18:06:00,5.67,Food,UPI,Mobile,Hyderabad,1,114,241.49,599,No,0,18,16,4,0.023479233094538074,0,1.641095890410959,43.16390041493776
T103140,CUST4166,2023-03-13 01:05:00,37.1,Entertainment,PayPal,POS,Kolkata,0,170,456.46,1151,No,0,1,13,3,0.08127765850238795,0,3.1534246575342464,40.93007915567282
T103141,CUST9017,2023-07-25 12:30:00,202.83,Entertainment,Credit Card,Mobile,Pune,0,94,372.46,154,No,0,12,25,7,0.5445685442732107,0,0.42191780821917807,66.10789980732177
T103142,CUST9910,2023-09-13 02:12:00,70.25,Fashion,UPI,POS,Kolkata,0,4,339.53,1402,No,1,2,13,9,0.20690366094306836,0,3.841095890410959,0.8262591963780419
T103143,CUST5510,2023-12-27 01:41:00,61.83,Electronics,Debit Card,Desktop,Bengaluru,0,107,264.85,163,No,0,1,27,12,0.233452897866717,0,0.4465753424657534,73.96780303030303
T103144,CUST8899,2024-01-15 08:05:00,25.05,Health,UPI,Desktop,Mumbai,0,167,51.58,1025,No,0,8,15,1,0.48565335401318344,0,2.808219178082192,43.852517985611506
T103145,CUST1274,2023-03-12 05:50:00,36.77,Utilities,UPI,POS,Kolkata,0,79,62.83,1279,No,0,5,12,3,0.5852299856756328,0,3.504109589041096,17.539537712895374
T103146,CUST4020,2023-03-13 05:14:00,180.57,Fashion,NetBanking,Mobile,Hyderabad,0,23,156.51,1998,No,0,5,13,3,1.153728196281388,0,5.473972602739726,3.5526872619551417
T103147,CUST5863,2024-01-30 23:53:00,87.84,Electronics,NetBanking,POS,Chennai,1,105,113.65,1765,No,1,23,30,1,0.7728992520897492,0,4.835616438356165,17.992957746478872
T103148,CUST7219,2024-02-10 01:32:00,123.86,Grocery,Debit Card,Mobile,Pune,0,15,476.74,1602,No,0,1,10,2,0.25980618366405167,0,4.389041095890411,2.7834265378749365
T103149,CUST3995,2023-01-06 03:59:00,48.46,Health,Debit Card,POS,Delhi,0,140,210.81,679,No,0,3,6,1,0.2298752431099094,0,1.8602739726027397,48.9463601532567
T103150,CUST3783,2023-12-07 09:34:00,79.59,Utilities,UPI,POS,Mumbai,0,198,439.54,1773,No,0,9,7,12,0.18107567001865588,0,4.857534246575343,33.80261927034612
T103151,CUST3249,2024-02-01 00:13:00,22.84,Health,PayPal,Desktop,Mumbai,0,128,410.86,735,No,0,0,1,2,0.05559071216472764,0,2.0136986301369864,42.47272727272727
T103152,CUST3195,2023-02-03 10:00:00,97.79,Utilities,Debit Card,Mobile,Bengaluru,0,82,408.16,597,No,0,10,3,2,0.2395874166993336,0,1.6356164383561644,31.112266112266113
T103153,CUST1488,2023-02-23 09:39:00,44.63,Utilities,UPI,Mobile,Mumbai,0,121,115.7,368,No,0,9,23,2,0.3857389801210026,0,1.0082191780821919,60.25238744884037
T103154,CUST4658,2023-01-27 07:47:00,46.75,Fashion,Credit Card,Mobile,Pune,0,182,229.19,868,No,0,7,27,1,0.20397923120554998,0,2.378082191780822,53.876723438767236
T103155,CUST4279,2023-04-26 22:32:00,83.83,Grocery,NetBanking,Mobile,Hyderabad,0,88,165.8,351,No,0,22,26,4,0.5056091676718938,0,0.9616438356164384,44.86033519553073
T103156,CUST3171,2023-02-03 03:19:00,220.26,Fashion,PayPal,Mobile,Hyderabad,0,166,485.5,1866,No,0,3,3,2,0.4536766220391349,0,5.112328767123287,27.15822501120574
T103157,CUST5527,2023-06-08 07:45:00,5.29,Utilities,UPI,Desktop,Hyderabad,1,156,439.6,1140,Yes,1,7,8,6,0.012033666969972701,0,3.1232876712328768,37.83388704318937
T103158,CUST8481,2023-11-25 04:44:00,139.32,Utilities,Credit Card,POS,Chennai,0,79,132.46,124,No,0,4,25,11,1.0517892193869847,0,0.33972602739726027,58.967280163599185
T103159,CUST7757,2023-11-24 05:21:00,27.67,Travel,NetBanking,Mobile,Chennai,0,19,163.62,225,No,0,5,24,11,0.16911135558000245,0,0.6164383561643836,11.754237288135593
T103160,CUST4345,2024-01-06 17:25:00,46.95,Electronics,Credit Card,Mobile,Mumbai,0,69,269.17,221,No,0,17,6,1,0.17442508451907715,0,0.6054794520547945,42.977815699658706
T103161,CUST8031,2023-09-27 17:22:00,1.77,Travel,UPI,POS,Kolkata,0,192,146.52,685,No,0,17,27,9,0.01208026208026208,0,1.8767123287671232,66.74285714285715
T103162,CUST3710,2023-11-08 07:43:00,28.65,Electronics,Debit Card,Desktop,Chennai,0,132,414.02,551,No,0,7,8,11,0.06919955557702527,0,1.5095890410958903,52.59825327510917
T103163,CUST7518,2023-09-19 20:41:00,55.87,Food,NetBanking,Desktop,Kolkata,0,10,411.42,782,No,0,20,19,9,0.1357979680132225,0,2.1424657534246574,3.182214472537053
T103164,CUST4087,2023-02-08 05:24:00,4.63,Entertainment,Credit Card,Desktop,Kolkata,0,140,364.93,1714,No,0,5,8,2,0.012687364700079466,0,4.695890410958904,24.57912457912458
T103165,CUST5258,2023-06-02 03:06:00,54.04,Health,Debit Card,POS,Chennai,0,197,347.76,1017,No,0,3,2,6,0.15539452495974235,0,2.786301369863014,52.02966714905933
T103166,CUST5979,2023-04-29 12:21:00,209.5,Fashion,PayPal,POS,Bengaluru,0,135,278.18,1035,No,0,12,29,4,0.7531094974476957,0,2.835616438356164,35.19642857142858
T103167,CUST2225,2023-06-22 00:26:00,8.91,Food,UPI,Desktop,Chennai,0,44,180.09,1705,No,1,0,22,6,0.049475262368815595,0,4.671232876712328,7.758454106280194
T103168,CUST3222,2023-01-19 15:43:00,115.66,Food,UPI,Desktop,Delhi,0,151,420.1,42,No,0,15,19,1,0.2753154010949774,0,0.11506849315068493,135.4176904176904
T103169,CUST8900,2024-01-17 15:26:00,42.17,Health,NetBanking,POS,Delhi,0,2,430.83,283,No,0,15,17,1,0.09788083466796649,0,0.7753424657534247,1.126543209876543
T103170,CUST4130,2023-04-16 17:46:00,85.18,Health,Credit Card,Desktop,Kolkata,1,94,34.26,110,No,0,17,16,4,2.486281377699942,1,0.3013698630136986,72.23157894736843
T103171,CUST9111,2023-10-23 16:45:00,24.11,Electronics,PayPal,Mobile,Delhi,0,116,205.32,1775,No,0,16,23,10,0.11742645626339372,0,4.863013698630137,19.785046728971963
T103172,CUST7962,2024-01-11 03:02:00,13.9,Travel,NetBanking,POS,Mumbai,1,165,23.05,402,No,1,3,11,1,0.6030368763557483,0,1.1013698630136985,78.52020860495436
T103173,CUST1553,2023-10-16 06:02:00,13.99,Grocery,NetBanking,Desktop,Hyderabad,0,69,421.34,423,No,0,6,16,10,0.033203588550814074,0,1.158904109589041,31.960659898477157
T103174,CUST8474,2023-10-21 19:59:00,5.85,Electronics,Credit Card,Mobile,Bengaluru,0,148,96.78,1943,No,0,19,21,10,0.06044637321760694,0,5.323287671232877,23.405545927209705
T103175,CUST4317,2023-03-24 20:14:00,16.43,Grocery,PayPal,POS,Mumbai,0,172,340.19,1785,No,0,20,24,3,0.04829654016872924,0,4.890410958904109,29.200000000000003
T103176,CUST3314,2023-04-23 12:53:00,87.3,Food,Credit Card,POS,Hyderabad,0,108,185.11,1962,No,0,12,23,4,0.47161147425854894,0,5.375342465753425,16.94026643747314
T103177,CUST7286,2023-08-09 04:18:00,170.76,Grocery,UPI,Mobile,Bengaluru,0,70,409.87,447,No,0,4,9,8,0.41661990387195935,0,1.2246575342465753,31.465517241379306
T103178,CUST9829,2023-06-11 20:17:00,134.61,Travel,Debit Card,POS,Kolkata,0,74,259.75,1112,No,0,20,11,6,0.5182290664100097,0,3.0465753424657533,18.28706838185511
T103179,CUST3170,2023-06-29 02:56:00,92.45,Electronics,UPI,Desktop,Bengaluru,0,179,168.96,157,No,0,2,29,6,0.547170928030303,0,0.4301369863013699,125.16283524904213
T103180,CUST6311,2023-10-15 22:29:00,9.36,Utilities,UPI,POS,Bengaluru,1,80,168.7,846,No,0,22,15,10,0.05548310610551274,0,2.317808219178082,24.112303881090007
T103181,CUST1703,2023-11-22 09:00:00,27.31,Health,NetBanking,Desktop,Delhi,0,98,170.19,803,No,0,9,22,11,0.16046771255655443,0,2.2,30.625
T103182,CUST4948,2023-07-13 18:06:00,29.66,Utilities,UPI,Mobile,Delhi,0,159,396.4,1833,No,0,18,13,7,0.0748234106962664,0,5.021917808219178,26.403548680618744
T103183,CUST5030,2023-04-11 07:32:00,23.01,Travel,PayPal,Mobile,Delhi,0,100,358.45,1594,No,0,7,11,4,0.06419305342446646,0,4.367123287671233,18.631955079122
T103184,CUST6942,2023-01-22 06:47:00,57.89,Entertainment,UPI,POS,Bengaluru,0,169,166.41,1386,No,0,6,22,1,0.347875728622078,0,3.797260273972603,35.22844089091948
T103185,CUST8574,2023-12-06 00:00:00,61.35,Travel,PayPal,Mobile,Pune,0,58,250.2,921,No,0,0,6,12,0.24520383693045567,0,2.5232876712328767,16.46189735614308
T103186,CUST2397,2023-04-12 09:44:00,35.31,Entertainment,Credit Card,Mobile,Bengaluru,0,133,47.32,311,No,0,9,12,4,0.746196111580727,0,0.852054794520548,71.81213017751479
T103187,CUST6586,2024-02-07 21:37:00,34.93,Electronics,NetBanking,POS,Delhi,0,161,415.48,1633,No,0,21,7,2,0.08407143544815635,0,4.473972602739726,29.41191191191191
T103188,CUST1075,2023-08-19 10:01:00,141.08,Health,PayPal,Desktop,Bengaluru,0,171,140.32,236,No,0,10,19,8,1.0054161915621438,0,0.6465753424657534,103.85191347753744
T103189,CUST7366,2023-09-20 22:17:00,124.58,Travel,UPI,POS,Delhi,0,147,445.72,1325,No,0,22,20,9,0.27950282688683475,0,3.6301369863013697,31.74852071005917
T103190,CUST1213,2023-05-07 22:28:00,29.43,Utilities,NetBanking,POS,Delhi,0,32,302.43,1362,No,0,22,7,5,0.09731177462553318,0,3.7315068493150685,6.763173132599884
T103191,CUST1652,2023-05-12 16:38:00,196.08,Entertainment,NetBanking,Desktop,Delhi,0,121,288.23,432,No,0,16,12,5,0.6802900461437047,0,1.1835616438356165,55.41405269761606
T103192,CUST9340,2024-01-08 01:27:00,244.29,Health,PayPal,Desktop,Kolkata,0,3,89.73,1228,No,0,1,8,1,2.722500835840856,1,3.3643835616438356,0.687382297551789
T103193,CUST6536,2023-05-11 15:34:00,31.65,Fashion,PayPal,Desktop,Kolkata,0,129,44.07,247,No,0,15,11,5,0.7181756296800544,0,0.6767123287671233,76.93627450980392
T103194,CUST2614,2024-01-03 09:01:00,35.01,Fashion,Debit Card,POS,Pune,0,169,280.78,1725,No,0,9,3,1,0.12468836811738729,0,4.726027397260274,29.514354066985646
T103195,CUST6633,2023-12-26 17:59:00,56.36,Fashion,Debit Card,Desktop,Hyderabad,0,48,239.31,355,No,0,17,26,12,0.23551042580752998,0,0.9726027397260274,24.333333333333336
T103196,CUST1412,2024-02-09 10:32:00,226.58,Grocery,NetBanking,Mobile,Bengaluru,0,167,68.64,785,No,0,10,9,2,3.300990675990676,1,2.1506849315068495,53.004347826086956
T103197,CUST7680,2023-01-13 05:12:00,167.2,Travel,Debit Card,Desktop,Mumbai,0,133,419.44,1306,No,0,5,13,1,0.39862674041579244,0,3.578082191780822,29.051466187911426
T103198,CUST3187,2023-03-13 01:39:00,8.66,Electronics,UPI,Mobile,Delhi,0,77,214.45,1507,No,0,1,13,3,0.04038237351363955,0,4.1287671232876715,15.0133547008547
T103199,CUST3953,2023-01-06 17:17:00,39.9,Utilities,Credit Card,Desktop,Pune,1,11,137.62,1242,No,0,17,6,1,0.2899287894201424,0,3.4027397260273973,2.4984443061605477
T103200,CUST7975,2023-04-22 08:01:00,64.48,Electronics,NetBanking,Mobile,Mumbai,0,22,396.25,1826,No,0,8,22,4,0.1627255520504732,0,5.002739726027397,3.664993153811045
T103201,CUST1618,2024-01-02 03:43:00,55.95,Grocery,Credit Card,Mobile,Kolkata,0,192,457.4,1496,No,1,3,2,1,0.12232181897682555,0,4.098630136986301,37.657173562600754
T103202,CUST8147,2023-10-13 05:33:00,17.24,Electronics,Debit Card,Mobile,Hyderabad,0,12,159.92,1951,No,0,5,13,10,0.10780390195097549,0,5.345205479452055,1.8911917098445596
T103203,CUST1648,2023-03-28 16:13:00,156.62,Entertainment,PayPal,Mobile,Bengaluru,0,53,390.22,1041,Yes,1,16,28,3,0.40136333350417713,0,2.852054794520548,13.758890469416786
T103204,CUST6138,2023-09-14 17:58:00,90.39,Fashion,NetBanking,Mobile,Kolkata,0,55,329.73,159,No,0,17,14,9,0.2741333818578837,0,0.43561643835616437,38.31106870229008
T103205,CUST9184,2023-01-21 10:04:00,145.57,Utilities,Debit Card,Desktop,Pune,1,53,494.97,1538,No,0,10,21,1,0.2940986322403378,0,4.213698630136986,10.165528113504992
T103206,CUST6430,2023-06-21 16:00:00,156.59,Travel,UPI,POS,Delhi,0,21,109.96,32,No,0,16,21,6,1.424063295743907,0,0.08767123287671233,19.307304785894203
T103207,CUST9310,2023-05-18 06:56:00,110.38,Electronics,NetBanking,POS,Delhi,0,19,480.73,1404,No,0,6,18,5,0.22960913610550618,0,3.8465753424657536,3.9202939513849633
T103208,CUST1196,2023-02-22 18:39:00,46.27,Electronics,NetBanking,POS,Delhi,0,197,164.48,584,No,0,18,22,2,0.2813107976653697,0,1.6,75.76923076923077
T103209,CUST1050,2023-04-06 21:19:00,75.44,Food,PayPal,POS,Pune,0,88,211.86,1186,No,0,21,6,4,0.35608420655149625,0,3.249315068493151,20.70921985815603
T103210,CUST4668,2023-06-28 12:45:00,13.98,Food,NetBanking,POS,Kolkata,0,94,185.82,1743,No,0,12,28,6,0.07523409751372297,0,4.7753424657534245,16.27609108159393
T103211,CUST9144,2023-09-10 11:04:00,89.58,Food,PayPal,Mobile,Mumbai,0,66,141.54,1547,No,0,11,10,9,0.6328952946163628,0,4.238356164383561,12.599372384937238
T103212,CUST3323,2023-07-16 02:36:00,15.8,Travel,Debit Card,Desktop,Hyderabad,0,59,349.68,295,No,0,2,16,7,0.045184168382521164,0,0.8082191780821918,32.628787878787875
T103213,CUST7848,2024-01-01 17:05:00,94.72,Fashion,UPI,Mobile,Bengaluru,0,177,298.68,952,No,0,17,1,1,0.3171286996116245,0,2.6082191780821917,49.054669703872435
T103214,CUST4570,2024-01-22 01:10:00,20.87,Health,UPI,Desktop,Hyderabad,1,59,159.79,53,No,0,1,22,1,0.1306089242130296,0,0.14520547945205478,51.51913875598086
T103215,CUST6123,2023-02-07 13:11:00,10.0,Fashion,NetBanking,Desktop,Kolkata,0,151,74.78,563,No,0,13,7,2,0.1337255950788981,0,1.5424657534246575,59.391163793103445
T103216,CUST5541,2023-06-12 10:15:00,14.45,Utilities,NetBanking,Desktop,Delhi,0,3,165.51,1910,No,0,10,12,6,0.08730590296658812,0,5.232876712328767,0.48131868131868133
T103217,CUST9184,2023-08-08 10:08:00,0.16,Fashion,Debit Card,Desktop,Hyderabad,0,184,196.8,32,No,0,10,8,8,0.0008130081300813008,0,0.08767123287671233,169.16876574307304
T103218,CUST5969,2023-05-06 09:41:00,101.48,Travel,PayPal,POS,Mumbai,1,116,196.52,1965,No,0,9,6,5,0.516385100753104,0,5.383561643835616,18.17167381974249
T103219,CUST2867,2023-04-25 15:12:00,105.46,Entertainment,UPI,Desktop,Chennai,0,58,185.06,1723,No,0,15,25,4,0.5698692316005619,0,4.720547945205479,10.13888888888889
T103220,CUST3448,2023-03-26 11:16:00,57.88,Entertainment,PayPal,Desktop,Kolkata,0,62,33.87,909,No,0,11,26,3,1.7088869205786834,0,2.4904109589041097,17.762951334379906
T103221,CUST3310,2023-04-24 02:53:00,14.08,Travel,Debit Card,POS,Chennai,0,146,237.38,456,No,0,2,24,4,0.05931417979610751,0,1.2493150684931507,64.90864799025579
T103222,CUST1294,2023-12-25 05:43:00,6.98,Food,UPI,Mobile,Bengaluru,0,189,419.74,33,No,0,5,25,12,0.016629341973602708,0,0.09041095890410959,173.32914572864323
T103223,CUST9678,2023-07-11 05:01:00,1.55,Electronics,UPI,Mobile,Bengaluru,0,126,98.38,1672,No,1,5,11,7,0.015755234803821915,0,4.580821917808219,22.577319587628867
T103224,CUST9899,2023-07-07 18:53:00,14.5,Grocery,Credit Card,Mobile,Hyderabad,0,37,81.37,837,No,0,18,7,7,0.17819835320142557,0,2.293150684931507,11.235440931780365
T103225,CUST2716,2023-02-26 06:20:00,177.21,Grocery,Debit Card,Mobile,Bengaluru,0,182,241.21,813,No,0,6,26,2,0.7346710335392397,0,2.2273972602739724,56.39219015280136
T103226,CUST7988,2023-03-11 08:19:00,22.12,Health,Debit Card,Desktop,Kolkata,0,113,191.6,532,No,0,8,11,3,0.11544885177453028,0,1.4575342465753425,45.98104793756968
T103227,CUST9702,2023-08-08 07:58:00,34.99,Electronics,Credit Card,POS,Pune,0,95,285.03,261,No,0,7,8,8,0.12275900782373787,0,0.7150684931506849,55.39137380191694
T103228,CUST4199,2023-05-24 23:37:00,8.91,Health,PayPal,POS,Mumbai,0,78,474.07,902,No,0,23,24,5,0.018794692766890966,0,2.4712328767123286,22.470402525651146
T103229,CUST8454,2024-01-31 13:27:00,20.12,Food,Credit Card,Mobile,Delhi,0,193,382.83,779,No,0,13,31,1,0.052555964788548445,0,2.1342465753424658,61.5777972027972
T103230,CUST2115,2024-01-18 17:59:00,58.59,Health,Debit Card,POS,Delhi,0,142,346.66,101,No,0,17,18,1,0.16901286563203138,0,0.27671232876712326,111.22317596566525
T103231,CUST3591,2023-07-05 18:54:00,74.87,Electronics,PayPal,Desktop,Hyderabad,0,105,213.81,117,No,0,18,5,7,0.35017071231467195,0,0.32054794520547947,79.51244813278008
T103232,CUST4754,2023-03-26 07:26:00,22.52,Utilities,UPI,Mobile,Delhi,0,5,150.81,557,No,0,7,26,3,0.14932696770771167,0,1.526027397260274,1.9793926247288502
T103233,CUST3204,2023-03-05 22:37:00,4.76,Electronics,Credit Card,Desktop,Hyderabad,0,95,274.73,915,No,0,22,5,3,0.017326101991045752,0,2.506849315068493,27.08984375
T103234,CUST3579,2023-05-18 12:50:00,39.68,Grocery,PayPal,Desktop,Bengaluru,0,190,443.87,632,No,0,12,18,5,0.08939554374028431,0,1.7315068493150685,69.55867602808425
T103235,CUST6483,2023-08-30 19:33:00,21.35,Entertainment,PayPal,Desktop,Bengaluru,0,129,439.6,479,No,0,19,30,8,0.04856687898089172,0,1.3123287671232877,55.78791469194313
T103236,CUST5868,2023-10-27 03:52:00,19.83,Food,PayPal,Desktop,Pune,0,63,228.3,468,No,0,3,27,10,0.08685939553219447,0,1.2821917808219179,27.60504201680672
T103237,CUST6795,2024-01-25 06:16:00,257.24,Utilities,Credit Card,Desktop,Pune,0,195,130.65,1585,No,0,6,25,1,1.9689246077305778,0,4.342465753424658,36.5
T103238,CUST1198,2023-06-24 16:07:00,76.63,Travel,UPI,Mobile,Mumbai,0,20,120.42,1488,No,0,16,24,6,0.6363560870287327,0,4.076712328767123,3.939557474365893
T103239,CUST4253,2023-05-04 21:48:00,65.11,Utilities,PayPal,Desktop,Delhi,0,43,26.65,1777,No,0,21,4,5,2.4431519699812383,1,4.868493150684931,7.3272642390289455
T103240,CUST5015,2023-06-02 12:14:00,43.0,Utilities,Credit Card,Mobile,Kolkata,1,85,422.91,1137,No,0,12,2,6,0.10167647962923552,0,3.115068493150685,20.655792276964046
T103241,CUST1244,2023-06-10 05:07:00,44.82,Health,Debit Card,POS,Pune,0,94,139.77,1392,No,0,5,10,6,0.32066967160334836,0,3.813698630136986,19.52760387023335
T103242,CUST8047,2024-02-13 11:09:00,62.28,Grocery,Credit Card,Desktop,Mumbai,0,42,185.91,155,No,0,11,13,2,0.3350008068420203,0,0.4246575342465753,29.480769230769234
T103243,CUST2956,2023-08-24 03:50:00,95.37,Health,Credit Card,Desktop,Chennai,0,108,406.52,592,No,0,3,24,8,0.2346010036406573,0,1.621917808219178,41.191222570532915
T103244,CUST7857,2023-04-13 11:21:00,96.89,Health,Credit Card,POS,Pune,1,94,68.81,1071,No,0,11,13,4,1.4080802208981251,0,2.9342465753424656,23.89275766016713
T103245,CUST7857,2023-12-15 04:21:00,15.07,Travel,PayPal,Mobile,Mumbai,1,197,236.0,878,No,1,4,15,12,0.06385593220338984,0,2.4054794520547946,57.84794851166532
T103246,CUST9156,2023-03-08 05:21:00,55.47,Food,Credit Card,Desktop,Hyderabad,0,74,69.95,894,No,0,5,8,3,0.7929949964260186,0,2.4493150684931506,21.453534551231137
T103247,CUST5781,2023-04-09 14:49:00,42.48,Electronics,Debit Card,POS,Hyderabad,0,109,226.51,1682,No,0,14,9,4,0.18754138890115227,0,4.608219178082192,19.435759648265755
T103248,CUST1497,2023-05-26 23:54:00,163.54,Fashion,PayPal,POS,Mumbai,0,115,33.1,1689,No,0,23,26,5,4.940785498489426,1,4.627397260273972,20.435735150925026
T103249,CUST7079,2023-05-10 06:29:00,79.85,Health,Debit Card,Desktop,Bengaluru,1,167,263.64,1593,No,1,6,10,5,0.30287513275678957,0,4.364383561643836,31.131256384065374
T103250,CUST6531,2023-09-09 07:51:00,60.83,Fashion,NetBanking,Mobile,Chennai,0,190,399.9,953,No,0,7,9,9,0.15211302825706427,0,2.610958904109589,52.61760242792109
T103251,CUST8438,2023-02-27 06:51:00,9.81,Food,Credit Card,Mobile,Mumbai,1,176,341.39,374,No,0,6,27,2,0.028735463839011103,0,1.0246575342465754,86.92828146143437
T103252,CUST6708,2023-06-24 23:46:00,74.44,Fashion,PayPal,Desktop,Pune,0,125,259.49,497,No,0,23,24,6,0.2868703996300435,0,1.3616438356164384,52.9292343387471
T103253,CUST6268,2023-10-28 20:30:00,9.97,Health,PayPal,POS,Bengaluru,0,6,416.09,1010,No,0,20,28,10,0.023961162248552,0,2.767123287671233,1.5927272727272728
T103254,CUST7295,2023-09-10 23:44:00,32.9,Travel,Credit Card,Desktop,Mumbai,0,123,121.62,170,No,0,23,10,9,0.2705147179740174,0,0.4657534246575342,83.91588785046729
T103255,CUST8857,2023-09-13 09:24:00,12.33,Fashion,UPI,Mobile,Delhi,0,42,417.09,1059,No,0,9,13,9,0.02956196504351579,0,2.9013698630136986,10.765449438202248
T103256,CUST3376,2023-05-06 13:38:00,94.23,Food,UPI,POS,Pune,1,58,145.42,698,No,1,13,6,5,0.6479851464722872,0,1.9123287671232876,19.915333960489182
T103257,CUST6908,2023-10-07 12:00:00,18.48,Food,Debit Card,Desktop,Pune,0,171,187.62,1671,No,0,12,7,10,0.09849696194435562,0,4.578082191780822,30.655697445972496
T103258,CUST6815,2023-07-01 20:03:00,39.79,Entertainment,Credit Card,POS,Hyderabad,1,10,72.93,660,No,1,20,1,7,0.545591663238722,0,1.8082191780821917,3.5609756097560976
T103259,CUST9268,2023-02-05 03:52:00,180.82,Entertainment,Credit Card,Mobile,Delhi,0,89,59.86,1702,Yes,1,3,5,2,3.0207150016705646,1,4.663013698630137,15.716013546202225
T103260,CUST1778,2024-01-31 10:31:00,18.28,Travel,NetBanking,Mobile,Delhi,0,78,466.73,1594,Yes,0,10,31,1,0.039166113170355454,0,4.367123287671233,14.53292496171516
T103261,CUST3758,2023-07-16 08:47:00,56.71,Fashion,UPI,Mobile,Pune,0,111,103.09,1731,No,0,8,16,7,0.5501018527500242,0,4.742465753424658,19.329675572519083
T103262,CUST6461,2023-03-30 22:17:00,43.48,Fashion,UPI,Desktop,Chennai,0,39,173.32,1118,No,0,22,30,3,0.25086545118855297,0,3.063013698630137,9.598786244099799
T103263,CUST9813,2023-08-07 03:28:00,1.46,Entertainment,Credit Card,POS,Kolkata,0,141,269.28,1109,No,0,3,7,8,0.005421865715983363,0,3.0383561643835617,34.91519674355496
T103264,CUST9409,2024-01-25 06:01:00,125.91,Electronics,Debit Card,Desktop,Bengaluru,1,167,180.45,827,No,0,6,25,1,0.6977556109725686,0,2.265753424657534,51.136744966442954
T103265,CUST9134,2023-11-27 19:25:00,5.72,Grocery,Credit Card,Desktop,Hyderabad,0,11,436.37,1935,No,0,19,27,11,0.013108142172926645,0,5.301369863013699,1.7456521739130433
T103266,CUST8882,2023-07-16 11:09:00,51.44,Food,Debit Card,Desktop,Delhi,0,110,451.35,1149,No,0,11,16,7,0.11396920350060927,0,3.147945205479452,26.519154557463672
T103267,CUST4370,2023-10-17 02:23:00,65.8,Electronics,UPI,Desktop,Hyderabad,0,16,169.74,1942,No,1,2,17,10,0.3876517026039825,0,5.32054794520548,2.531426094495015
T103268,CUST2566,2023-08-23 21:02:00,79.2,Food,NetBanking,POS,Pune,0,33,55.09,984,No,0,21,23,8,1.4376474859321111,0,2.695890410958904,8.928836174944403
T103269,CUST6771,2023-11-07 15:27:00,93.34,Utilities,PayPal,POS,Bengaluru,0,188,112.98,244,No,0,15,7,11,0.826163922818198,0,0.6684931506849315,112.67651888341544
T103270,CUST4548,2023-01-11 10:59:00,23.36,Utilities,UPI,Desktop,Mumbai,0,59,242.45,772,No,0,10,11,1,0.0963497628376985,0,2.115068493150685,18.940193491644678
T103271,CUST7263,2023-05-12 07:14:00,0.8,Electronics,Debit Card,Desktop,Delhi,0,51,151.36,87,No,0,7,12,5,0.005285412262156448,0,0.23835616438356164,41.18362831858407
T103272,CUST1130,2023-10-27 13:56:00,102.83,Utilities,Credit Card,Mobile,Bengaluru,0,15,232.2,935,No,0,13,27,10,0.44285099052540916,0,2.5616438356164384,4.211538461538462
T103273,CUST2027,2023-11-01 06:25:00,61.37,Entertainment,UPI,Mobile,Kolkata,0,43,381.76,1545,No,0,6,1,11,0.16075544844928752,0,4.232876712328767,8.217277486910996
T103274,CUST1811,2023-01-16 07:03:00,144.69,Entertainment,NetBanking,POS,Hyderabad,1,27,216.11,434,No,0,7,16,1,0.6695201517745591,0,1.189041095890411,12.334167709637047
T103275,CUST6990,2023-07-08 15:04:00,137.8,Grocery,Debit Card,Mobile,Pune,0,56,106.53,1237,No,0,15,8,7,1.2935323383084578,0,3.389041095890411,12.759051186017478
T103276,CUST2747,2023-04-02 20:41:00,148.29,Electronics,Credit Card,POS,Bengaluru,0,121,185.4,1335,No,0,20,2,4,0.7998381877022653,0,3.6575342465753424,25.979411764705883
T103277,CUST8063,2023-10-05 18:30:00,53.1,Food,PayPal,POS,Mumbai,0,113,374.06,1836,No,0,18,5,10,0.14195583596214512,0,5.03013698630137,18.739209450249884
T103278,CUST3573,2024-02-08 01:49:00,32.47,Fashion,Debit Card,POS,Bengaluru,0,60,217.79,750,No,0,1,8,2,0.1490885715597594,0,2.0547945205479454,19.641255605381165
T103279,CUST6679,2023-06-22 22:31:00,125.45,Food,Credit Card,Mobile,Pune,0,115,132.27,1216,Yes,0,22,22,6,0.9484387994254176,0,3.3315068493150686,26.54965211891208
T103280,CUST6877,2023-10-26 09:17:00,48.02,Health,PayPal,Mobile,Hyderabad,0,109,219.43,1142,No,0,9,26,10,0.2188397210955658,0,3.128767123287671,26.400132714001327
T103281,CUST9228,2023-07-14 04:08:00,16.21,Entertainment,Credit Card,POS,Delhi,0,198,232.86,812,Yes,1,4,14,7,0.06961264278965902,0,2.2246575342465755,61.401869158878505
T103282,CUST6092,2023-09-14 06:10:00,154.47,Travel,PayPal,POS,Kolkata,0,175,155.22,126,No,0,6,14,9,0.9951681484344801,0,0.3452054794520548,130.091649694501
T103283,CUST7798,2023-10-19 01:29:00,171.35,Travel,PayPal,Desktop,Kolkata,0,112,497.89,616,No,0,1,19,10,0.3441523228022254,0,1.6876712328767123,41.67176350662589
T103284,CUST3417,2023-10-23 17:23:00,50.24,Entertainment,PayPal,POS,Delhi,0,100,386.14,1141,No,0,17,23,10,0.13010825089345834,0,3.126027397260274,24.236387782204513
T103285,CUST3578,2024-01-31 16:43:00,6.3,Health,Credit Card,POS,Chennai,0,8,349.3,547,No,0,16,31,1,0.018036072144288574,0,1.4986301369863013,3.2017543859649122
T103286,CUST6947,2023-04-07 22:52:00,39.26,Travel,PayPal,Desktop,Hyderabad,0,191,428.88,697,No,0,22,7,4,0.09154075732139526,0,1.9095890410958904,65.64500941619585
T103287,CUST1958,2023-03-17 10:19:00,130.18,Utilities,Debit Card,POS,Kolkata,0,135,336.55,1116,No,0,10,17,3,0.38680730946367553,0,3.0575342465753423,33.271438217420666
T103288,CUST1422,2023-11-14 07:46:00,185.64,Entertainment,NetBanking,POS,Chennai,0,81,397.58,570,No,0,7,14,11,0.4669248956184919,0,1.5616438356164384,31.620320855614974
T103289,CUST6268,2024-02-09 14:00:00,18.2,Travel,NetBanking,POS,Chennai,0,130,212.14,845,No,0,14,9,2,0.0857924012444612,0,2.315068493150685,39.214876033057855
T103290,CUST6471,2023-12-05 21:37:00,5.55,Entertainment,PayPal,Desktop,Pune,0,145,255.18,220,No,0,21,5,12,0.02174935339760169,0,0.6027397260273972,90.47008547008548
T103291,CUST6006,2023-11-17 21:35:00,167.87,Grocery,NetBanking,Mobile,Pune,0,121,33.03,946,No,0,21,17,11,5.082349379352104,1,2.591780821917808,33.68802440884821
T103292,CUST7305,2023-04-04 05:59:00,39.47,Fashion,NetBanking,POS,Pune,0,4,147.52,745,No,1,5,4,4,0.26755694143167025,0,2.041095890410959,1.3153153153153152
T103293,CUST2536,2023-05-05 01:03:00,62.43,Fashion,PayPal,Desktop,Mumbai,0,26,190.33,1331,No,1,1,5,5,0.328009247097147,0,3.6465753424657534,5.595518867924528
T103294,CUST1346,2023-10-28 14:36:00,275.53,Food,PayPal,POS,Hyderabad,0,78,316.48,568,No,0,14,28,10,0.8706079373104144,0,1.5561643835616439,30.514469453376208
T103295,CUST5989,2023-08-14 16:50:00,5.51,Health,Debit Card,Desktop,Delhi,0,72,237.46,114,No,0,16,14,8,0.023203908026615008,0,0.31232876712328766,54.8643006263048
T103296,CUST1536,2024-02-13 17:50:00,83.6,Entertainment,UPI,POS,Hyderabad,0,197,307.84,1388,No,0,17,13,2,0.27156964656964655,0,3.802739726027397,41.018254420992584
T103297,CUST4113,2024-01-12 04:02:00,6.16,Electronics,Credit Card,Desktop,Pune,0,133,359.53,470,No,1,4,12,1,0.01713347982087726,0,1.2876712328767124,58.137724550898206
T103298,CUST4301,2023-04-10 00:38:00,37.66,Food,PayPal,Mobile,Mumbai,0,128,30.93,1775,No,0,0,10,4,1.2175881021661816,0,4.863013698630137,21.83177570093458
T103299,CUST9797,2023-07-08 01:02:00,130.3,Food,PayPal,Mobile,Hyderabad,0,5,136.56,1703,No,0,1,8,7,0.9541593438781488,0,4.6657534246575345,0.8824951644100579
T103300,CUST4765,2023-01-07 12:28:00,45.46,Entertainment,NetBanking,Mobile,Hyderabad,1,91,93.74,819,No,1,12,7,1,0.48495839556219333,0,2.243835616438356,28.05320945945946
T103301,CUST5200,2023-09-10 20:08:00,469.75,Entertainment,Debit Card,POS,Chennai,0,69,101.85,1225,No,0,20,10,9,4.612174766813943,1,3.356164383561644,15.839622641509433
T103302,CUST9547,2023-05-04 16:31:00,65.51,Food,NetBanking,Desktop,Hyderabad,0,3,256.53,1905,No,0,16,4,5,0.2553697423303318,0,5.219178082191781,0.48237885462555063
T103303,CUST5226,2023-02-19 22:59:00,30.99,Food,PayPal,POS,Chennai,0,166,372.59,368,No,0,22,19,2,0.08317453501167503,0,1.0082191780821919,82.66030013642563
T103304,CUST3754,2023-01-30 15:03:00,19.89,Fashion,PayPal,POS,Chennai,0,94,143.66,1721,No,0,15,30,1,0.1384519003202005,0,4.715068493150685,16.447746883988493
T103305,CUST9439,2023-01-12 02:28:00,34.53,Electronics,NetBanking,Desktop,Bengaluru,0,1,413.98,1282,Yes,0,2,12,1,0.08340982656166965,0,3.5123287671232877,0.22161505768063144
T103306,CUST5638,2023-10-18 17:00:00,37.29,Utilities,PayPal,POS,Pune,0,136,447.3,1871,No,0,17,18,10,0.08336686787391012,0,5.126027397260274,22.20035778175313
T103307,CUST1466,2023-03-12 05:26:00,5.7,Food,UPI,Desktop,Kolkata,0,13,181.76,1232,No,0,5,12,3,0.03136003521126761,0,3.3753424657534246,2.971195992485911
T103308,CUST1164,2023-01-15 09:36:00,36.91,Utilities,Credit Card,Desktop,Mumbai,0,198,343.86,1300,Yes,1,9,15,1,0.10734019659163611,0,3.5616438356164384,43.4054054054054
T103309,CUST5788,2023-06-03 20:56:00,49.93,Fashion,Credit Card,Mobile,Chennai,0,178,67.35,1033,No,0,20,3,6,0.741351150705271,0,2.83013698630137,46.47353361945637
T103310,CUST4645,2023-03-07 17:19:00,102.62,Food,Credit Card,Mobile,Hyderabad,0,112,374.57,1950,No,0,17,7,3,0.2739674827135115,0,5.342465753424658,17.658747300215982
T103311,CUST7377,2023-04-09 11:19:00,85.54,Travel,UPI,Mobile,Chennai,0,8,90.86,703,No,0,11,9,4,0.9414483821263483,0,1.926027397260274,2.7340823970037453
T103312,CUST7021,2023-05-28 09:26:00,98.69,Food,PayPal,Desktop,Chennai,0,158,346.83,1728,No,0,9,28,5,0.2845486261280743,0,4.734246575342466,27.55375059722886
T103313,CUST1601,2023-01-25 12:38:00,0.67,Entertainment,NetBanking,Mobile,Chennai,1,113,216.73,759,No,0,12,25,1,0.003091404051123518,0,2.0794520547945203,36.694839857651246
T103314,CUST6897,2023-06-12 19:43:00,19.64,Health,Debit Card,Desktop,Delhi,0,168,464.94,346,No,0,19,12,6,0.04224200972168452,0,0.947945205479452,86.24472573839662
T103315,CUST2673,2023-05-21 13:01:00,86.7,Health,PayPal,POS,Kolkata,0,79,237.59,1339,No,0,13,21,5,0.3649143482469801,0,3.6684931506849314,16.921948356807512
T103316,CUST4438,2023-07-20 12:43:00,52.93,Food,UPI,Mobile,Kolkata,0,122,25.14,105,No,0,12,20,7,2.105409705648369,1,0.2876712328767123,94.74468085106383
T103317,CUST3426,2024-01-26 18:14:00,0.43,Grocery,UPI,Desktop,Delhi,0,74,245.53,1003,No,0,18,26,1,0.0017513134851138354,0,2.747945205479452,19.744152046783626
T103318,CUST4655,2024-02-08 08:45:00,130.57,Travel,Credit Card,Desktop,Delhi,0,127,399.79,1028,No,0,8,8,2,0.3265964631431501,0,2.8164383561643835,33.27709978463747
T103319,CUST2070,2023-06-03 09:20:00,118.56,Electronics,PayPal,Desktop,Delhi,0,161,327.07,1505,No,0,9,3,6,0.3624912098327575,0,4.123287671232877,31.425133689839573
T103320,CUST8835,2023-07-15 15:48:00,63.6,Food,Credit Card,Desktop,Kolkata,0,113,483.49,233,No,0,15,15,7,0.13154356863637304,0,0.6383561643835617,68.97157190635451
T103321,CUST4201,2023-10-11 03:03:00,5.5,Utilities,Debit Card,Mobile,Bengaluru,0,52,423.2,1781,No,0,3,11,10,0.012996219281663517,0,4.879452054794521,8.844361602982293
T103322,CUST2230,2023-12-28 15:06:00,116.37,Electronics,Credit Card,Mobile,Chennai,0,121,268.01,453,No,0,15,28,12,0.43420021640983547,0,1.2410958904109588,53.99144254278729
T103323,CUST8040,2024-01-28 12:35:00,70.11,Travel,Debit Card,Mobile,Bengaluru,0,33,111.2,1788,No,0,12,28,1,0.6304856115107913,0,4.898630136986301,5.594519275429633
T103324,CUST2344,2023-12-24 11:26:00,121.85,Food,UPI,Desktop,Hyderabad,0,73,11.85,222,Yes,0,11,24,12,10.282700421940929,1,0.6082191780821918,45.391822827938675
T103325,CUST4171,2023-06-13 03:49:00,111.46,Grocery,Credit Card,POS,Kolkata,0,96,490.45,1346,No,0,3,13,6,0.2272606789682944,0,3.6876712328767125,20.47925189947399
T103326,CUST6199,2023-02-28 23:20:00,129.96,Fashion,Credit Card,Desktop,Pune,0,37,469.78,1757,No,0,23,28,2,0.2766401294222828,0,4.813698630136987,6.364278982092365
T103327,CUST9685,2023-02-14 17:20:00,58.39,Grocery,NetBanking,POS,Kolkata,0,198,144.33,926,No,0,17,14,2,0.4045589967435737,0,2.536986301369863,55.97986057319907
T103328,CUST2472,2024-02-13 03:30:00,12.1,Entertainment,UPI,Mobile,Mumbai,0,69,322.73,1964,No,0,3,13,2,0.037492640907259935,0,5.380821917808219,10.813653928724776
T103329,CUST9084,2023-04-08 14:33:00,88.97,Grocery,NetBanking,Desktop,Bengaluru,0,132,367.33,810,No,0,14,8,4,0.24220727955789073,0,2.219178082191781,41.00425531914894
T103330,CUST9939,2023-02-17 04:45:00,77.51,Utilities,Debit Card,Desktop,Delhi,0,60,293.23,1466,No,0,4,17,2,0.2643317532312519,0,4.016438356164383,11.960677225559804
T103331,CUST4942,2023-09-23 19:59:00,108.46,Fashion,Debit Card,Mobile,Delhi,0,74,423.05,1492,No,0,19,23,9,0.25637631485639994,0,4.087671232876712,14.544964997307487
T103332,CUST5872,2023-07-04 12:11:00,14.89,Entertainment,UPI,Desktop,Hyderabad,0,31,48.13,330,No,0,12,4,7,0.3093704550176605,0,0.9041095890410958,16.280575539568346
T103333,CUST8250,2023-03-03 04:26:00,17.35,Fashion,Debit Card,POS,Chennai,0,14,449.28,289,No,0,4,3,3,0.03861734330484331,0,0.7917808219178082,7.813455657492355
T103334,CUST7167,2023-10-17 06:38:00,176.88,Health,UPI,POS,Mumbai,0,60,202.09,1245,No,0,6,17,10,0.875253599881241,0,3.410958904109589,13.60248447204969
T103335,CUST8574,2023-10-11 18:16:00,110.9,Fashion,Debit Card,POS,Bengaluru,0,68,245.54,1324,Yes,0,18,11,10,0.4516575710678505,0,3.627397260273973,14.695085849615156
T103336,CUST6054,2023-11-13 14:41:00,191.08,Food,PayPal,Desktop,Chennai,1,128,227.92,1033,No,1,14,13,11,0.8383643383643384,0,2.83013698630137,33.419170243204576
T103337,CUST5353,2023-06-22 04:49:00,113.74,Electronics,Credit Card,Desktop,Chennai,1,26,270.33,645,No,0,4,22,6,0.4207450153516073,0,1.7671232876712328,9.396039603960396
T103338,CUST3987,2023-05-11 10:23:00,72.74,Health,PayPal,POS,Pune,0,152,303.1,461,No,0,10,11,5,0.23998680303530184,0,1.263013698630137,67.16707021791768
T103339,CUST1015,2023-07-11 19:26:00,84.94,Health,UPI,Desktop,Pune,0,184,358.07,745,No,0,19,11,7,0.2372161867791214,0,2.041095890410959,60.5045045045045
T103340,CUST5152,2023-04-08 13:30:00,175.95,Electronics,UPI,POS,Bengaluru,0,137,267.22,725,No,0,13,8,4,0.6584462240850235,0,1.9863013698630136,45.87614678899082
T103341,CUST9838,2023-03-28 16:44:00,69.17,Utilities,PayPal,Mobile,Bengaluru,0,35,345.54,1270,Yes,0,16,28,3,0.20017942929906812,0,3.4794520547945207,7.813455657492354
T103342,CUST1166,2023-04-09 16:56:00,80.06,Health,Credit Card,POS,Bengaluru,1,106,175.77,1144,No,0,16,9,4,0.4554815952665415,0,3.1342465753424658,25.63949635520212
T103343,CUST1824,2023-01-30 04:48:00,13.61,Fashion,Credit Card,Mobile,Bengaluru,0,24,468.97,227,No,0,4,30,1,0.02902104612235324,0,0.6219178082191781,14.797297297297296
T103344,CUST4379,2023-06-07 00:19:00,51.38,Grocery,NetBanking,Mobile,Delhi,0,159,41.62,1012,No,1,0,7,6,1.2345026429601154,0,2.7726027397260276,42.145969498910674
T103345,CUST8684,2023-06-30 09:21:00,100.81,Travel,Debit Card,Mobile,Kolkata,0,83,277.31,1452,No,0,9,30,6,0.36352818145757454,0,3.978082191780822,16.673087506879472
T103346,CUST8995,2023-08-04 04:44:00,25.28,Utilities,NetBanking,POS,Kolkata,0,194,52.82,68,No,0,4,4,8,0.47860658841347975,0,0.1863013698630137,163.53348729792145
T103347,CUST9338,2023-02-28 10:12:00,18.08,Fashion,Credit Card,POS,Chennai,0,194,226.96,738,No,0,10,28,2,0.07966161438138879,0,2.021917808219178,64.19764279238441
T103348,CUST3622,2023-01-17 13:15:00,30.13,Entertainment,PayPal,Desktop,Kolkata,0,169,136.22,500,No,0,13,17,1,0.22118631625311994,0,1.36986301369863,71.31213872832369
T103349,CUST5869,2023-09-04 03:33:00,22.11,Entertainment,Debit Card,Desktop,Chennai,0,36,469.08,108,No,0,3,4,9,0.04713481708876951,0,0.2958904109589041,27.780126849894287
T103350,CUST9083,2023-10-02 02:56:00,19.36,Grocery,PayPal,Mobile,Delhi,1,101,16.41,758,No,1,2,2,10,1.1797684338817793,0,2.0767123287671234,32.82724844167409
T103351,CUST5475,2023-03-18 19:21:00,44.25,Utilities,NetBanking,POS,Kolkata,0,34,201.69,1881,No,0,19,18,3,0.21939610293023948,0,5.153424657534247,5.525378450578806
T103352,CUST3943,2023-09-29 08:35:00,190.74,Utilities,UPI,Desktop,Chennai,0,121,393.2,1147,Yes,1,8,29,9,0.48509664292980675,0,3.1424657534246574,29.209656084656086
T103353,CUST8771,2023-08-03 12:01:00,56.59,Grocery,PayPal,Desktop,Bengaluru,0,39,102.35,713,No,0,12,3,8,0.5529066927210553,0,1.9534246575342467,13.205009276437847
T103354,CUST2756,2023-12-04 02:09:00,16.65,Utilities,NetBanking,Desktop,Mumbai,0,23,409.64,72,No,0,2,4,12,0.04064544478078312,0,0.19726027397260273,19.210526315789473
T103355,CUST1581,2023-05-01 03:15:00,6.41,Health,NetBanking,POS,Kolkata,0,80,431.27,161,No,1,3,1,5,0.014863078813736176,0,0.4410958904109589,55.51330798479087
T103356,CUST1566,2023-04-18 11:12:00,95.3,Food,NetBanking,Desktop,Pune,0,172,356.92,106,No,0,11,18,4,0.2670066121259666,0,0.29041095890410956,133.29087048832272
T103357,CUST9330,2023-04-22 15:30:00,38.6,Food,UPI,Mobile,Pune,0,70,112.44,1999,No,0,15,22,4,0.3432942013518321,0,5.476712328767123,10.807952622673435
T103358,CUST3251,2023-06-21 16:02:00,138.0,Utilities,UPI,POS,Chennai,0,186,143.3,1285,No,0,16,21,6,0.9630146545708304,0,3.5205479452054793,41.14545454545455
T103359,CUST6302,2023-05-03 08:37:00,86.19,Health,UPI,Desktop,Mumbai,0,59,91.8,68,No,0,8,3,5,0.9388888888888889,0,0.1863013698630137,49.73441108545034
T103360,CUST9114,2023-12-11 15:47:00,127.27,Health,Debit Card,Desktop,Pune,0,154,100.19,1619,No,0,15,11,12,1.2702864557341051,0,4.435616438356164,28.331653225806452
T103361,CUST3572,2024-01-08 05:34:00,25.39,Electronics,UPI,POS,Kolkata,0,22,27.88,180,No,1,5,8,1,0.9106886657101866,0,0.4931506849315068,14.733944954128441
T103362,CUST5416,2023-09-20 23:36:00,94.31,Electronics,UPI,Desktop,Mumbai,0,109,430.08,1753,No,0,23,20,9,0.2192847842261905,0,4.802739726027397,18.784230406043438
T103363,CUST5491,2023-05-23 16:08:00,24.53,Travel,UPI,Desktop,Delhi,0,111,268.97,1005,No,0,16,23,5,0.0911997620552478,0,2.7534246575342465,29.572992700729927
T103364,CUST2600,2023-12-14 08:14:00,223.84,Travel,PayPal,Mobile,Hyderabad,0,88,170.6,1472,No,0,8,14,12,1.3120750293083236,0,4.032876712328767,17.48502994011976
T103365,CUST2679,2023-05-28 21:29:00,80.93,Travel,UPI,POS,Chennai,0,40,151.89,1875,No,0,21,28,5,0.5328198038053855,0,5.136986301369863,6.517857142857143
T103366,CUST9796,2023-01-07 05:55:00,31.39,Travel,Debit Card,Desktop,Delhi,0,85,276.9,1239,No,1,5,7,1,0.11336222462983027,0,3.3945205479452056,19.34226932668329
T103367,CUST2317,2023-03-16 10:05:00,25.12,Grocery,NetBanking,POS,Delhi,0,94,170.08,347,No,0,10,16,3,0.14769520225776106,0,0.9506849315068493,48.188202247191015
T103368,CUST4683,2023-11-13 22:21:00,16.95,Grocery,PayPal,POS,Mumbai,0,11,433.22,1517,No,0,22,13,11,0.03912561746918424,0,4.156164383561644,2.1333687566418704
T103369,CUST9680,2023-03-20 20:06:00,94.9,Electronics,Credit Card,Mobile,Chennai,0,117,113.37,1485,No,0,20,20,3,0.8370821204904296,0,4.068493150684931,23.083783783783783
T103370,CUST4871,2024-02-05 23:01:00,19.75,Food,UPI,Mobile,Delhi,0,9,442.33,1188,No,0,23,5,2,0.044649922003933716,0,3.254794520547945,2.115260785576304
T103371,CUST3484,2023-01-09 14:09:00,72.37,Health,NetBanking,POS,Bengaluru,0,12,335.41,1556,No,0,14,9,1,0.21576577919561135,0,4.263013698630137,2.280062467464862
T103372,CUST3067,2023-12-11 05:15:00,24.59,Entertainment,NetBanking,Mobile,Delhi,0,154,478.75,1738,No,0,5,11,12,0.051362924281984336,0,4.761643835616439,26.728483119353303
T103373,CUST8775,2024-02-10 11:06:00,86.77,Food,PayPal,Mobile,Bengaluru,0,38,17.4,1322,No,0,11,10,2,4.986781609195402,1,3.621917808219178,8.221695317131001
T103374,CUST3886,2023-01-27 05:16:00,134.97,Fashion,Credit Card,Desktop,Hyderabad,0,131,38.96,466,No,0,5,27,1,3.4643223819301845,1,1.2767123287671234,57.53910950661852
T103375,CUST7490,2024-02-19 21:13:00,120.42,Grocery,Debit Card,Mobile,Bengaluru,0,126,255.44,656,No,0,21,19,2,0.4714218603194488,0,1.7972602739726027,45.04407443682665
T103376,CUST4644,2023-08-28 13:23:00,114.45,Travel,NetBanking,Mobile,Bengaluru,0,143,457.07,1551,No,0,13,28,8,0.2503992823856302,0,4.249315068493151,27.241649269311065
T103377,CUST5108,2023-07-23 00:09:00,16.63,Travel,NetBanking,Desktop,Mumbai,1,175,368.09,1786,No,1,0,23,7,0.04517916813822707,0,4.8931506849315065,29.69549046954905
T103378,CUST6771,2023-01-14 11:13:00,7.4,Fashion,NetBanking,Desktop,Delhi,0,133,314.85,580,No,0,11,14,1,0.02350325551850087,0,1.5890410958904109,51.37037037037037
T103379,CUST6958,2024-01-08 02:29:00,96.04,Food,NetBanking,POS,Hyderabad,0,54,25.49,369,Yes,1,2,8,1,3.7677520596312286,1,1.010958904109589,26.852861035422343
T103380,CUST7336,2023-05-13 06:56:00,36.75,Travel,PayPal,Mobile,Delhi,1,24,183.54,1295,No,0,6,13,5,0.2002288329519451,0,3.547945205479452,5.27710843373494
T103381,CUST6900,2023-07-29 14:48:00,45.3,Food,Credit Card,Desktop,Kolkata,0,139,179.47,1274,No,0,14,29,7,0.25240987351646516,0,3.4904109589041097,30.954850518608907
T103382,CUST5875,2023-06-06 13:36:00,2.53,Health,NetBanking,Mobile,Kolkata,0,121,275.62,687,No,0,13,6,6,0.009179304839997097,0,1.8821917808219177,41.9819391634981
T103383,CUST8499,2023-07-04 18:16:00,24.04,Fashion,Debit Card,POS,Bengaluru,0,119,136.34,947,No,0,18,4,7,0.17632389614199795,0,2.5945205479452054,33.10594512195122
T103384,CUST3653,2023-04-25 08:56:00,2.74,Entertainment,Debit Card,Mobile,Pune,0,161,140.91,1729,No,0,8,25,4,0.019445035838478463,0,4.736986301369863,28.063514804202484
T103385,CUST6194,2023-06-10 16:03:00,169.08,Food,UPI,Mobile,Bengaluru,0,74,314.22,390,No,0,16,10,6,0.5380943288142066,0,1.0684931506849316,35.7748344370861
T103386,CUST6071,2023-11-01 09:08:00,22.31,Health,NetBanking,Mobile,Delhi,0,185,472.84,1933,No,0,9,1,11,0.047182979443363506,0,5.295890410958904,29.38424717145344
T103387,CUST2280,2023-07-02 16:48:00,65.2,Utilities,NetBanking,Desktop,Hyderabad,0,180,333.49,1025,No,0,16,2,7,0.19550811118774175,0,2.808219178082192,47.26618705035971
T103388,CUST1378,2023-03-22 08:33:00,3.18,Utilities,NetBanking,Desktop,Pune,0,192,337.38,1893,No,0,8,22,3,0.009425573537257693,0,5.186301369863013,31.036315323294954
T103389,CUST7508,2024-01-13 14:27:00,87.93,Food,NetBanking,POS,Hyderabad,0,171,493.25,800,No,0,14,13,1,0.17826659908768375,0,2.191780821917808,53.57510729613734
T103390,CUST5799,2024-01-31 17:28:00,31.21,Utilities,NetBanking,Mobile,Mumbai,0,121,85.2,219,Yes,0,17,31,1,0.3663145539906103,0,0.6,75.625
T103391,CUST2104,2023-04-05 12:34:00,182.56,Food,Debit Card,POS,Bengaluru,0,128,26.58,442,No,0,12,5,4,6.868322046651619,1,1.210958904109589,57.89343246592318
T103392,CUST4778,2023-08-03 05:30:00,175.22,Travel,Credit Card,POS,Bengaluru,0,44,375.3,358,No,0,5,3,8,0.46687982946975753,0,0.9808219178082191,22.213001383125864
T103393,CUST4316,2023-07-24 05:40:00,31.48,Electronics,Credit Card,Desktop,Kolkata,0,90,225.01,1829,No,0,5,24,7,0.13990489311586152,0,5.010958904109589,14.972652689152232
T103394,CUST7746,2023-03-15 09:55:00,184.98,Utilities,UPI,Mobile,Mumbai,0,164,220.12,1275,No,0,9,15,3,0.8403598037434126,0,3.493150684931507,36.5
T103395,CUST8267,2023-04-21 10:02:00,444.93,Grocery,Debit Card,Mobile,Kolkata,0,12,120.4,1897,No,0,10,21,4,3.6954318936877075,1,5.197260273972603,1.936339522546419
T103396,CUST7243,2023-12-17 02:16:00,139.63,Food,NetBanking,POS,Delhi,0,184,258.36,1739,No,0,2,17,12,0.540447437683852,0,4.764383561643836,31.920152091254753
T103397,CUST5932,2023-10-29 19:09:00,149.08,Food,Credit Card,Mobile,Bengaluru,0,3,226.66,121,No,0,19,29,10,0.6577252272125651,0,0.3315068493150685,2.253086419753086
T103398,CUST1321,2023-01-11 05:48:00,22.91,Food,PayPal,Desktop,Delhi,0,50,179.27,469,No,0,5,11,1,0.12779606180621408,0,1.284931506849315,21.882494004796165
T103399,CUST6978,2024-01-12 11:43:00,68.77,Electronics,PayPal,POS,Hyderabad,0,157,226.95,1159,No,0,11,12,1,0.30301828596607183,0,3.175342465753425,37.601706036745405
T103400,CUST7522,2023-08-08 06:12:00,5.57,Health,PayPal,POS,Pune,0,108,198.08,274,No,0,6,8,8,0.028119951534733442,0,0.7506849315068493,61.690140845070424
T103401,CUST4160,2023-06-03 21:43:00,7.98,Utilities,NetBanking,Desktop,Pune,0,16,470.55,1358,No,0,21,3,6,0.01695887790883009,0,3.7205479452054795,3.389437028438769
T103402,CUST9922,2023-03-12 17:32:00,544.46,Entertainment,NetBanking,Desktop,Pune,0,168,490.32,1608,No,0,17,12,3,1.110417686408876,0,4.405479452054794,31.079574252407504
T103403,CUST5638,2023-03-25 00:14:00,31.64,Entertainment,UPI,Desktop,Kolkata,0,27,421.55,1959,No,0,0,25,3,0.07505633969873088,0,5.367123287671233,4.240533562822719
T103404,CUST1837,2023-11-15 02:48:00,110.32,Fashion,UPI,Desktop,Chennai,0,123,495.3,938,No,1,2,15,11,0.22273369674944477,0,2.56986301369863,34.45510360706063
T103405,CUST2777,2023-06-22 18:58:00,131.47,Travel,UPI,Desktop,Mumbai,0,70,140.2,1823,Yes,0,18,22,6,0.9377318116975749,0,4.994520547945205,11.677330895795247
T103406,CUST3049,2023-12-24 22:40:00,156.17,Electronics,PayPal,Desktop,Pune,0,42,423.03,862,No,0,22,24,12,0.36917003522208824,0,2.361643835616438,12.493887530562347
T103407,CUST6145,2023-11-29 16:26:00,483.53,Health,NetBanking,POS,Bengaluru,0,185,209.25,1651,No,0,16,29,11,2.3107765830346474,1,4.523287671232877,33.494543650793645
T103408,CUST2246,2023-10-01 10:24:00,22.11,Food,PayPal,Mobile,Mumbai,0,138,375.61,126,No,0,10,1,10,0.05886424749074838,0,0.3452054794520548,102.58655804480651
T103409,CUST8529,2023-03-10 16:01:00,3.3,Health,UPI,Mobile,Hyderabad,0,125,108.68,967,No,0,16,10,3,0.030364372469635623,0,2.649315068493151,34.253003003003
T103410,CUST2321,2023-07-27 16:44:00,42.37,Electronics,NetBanking,POS,Hyderabad,0,166,407.86,983,No,0,16,27,7,0.10388368557838473,0,2.6931506849315068,44.94807121661721
T103411,CUST4006,2023-03-15 05:27:00,11.15,Electronics,Debit Card,Mobile,Kolkata,0,136,50.9,1530,No,0,5,15,3,0.21905697445972497,0,4.191780821917808,26.195250659630606
T103412,CUST1153,2023-07-04 15:40:00,1.81,Electronics,Credit Card,Mobile,Hyderabad,0,146,142.57,1319,No,0,15,4,7,0.012695517991162237,0,3.6136986301369864,31.644893111638954
T103413,CUST1274,2023-11-02 19:04:00,35.76,Fashion,Credit Card,POS,Hyderabad,0,145,412.76,604,No,0,19,2,11,0.08663630196724488,0,1.6547945205479453,54.618163054695565
T103414,CUST5073,2023-06-06 21:46:00,122.5,Grocery,UPI,Mobile,Chennai,0,58,376.11,132,No,0,21,6,6,0.32570258700911964,0,0.36164383561643837,42.59557344064386
T103415,CUST9813,2023-02-03 09:46:00,66.81,Travel,PayPal,Mobile,Delhi,0,106,255.61,1307,No,0,9,3,2,0.261374750596612,0,3.580821917808219,23.13995215311005
T103416,CUST1769,2023-06-09 23:32:00,30.01,Fashion,Debit Card,POS,Delhi,0,66,339.67,1508,No,0,23,9,6,0.08835045779727382,0,4.131506849315069,12.861719167111584
T103417,CUST3051,2023-10-09 11:32:00,84.98,Fashion,NetBanking,Mobile,Pune,0,172,100.93,858,No,0,11,9,10,0.8419696819577925,0,2.350684931506849,51.33278822567457
T103418,CUST8749,2023-03-20 20:20:00,21.12,Utilities,PayPal,Desktop,Chennai,0,84,337.2,542,No,0,20,20,3,0.06263345195729537,0,1.484931506849315,33.80374862183021
T103419,CUST4657,2024-02-14 02:36:00,1.16,Grocery,UPI,POS,Kolkata,0,9,13.91,695,No,0,2,14,2,0.08339324227174694,0,1.904109589041096,3.099056603773585
T103420,CUST4848,2024-01-18 03:51:00,115.63,Fashion,PayPal,Mobile,Delhi,0,176,418.28,1546,No,0,3,18,1,0.2764416180548915,0,4.235616438356164,33.61590790162219
T103421,CUST4025,2023-10-03 19:12:00,78.2,Electronics,UPI,Mobile,Kolkata,0,167,262.98,1314,No,0,19,3,10,0.29736101604684767,0,3.6,36.30434782608696
T103422,CUST4997,2023-06-11 12:21:00,114.94,Electronics,Credit Card,Desktop,Kolkata,0,105,472.5,64,No,0,12,11,6,0.24325925925925926,0,0.17534246575342466,89.33566433566433
T103423,CUST5599,2024-02-04 04:19:00,3.18,Utilities,Credit Card,POS,Hyderabad,0,89,244.3,1434,No,0,4,4,2,0.013016782644289808,0,3.9287671232876713,18.057254030016676
T103424,CUST2612,2024-01-13 05:41:00,145.18,Health,PayPal,POS,Delhi,1,89,222.21,426,No,1,5,13,1,0.6533459340263714,0,1.167123287671233,41.06826801517067
T103425,CUST8528,2023-09-12 04:37:00,77.31,Food,Debit Card,Mobile,Mumbai,0,88,230.53,56,No,1,4,12,9,0.3353576541014185,0,0.15342465753424658,76.29453681710214
T103426,CUST5666,2023-02-09 22:39:00,66.3,Fashion,NetBanking,Desktop,Pune,0,6,186.27,1961,No,0,22,9,2,0.3559349331615397,0,5.372602739726028,0.9415305245055889
T103427,CUST2262,2023-03-09 01:40:00,78.38,Food,UPI,Desktop,Delhi,0,158,91.67,1915,No,0,1,9,3,0.8550234536925929,0,5.2465753424657535,25.29385964912281
T103428,CUST4325,2023-05-14 18:31:00,159.86,Travel,NetBanking,Desktop,Mumbai,0,123,422.61,335,No,0,18,14,5,0.3782683798301034,0,0.9178082191780822,64.13571428571429
T103429,CUST1541,2023-05-19 09:59:00,70.73,Entertainment,Credit Card,Desktop,Bengaluru,0,74,200.65,1789,No,0,9,19,5,0.35250436082731124,0,4.901369863013699,12.539461467038068
T103430,CUST4257,2023-06-24 19:34:00,69.58,Electronics,Debit Card,Desktop,Mumbai,1,103,269.26,728,No,0,19,24,6,0.2584119438460967,0,1.9945205479452055,34.39615736505032
T103431,CUST2647,2023-12-03 04:24:00,374.04,Health,Debit Card,Desktop,Mumbai,0,146,19.74,1724,No,0,4,3,12,18.948328267477205,1,4.723287671232876,25.509813307802776
T103432,CUST4844,2023-02-26 20:03:00,113.09,Travel,NetBanking,POS,Hyderabad,0,171,39.52,610,No,0,20,26,2,2.8615890688259107,1,1.6712328767123288,64.01538461538462
T103433,CUST3671,2023-08-24 12:24:00,46.71,Utilities,Credit Card,Mobile,Hyderabad,0,33,302.62,194,No,0,12,24,8,0.15435199259797766,0,0.5315068493150685,21.547406082289804
T103434,CUST8879,2023-05-27 18:52:00,98.32,Health,NetBanking,Mobile,Pune,0,181,440.82,1311,No,0,18,27,5,0.22303888208339004,0,3.591780821917808,39.41825775656324
T103435,CUST9653,2023-03-04 20:08:00,39.44,Entertainment,PayPal,Desktop,Hyderabad,0,184,251.76,131,No,0,20,4,3,0.15665713377820145,0,0.3589041095890411,135.40322580645162
T103436,CUST4920,2023-12-14 19:59:00,20.79,Entertainment,Debit Card,POS,Mumbai,0,147,90.84,484,No,0,19,14,12,0.22886393659180976,0,1.326027397260274,63.19787985865724
T103437,CUST8597,2023-02-15 04:46:00,72.68,Utilities,Debit Card,POS,Chennai,0,87,66.9,222,No,0,4,15,2,1.0863976083707025,0,0.6082191780821918,54.09710391822828
T103438,CUST3131,2023-01-01 02:16:00,210.69,Grocery,PayPal,Desktop,Hyderabad,0,69,450.9,1824,Yes,0,2,1,1,0.46726546906187627,0,4.997260273972603,11.50525354042942
T103439,CUST2928,2024-01-06 22:59:00,211.76,Utilities,Credit Card,Mobile,Hyderabad,0,124,353.8,945,No,0,22,6,1,0.5985302430751837,0,2.589041095890411,34.54961832061068
T103440,CUST8739,2023-12-29 19:21:00,33.47,Electronics,Debit Card,Desktop,Mumbai,0,26,483.44,927,No,0,19,29,12,0.06923299685586629,0,2.5397260273972604,7.345201238390093
T103441,CUST5240,2023-12-25 20:33:00,60.01,Travel,UPI,POS,Bengaluru,0,157,50.35,839,No,0,20,25,12,1.1918570009930485,0,2.2986301369863016,47.59551495016611
T103442,CUST1230,2023-04-05 16:07:00,19.02,Grocery,UPI,Desktop,Bengaluru,1,152,452.28,328,No,1,16,5,4,0.04205359511806846,0,0.8986301369863013,80.05772005772006
T103443,CUST6504,2023-05-15 12:39:00,434.66,Entertainment,Credit Card,Mobile,Delhi,0,6,424.36,50,No,0,12,15,5,1.0242718446601942,0,0.136986301369863,5.27710843373494
T103444,CUST7251,2023-12-31 20:00:00,317.56,Travel,PayPal,Mobile,Pune,0,182,447.66,74,No,0,20,31,12,0.7093776526828396,0,0.20273972602739726,151.32118451025056
T103445,CUST8849,2023-07-14 03:29:00,83.87,Health,NetBanking,POS,Bengaluru,1,39,12.82,1533,No,1,3,14,7,6.542121684867395,1,4.2,7.5
T103446,CUST5391,2024-02-09 21:47:00,130.54,Grocery,Credit Card,Desktop,Hyderabad,0,4,373.53,525,No,0,21,9,2,0.3494766149974567,0,1.4383561643835616,1.6404494382022472
T103447,CUST4357,2024-01-16 00:13:00,100.45,Grocery,NetBanking,Desktop,Chennai,0,128,278.98,1841,No,0,0,16,1,0.3600616531651014,0,5.043835616438356,21.178603807796918
T103448,CUST2141,2023-03-05 08:46:00,71.95,Electronics,Credit Card,POS,Delhi,0,58,290.86,712,No,0,8,5,3,0.24736986866533728,0,1.9506849315068493,19.65645311049211
T103449,CUST6854,2023-06-11 15:24:00,4.39,Utilities,UPI,Desktop,Pune,0,48,239.91,1743,No,0,15,11,6,0.018298528614897253,0,4.7753424657534245,8.311195445920303
T103450,CUST7490,2024-01-10 01:24:00,48.52,Food,PayPal,POS,Chennai,0,60,373.91,252,No,1,1,10,1,0.12976384691503304,0,0.6904109589041096,35.49432739059967
T103451,CUST8608,2023-03-17 15:04:00,89.86,Health,UPI,Desktop,Chennai,0,26,499.92,328,No,0,15,17,3,0.17974875980156824,0,0.8986301369863013,13.694083694083695
T103452,CUST2944,2023-08-09 15:26:00,90.54,Health,PayPal,Mobile,Hyderabad,1,77,358.16,1534,No,0,15,9,8,0.2527920482465937,0,4.2027397260273975,14.799894681411269
T103453,CUST6361,2023-06-17 02:25:00,37.36,Utilities,NetBanking,POS,Mumbai,0,168,342.24,1077,No,0,2,17,6,0.10916316035530621,0,2.9506849315068493,42.52427184466019
T103454,CUST7847,2023-01-26 12:55:00,227.36,Grocery,Credit Card,Desktop,Mumbai,0,86,330.67,1391,No,0,12,26,1,0.6875737139746575,0,3.8109589041095893,17.875854214123006
T103455,CUST5160,2023-04-07 06:09:00,14.65,Grocery,Debit Card,Desktop,Mumbai,0,123,350.65,1137,No,0,6,7,4,0.041779552260088414,0,3.115068493150685,29.8901464713715
T103456,CUST5690,2023-04-11 12:01:00,55.51,Electronics,Debit Card,Desktop,Bengaluru,0,56,177.64,1113,No,0,12,11,4,0.3124859265931097,0,3.0493150684931507,13.829499323410014
T103457,CUST2255,2023-02-27 10:15:00,93.92,Food,PayPal,POS,Mumbai,0,39,166.91,317,No,0,10,27,2,0.5626984602480379,0,0.8684931506849315,20.872434017595307
T103458,CUST1303,2023-02-22 07:15:00,95.56,Health,PayPal,Mobile,Pune,0,81,394.33,1687,No,0,7,22,2,0.24233510004311112,0,4.6219178082191785,14.407894736842104
T103459,CUST1442,2023-10-30 18:00:00,83.68,Entertainment,UPI,Desktop,Hyderabad,0,167,36.01,546,No,0,18,30,10,2.323798944737573,1,1.4958904109589042,66.90998902305158
T103460,CUST8255,2023-05-27 15:25:00,25.76,Fashion,Debit Card,POS,Bengaluru,0,176,382.03,927,No,0,15,27,5,0.06742925948223963,0,2.5397260273972604,49.72136222910216
T103461,CUST7757,2023-01-25 18:37:00,13.59,Fashion,UPI,Desktop,Pune,0,25,408.78,183,No,0,18,25,1,0.033245266402465876,0,0.5013698630136987,16.651459854014597
T103462,CUST6923,2023-07-09 18:42:00,80.83,Food,NetBanking,Mobile,Mumbai,0,162,265.58,310,No,0,18,9,7,0.3043527374049251,0,0.8493150684931506,87.60000000000001
T103463,CUST3347,2024-01-10 21:49:00,73.16,Travel,Debit Card,Mobile,Pune,0,127,455.97,463,No,0,21,10,1,0.16044915235651466,0,1.2684931506849315,55.984299516908216
T103464,CUST6242,2023-12-12 22:54:00,15.81,Electronics,NetBanking,Mobile,Chennai,1,149,241.81,371,No,0,22,12,12,0.0653819114180555,0,1.0164383561643835,73.89266304347827
T103465,CUST1713,2023-03-18 06:45:00,97.7,Food,Credit Card,POS,Hyderabad,0,25,97.26,1988,No,0,6,18,3,1.004523956405511,0,5.446575342465754,3.8780280492987673
T103466,CUST9559,2023-06-09 13:53:00,48.58,Utilities,UPI,Desktop,Hyderabad,0,89,187.09,115,Yes,0,13,9,6,0.25966112566144633,0,0.3150684931506849,67.67708333333334
T103467,CUST6053,2023-09-08 10:26:00,88.15,Utilities,PayPal,POS,Pune,0,22,453.88,1640,No,0,10,8,9,0.19421432977879619,0,4.493150684931507,4.00498753117207
T103468,CUST5533,2023-12-19 22:51:00,145.3,Fashion,Debit Card,Desktop,Delhi,1,23,496.93,808,No,0,22,19,12,0.29239530718612283,0,2.213698630136986,7.1568627450980395
T103469,CUST2839,2023-03-02 05:10:00,14.88,Grocery,UPI,POS,Hyderabad,0,153,216.71,220,No,0,5,2,3,0.06866319043883531,0,0.6027397260273972,95.46153846153847
T103470,CUST3856,2023-01-20 14:55:00,1.55,Fashion,PayPal,Desktop,Chennai,0,154,91.75,1305,No,0,14,20,1,0.016893732970027248,0,3.5753424657534247,33.65868263473054
T103471,CUST9391,2024-01-24 17:25:00,120.8,Grocery,Credit Card,POS,Hyderabad,0,30,150.3,1121,No,0,17,24,1,0.8037258815701929,0,3.0712328767123287,7.368775235531628
T103472,CUST9721,2024-01-09 08:52:00,75.27,Electronics,Debit Card,Desktop,Delhi,0,166,281.12,1918,No,0,8,9,1,0.26775042686397266,0,5.254794520547946,26.53964082347788
T103473,CUST2018,2024-02-17 12:50:00,96.22,Grocery,NetBanking,POS,Hyderabad,0,103,290.33,1199,No,0,12,17,2,0.3314159749250853,0,3.2849315068493152,24.037723785166243
T103474,CUST5231,2023-10-27 22:24:00,145.69,Food,Credit Card,Mobile,Kolkata,0,162,318.73,1020,No,0,22,27,10,0.4570953471590374,0,2.7945205479452055,42.69314079422383
T103475,CUST3079,2023-08-14 08:55:00,129.89,Grocery,PayPal,POS,Hyderabad,0,77,419.32,905,No,0,8,14,8,0.3097634265000477,0,2.4794520547945207,22.12992125984252
T103476,CUST1835,2024-02-01 05:12:00,259.37,Travel,Debit Card,Mobile,Delhi,0,73,358.49,1687,No,0,5,1,2,0.7235069318530503,0,4.6219178082191785,12.984892787524366
T103477,CUST7512,2023-05-07 02:50:00,61.42,Utilities,Debit Card,Mobile,Kolkata,0,143,137.81,1977,No,0,2,7,5,0.44568608954357447,0,5.416438356164384,22.2865072587532
T103478,CUST4543,2024-01-04 07:12:00,53.63,Food,Credit Card,Desktop,Kolkata,0,95,203.57,1607,No,0,7,4,1,0.26344746278921255,0,4.402739726027397,17.583671399594323
T103479,CUST8827,2023-09-10 13:51:00,41.12,Utilities,Debit Card,Mobile,Hyderabad,0,172,421.51,1881,No,0,13,10,9,0.09755403193281298,0,5.153424657534247,27.951914514692785
T103480,CUST1419,2023-04-19 23:46:00,13.35,Electronics,PayPal,Mobile,Pune,0,95,320.36,691,No,0,23,19,4,0.041671869147209384,0,1.893150684931507,32.83617424242424
T103481,CUST7173,2023-05-02 15:27:00,68.0,Food,Credit Card,Desktop,Bengaluru,0,138,91.54,1989,No,0,15,2,5,0.7428446580729735,0,5.449315068493151,21.397621070518266
T103482,CUST2377,2023-10-12 06:30:00,25.95,Travel,NetBanking,POS,Kolkata,0,117,169.51,603,No,0,6,12,10,0.15308831337384227,0,1.652054794520548,44.11673553719009
T103483,CUST7068,2023-01-11 23:17:00,203.38,Electronics,Credit Card,POS,Pune,1,37,397.63,1308,No,0,23,11,1,0.5114805220934034,0,3.5835616438356164,8.072325164375373
T103484,CUST5581,2023-02-04 17:14:00,70.01,Fashion,Credit Card,Mobile,Hyderabad,0,7,94.33,160,No,0,17,4,2,0.7421817025336584,0,0.4383561643835616,4.866666666666667
T103485,CUST4257,2023-03-28 21:42:00,71.88,Travel,NetBanking,POS,Mumbai,0,124,348.61,868,No,0,21,28,3,0.20619029861449756,0,2.378082191780822,36.707218167072185
T103486,CUST9417,2024-01-19 19:14:00,35.07,Electronics,PayPal,Mobile,Mumbai,0,32,286.13,988,No,0,19,19,1,0.12256666550169504,0,2.706849315068493,8.632668144863267
T103487,CUST6724,2023-08-03 21:04:00,4.27,Entertainment,UPI,POS,Bengaluru,0,11,82.26,1430,No,0,21,3,8,0.05190858254315584,0,3.9178082191780823,2.236768802228412
T103488,CUST9488,2024-02-12 17:37:00,2.58,Grocery,UPI,POS,Kolkata,0,176,347.55,1585,No,0,17,12,2,0.007423392317652136,0,4.342465753424658,32.94358974358974
T103489,CUST4628,2023-07-12 00:00:00,44.04,Food,NetBanking,POS,Hyderabad,0,109,79.75,1252,No,0,0,12,7,0.5522257053291536,0,3.43013698630137,24.60420531849103
T103490,CUST6517,2023-08-28 03:02:00,7.07,Electronics,PayPal,Mobile,Chennai,0,92,205.23,868,No,0,3,28,8,0.034449154607026265,0,2.378082191780822,27.23438767234388
T103491,CUST1973,2023-12-14 05:29:00,74.68,Food,Debit Card,Desktop,Kolkata,0,196,161.19,250,No,1,5,14,12,0.4633041751969726,0,0.684931506849315,116.32520325203251
T103492,CUST6192,2023-11-21 12:10:00,170.27,Grocery,NetBanking,POS,Hyderabad,0,48,348.1,1463,No,0,12,21,11,0.48914105142200515,0,4.008219178082192,9.584245076586432
T103493,CUST1522,2023-07-05 22:10:00,171.59,Electronics,UPI,POS,Mumbai,0,45,393.36,1990,No,0,22,5,7,0.43621618873296725,0,5.4520547945205475,6.974522292993631
T103494,CUST4482,2023-11-21 10:18:00,86.08,Fashion,PayPal,POS,Delhi,0,95,92.48,672,No,0,10,21,11,0.930795847750865,0,1.841095890410959,33.43780135004822
T103495,CUST6680,2023-01-23 04:43:00,18.98,Entertainment,Credit Card,Mobile,Bengaluru,0,33,407.88,1224,No,0,4,23,1,0.046533294106109645,0,3.3534246575342466,7.580239144115797
T103496,CUST9759,2023-11-15 22:50:00,159.02,Entertainment,PayPal,Desktop,Delhi,0,118,13.53,1198,No,0,22,15,11,11.753141167775315,1,3.282191780821918,27.555982085732563
T103497,CUST8237,2023-07-12 14:25:00,173.79,Travel,PayPal,Mobile,Chennai,0,132,269.73,517,No,0,14,12,7,0.6443109776443109,0,1.4164383561643836,54.625850340136054
T103498,CUST5829,2024-01-25 18:07:00,17.52,Electronics,UPI,POS,Hyderabad,0,47,263.23,881,No,0,18,25,1,0.06655776317289062,0,2.4136986301369863,13.768057784911718
T103499,CUST6910,2023-02-02 08:21:00,106.98,Grocery,UPI,Mobile,Chennai,0,122,315.67,383,Yes,0,8,2,2,0.3388982164919061,0,1.0493150684931507,59.532085561497325
T103500,CUST4672,2023-01-26 03:09:00,27.01,Electronics,Debit Card,POS,Delhi,0,53,127.45,1234,No,0,3,26,1,0.21192624558650452,0,3.3808219178082193,12.098186366479048
T103501,CUST2246,2024-02-08 00:09:00,129.82,Food,Debit Card,POS,Hyderabad,0,126,14.83,977,No,0,0,8,2,8.753877275792313,1,2.6767123287671235,34.269746646795824
T103502,CUST8712,2023-05-03 06:56:00,471.34,Health,NetBanking,Mobile,Kolkata,0,159,232.83,190,No,0,6,3,5,2.0243954816819136,1,0.5205479452054794,104.56756756756758
T103503,CUST6488,2024-02-09 06:28:00,2.44,Utilities,Credit Card,POS,Pune,0,159,44.99,493,No,0,6,9,2,0.05423427428317403,0,1.3506849315068492,67.63986013986015
T103504,CUST6941,2023-07-12 06:20:00,182.13,Electronics,Debit Card,POS,Pune,0,27,447.18,1113,No,0,6,12,7,0.40728565678250367,0,3.0493150684931507,6.667794316644113
T103505,CUST7772,2023-02-14 12:01:00,77.96,Entertainment,UPI,Desktop,Kolkata,0,89,95.1,244,No,0,12,14,2,0.8197686645636172,0,0.6684931506849315,53.34154351395731
T103506,CUST4991,2024-02-20 14:33:00,290.1,Entertainment,PayPal,Mobile,Chennai,0,176,218.36,609,No,0,14,20,2,1.3285400256457227,0,1.6684931506849314,65.95482546201232
T103507,CUST8282,2023-09-10 04:12:00,50.04,Utilities,NetBanking,Mobile,Pune,0,36,222.66,1926,No,0,4,10,9,0.22473726758286175,0,5.276712328767124,5.735486687036229
T103508,CUST8226,2023-08-02 07:55:00,150.39,Entertainment,Debit Card,POS,Pune,0,177,280.9,1245,No,0,7,2,8,0.5353862584549661,0,3.410958904109589,40.12732919254658
T103509,CUST2115,2023-08-30 06:59:00,5.15,Fashion,PayPal,POS,Mumbai,0,159,393.44,517,No,0,6,30,8,0.013089670597803986,0,1.4164383561643836,65.79931972789116
T103510,CUST3675,2023-06-06 14:52:00,32.67,Electronics,PayPal,Mobile,Pune,0,101,241.35,254,No,0,14,6,6,0.13536357986326913,0,0.6958904109589041,59.55573505654281
T103511,CUST5100,2023-01-11 09:09:00,5.55,Travel,Debit Card,Mobile,Mumbai,1,122,22.62,1445,No,1,9,11,1,0.24535809018567636,0,3.958904109589041,24.602209944751383
T103512,CUST9568,2023-10-18 05:11:00,296.22,Electronics,Credit Card,Mobile,Bengaluru,0,172,387.84,738,No,0,5,18,10,0.7637685643564358,0,2.021917808219178,56.91749773345422
T103513,CUST6882,2023-08-09 07:39:00,135.85,Health,Credit Card,POS,Mumbai,0,125,50.26,190,No,0,7,9,8,2.7029446876243535,1,0.5205479452054794,82.20720720720722
T103514,CUST5147,2023-08-11 16:06:00,153.14,Entertainment,NetBanking,Desktop,Mumbai,0,59,324.36,1814,No,0,16,11,8,0.472129732396103,0,4.96986301369863,9.882973841211566
T103515,CUST3853,2023-05-10 05:49:00,222.4,Food,Credit Card,Desktop,Delhi,0,23,403.68,1974,No,0,5,10,5,0.550931430836306,0,5.4082191780821915,3.589140658401026
T103516,CUST7697,2024-01-27 20:02:00,7.12,Entertainment,NetBanking,POS,Mumbai,0,99,148.52,484,No,0,20,27,1,0.04793967142472394,0,1.326027397260274,42.561837455830386
T103517,CUST7084,2024-01-31 09:28:00,38.97,Electronics,UPI,POS,Mumbai,0,68,230.06,1164,No,0,9,31,1,0.16939059375815005,0,3.1890410958904107,16.232831916285154
T103518,CUST3812,2023-07-03 06:45:00,5.89,Fashion,Debit Card,POS,Delhi,0,92,17.02,1956,No,0,6,3,7,0.34606345475910694,0,5.358904109589041,14.467901766479967
T103519,CUST4596,2023-07-11 05:35:00,18.94,Grocery,PayPal,Mobile,Mumbai,1,170,403.9,1112,No,0,5,11,7,0.04689279524634811,0,3.0465753424657533,42.01083276912661
T103520,CUST3628,2024-01-15 13:50:00,20.84,Electronics,NetBanking,POS,Pune,0,105,354.6,574,No,0,13,15,1,0.05877044557247602,0,1.5726027397260274,40.814696485623
T103521,CUST9655,2023-12-18 10:13:00,50.66,Electronics,Credit Card,Mobile,Kolkata,0,42,123.38,1606,No,0,10,18,12,0.4106013940671097,0,4.4,7.777777777777778
T103522,CUST3647,2023-05-31 17:52:00,25.02,Travel,NetBanking,Desktop,Mumbai,0,141,201.21,1726,No,0,17,31,5,0.12434769643655881,0,4.728767123287671,24.612625538020087
T103523,CUST4659,2023-12-05 17:00:00,8.52,Fashion,NetBanking,POS,Bengaluru,0,129,350.71,58,No,0,17,5,12,0.024293575888911068,0,0.1589041095890411,111.31205673758865
T103524,CUST3787,2023-04-14 10:25:00,14.66,Health,Credit Card,POS,Mumbai,0,53,185.5,796,No,0,10,14,4,0.07902964959568733,0,2.180821917808219,16.66236003445306
T103525,CUST5419,2023-02-24 22:13:00,12.75,Grocery,Credit Card,Mobile,Mumbai,0,168,89.58,1988,No,0,22,24,2,0.14233087742799733,0,5.446575342465754,26.060348491287716
T103526,CUST1717,2023-07-13 01:14:00,289.18,Entertainment,Debit Card,Mobile,Bengaluru,0,90,264.07,214,No,0,1,13,7,1.0950884235240657,0,0.5863013698630137,56.73575129533678
T103527,CUST1439,2023-02-15 22:00:00,113.93,Food,PayPal,Mobile,Kolkata,0,174,364.55,1926,No,0,22,15,2,0.31252228775202306,0,5.276712328767124,27.72151898734177
T103528,CUST1274,2023-07-18 17:18:00,274.77,Electronics,Debit Card,Desktop,Delhi,0,116,167.2,1277,No,0,17,18,7,1.6433612440191387,0,3.4986301369863013,25.785627283800242
T103529,CUST8031,2023-06-20 01:45:00,46.35,Health,Debit Card,Desktop,Pune,0,87,69.67,386,Yes,1,1,20,6,0.6652791732452993,0,1.0575342465753426,42.28362183754993
T103530,CUST1041,2023-08-13 18:58:00,26.1,Grocery,Credit Card,POS,Kolkata,0,113,416.48,521,No,0,18,13,8,0.06266807529773338,0,1.4273972602739726,46.55191873589165
T103531,CUST8337,2023-05-23 17:20:00,128.08,Food,Credit Card,POS,Mumbai,0,150,133.87,762,No,0,17,23,5,0.9567490849331441,0,2.0876712328767124,48.58030168589175
T103532,CUST9398,2023-07-17 18:41:00,31.59,Health,PayPal,Mobile,Pune,0,115,261.28,1885,No,0,18,17,7,0.12090477648499695,0,5.164383561643835,18.655555555555555
T103533,CUST7124,2023-06-22 18:47:00,28.46,Fashion,NetBanking,Desktop,Chennai,0,180,348.76,1651,No,0,18,22,6,0.08160339488473449,0,4.523287671232877,32.589285714285715
T103534,CUST2803,2024-02-01 20:39:00,21.17,Fashion,Debit Card,POS,Pune,0,120,165.37,607,No,0,20,1,2,0.1280159642014876,0,1.663013698630137,45.06172839506173
T103535,CUST8372,2023-12-16 13:10:00,11.11,Grocery,PayPal,Mobile,Delhi,0,28,327.83,143,No,0,13,16,12,0.03388951590763505,0,0.3917808219178082,20.11811023622047
T103536,CUST5050,2023-03-12 05:34:00,23.71,Entertainment,Debit Card,Mobile,Delhi,0,53,235.26,407,No,0,5,12,3,0.10078211340644394,0,1.115068493150685,25.058290155440417
T103537,CUST7170,2023-08-11 14:07:00,35.12,Utilities,NetBanking,Desktop,Kolkata,0,117,289.51,1830,No,0,14,11,8,0.12130841767123761,0,5.013698630136986,19.455580865603647
T103538,CUST7172,2023-10-17 22:14:00,89.67,Food,Debit Card,Desktop,Mumbai,0,191,299.38,1338,No,0,22,17,10,0.299519005945621,0,3.665753424657534,40.936582501467996
T103539,CUST1368,2023-07-24 11:58:00,5.17,Fashion,UPI,POS,Bengaluru,1,145,413.83,126,No,1,11,24,7,0.012493052702800668,0,0.3452054794520548,107.79022403258655
T103540,CUST8435,2023-01-04 08:53:00,18.91,Utilities,PayPal,POS,Delhi,1,64,331.6,871,No,0,8,4,1,0.05702653799758745,0,2.3863013698630136,18.899676375404532
T103541,CUST8937,2023-07-30 11:29:00,132.45,Grocery,Credit Card,Mobile,Bengaluru,0,6,139.51,153,No,0,11,30,7,0.9493943086517095,0,0.4191780821917808,4.227799227799228
T103542,CUST7284,2023-01-17 02:54:00,12.71,Fashion,Debit Card,Mobile,Kolkata,0,142,39.21,185,No,0,2,17,1,0.3241520020402959,0,0.5068493150684932,94.23636363636363
T103543,CUST6875,2023-04-22 20:40:00,33.56,Fashion,PayPal,Mobile,Kolkata,0,114,10.97,139,No,0,20,22,4,3.059252506836828,1,0.38082191780821917,82.55952380952381
T103544,CUST1585,2023-09-11 11:58:00,160.0,Health,PayPal,POS,Chennai,0,128,453.16,82,No,0,11,11,9,0.3530761761850119,0,0.22465753424657534,104.51901565995526
T103545,CUST1754,2024-01-28 05:30:00,13.47,Utilities,Debit Card,Desktop,Bengaluru,0,17,471.63,1227,No,1,5,28,1,0.028560524139685774,0,3.361643835616438,3.897613065326633
T103546,CUST5868,2023-08-11 01:31:00,6.91,Health,Credit Card,POS,Kolkata,0,38,56.11,1732,No,0,1,11,8,0.12315095348422742,0,4.745205479452054,6.614210777300906
T103547,CUST7906,2023-10-18 00:34:00,53.02,Fashion,Credit Card,Desktop,Kolkata,0,197,248.66,617,No,1,0,18,10,0.21322287460789835,0,1.6904109589041096,73.22301425661914
T103548,CUST4377,2023-01-31 19:05:00,28.81,Utilities,Debit Card,POS,Kolkata,0,13,84.28,1367,No,0,19,31,1,0.34183673469387754,0,3.745205479452055,2.7396073903002307
T103549,CUST8902,2023-12-18 23:29:00,66.3,Travel,PayPal,POS,Hyderabad,0,112,474.89,755,Yes,0,23,18,12,0.139611278401314,0,2.0684931506849313,36.5
T103550,CUST4650,2023-11-09 03:58:00,130.29,Utilities,Credit Card,Desktop,Kolkata,0,181,130.95,1747,No,1,3,9,11,0.9949599083619702,0,4.786301369863014,31.280776515151516
T103551,CUST6323,2023-10-03 21:47:00,11.8,Health,Debit Card,POS,Kolkata,0,137,255.81,1443,No,0,21,3,10,0.04612798561432313,0,3.9534246575342467,27.657632743362832
T103552,CUST2599,2023-01-03 07:52:00,69.53,Food,Debit Card,POS,Bengaluru,0,172,91.15,74,No,0,7,3,1,0.7628085573230937,0,0.20273972602739726,143.00683371298405
T103553,CUST4622,2023-07-11 02:45:00,56.34,Grocery,Debit Card,Mobile,Delhi,1,127,173.05,965,No,1,2,11,7,0.32557064432245014,0,2.643835616438356,34.85338345864662
T103554,CUST3262,2023-04-11 07:22:00,12.45,Grocery,PayPal,Desktop,Bengaluru,0,106,140.74,1716,No,0,7,11,4,0.08846099189995736,0,4.701369863013698,18.592023065833736
T103555,CUST6014,2023-06-17 16:44:00,78.25,Entertainment,Credit Card,Desktop,Bengaluru,0,154,242.96,1170,No,0,16,17,6,0.32206947645702994,0,3.2054794520547945,36.618892508143325
T103556,CUST4287,2023-04-09 08:43:00,25.58,Food,PayPal,Mobile,Hyderabad,1,77,215.69,151,No,0,8,9,4,0.11859613333951503,0,0.4136986301369863,54.46705426356589
T103557,CUST4183,2023-04-04 14:14:00,53.53,Food,UPI,Desktop,Hyderabad,0,19,172.09,511,No,0,14,4,4,0.3110581672380731,0,1.4,7.916666666666667
T103558,CUST6287,2023-01-30 05:29:00,6.87,Food,Credit Card,Mobile,Mumbai,0,176,61.88,1223,No,0,5,30,1,0.1110213316095669,0,3.350684931506849,40.45340050377833
T103559,CUST3716,2023-11-20 19:27:00,49.23,Entertainment,PayPal,Desktop,Delhi,0,158,247.4,707,No,0,19,20,11,0.19898949070331445,0,1.936986301369863,53.79664179104478
T103560,CUST1603,2023-02-27 08:23:00,29.28,Food,Credit Card,Desktop,Kolkata,0,160,426.6,1453,No,0,8,27,2,0.06863572433192686,0,3.9808219178082194,32.123212321232124
T103561,CUST4120,2023-02-21 03:47:00,138.25,Electronics,UPI,Desktop,Mumbai,0,78,367.81,1895,No,0,3,21,2,0.3758734129034012,0,5.191780821917808,12.597345132743364
T103562,CUST2028,2023-01-03 00:44:00,4.69,Entertainment,NetBanking,Desktop,Kolkata,1,120,363.08,1996,Yes,1,0,3,1,0.012917263413021926,0,5.468493150684932,18.55146124523507
T103563,CUST3460,2023-06-08 18:10:00,43.39,Grocery,Debit Card,Mobile,Kolkata,0,79,189.38,1714,No,0,18,8,6,0.22911606294223255,0,4.695890410958904,13.86964886964887
T103564,CUST1387,2023-03-09 16:59:00,49.06,Electronics,PayPal,Mobile,Hyderabad,0,76,357.13,529,No,0,16,9,3,0.13737294542603534,0,1.4493150684931506,31.02908277404922
T103565,CUST3581,2023-11-18 14:12:00,103.28,Entertainment,UPI,Desktop,Kolkata,0,101,238.11,103,No,0,14,18,11,0.4337491075553315,0,0.2821917808219178,78.77136752136752
T103566,CUST4172,2023-12-09 02:59:00,68.32,Fashion,UPI,POS,Kolkata,0,75,83.64,1000,Yes,1,2,9,12,0.816834050693448,0,2.73972602739726,20.054945054945055
T103567,CUST8668,2023-11-04 15:31:00,88.02,Fashion,Credit Card,Mobile,Bengaluru,0,197,215.33,178,No,0,15,4,11,0.40876793758417307,0,0.4876712328767123,132.42173112338858
T103568,CUST1444,2023-02-17 21:26:00,120.06,Grocery,Credit Card,Desktop,Hyderabad,0,120,75.04,1590,No,0,21,17,2,1.5999466950959487,0,4.3561643835616435,22.404092071611256
T103569,CUST7523,2023-09-29 22:02:00,158.56,Fashion,Debit Card,Mobile,Chennai,0,139,66.1,921,No,0,22,29,9,2.3987897125567326,1,2.5232876712328767,39.451788491446344
T103570,CUST9444,2023-05-28 13:58:00,30.14,Food,Credit Card,POS,Bengaluru,0,83,21.3,1114,No,0,13,28,5,1.4150234741784038,0,3.052054794520548,20.48343475321163
T103571,CUST6926,2023-09-30 04:54:00,61.78,Entertainment,PayPal,POS,Mumbai,0,154,148.6,1919,No,0,4,30,9,0.4157469717362046,0,5.257534246575342,24.610332749562172
T103572,CUST4269,2023-09-12 23:36:00,146.66,Electronics,PayPal,POS,Bengaluru,0,26,172.13,1107,No,0,23,12,9,0.8520304421077093,0,3.032876712328767,6.447010869565219
T103573,CUST2909,2023-10-08 07:07:00,364.14,Food,PayPal,Desktop,Chennai,0,128,352.73,1276,No,0,7,8,10,1.0323476880333398,0,3.495890410958904,28.470444850700797
T103574,CUST2696,2023-01-09 09:09:00,176.23,Fashion,NetBanking,Desktop,Hyderabad,0,145,273.62,1784,No,0,9,9,1,0.6440684160514581,0,4.887671232876713,24.627733829688225
T103575,CUST9814,2023-08-18 04:19:00,37.15,Health,PayPal,POS,Delhi,0,83,430.64,502,No,0,4,18,8,0.08626695151402564,0,1.3753424657534246,34.94232987312572
T103576,CUST2238,2023-05-16 19:01:00,17.37,Utilities,Credit Card,Mobile,Kolkata,0,44,96.47,1369,No,0,19,16,5,0.1800559759510729,0,3.750684931506849,9.261822376009228
T103577,CUST9842,2023-01-12 09:29:00,53.77,Electronics,Credit Card,Mobile,Pune,0,84,140.32,199,No,0,9,12,1,0.3831955530216648,0,0.5452054794520548,54.361702127659576
T103578,CUST5697,2023-05-27 02:28:00,108.27,Food,PayPal,POS,Delhi,0,151,471.13,730,No,0,2,27,5,0.2298091821790164,0,2.0,50.333333333333336
T103579,CUST3587,2024-02-06 02:04:00,54.27,Entertainment,UPI,Desktop,Delhi,0,25,227.58,61,No,1,2,6,2,0.23846559451621407,0,0.16712328767123288,21.42018779342723
T103580,CUST3254,2023-03-15 23:25:00,52.8,Grocery,UPI,Mobile,Kolkata,0,37,396.63,82,No,0,23,15,3,0.13312154905075257,0,0.22465753424657534,30.21252796420582
T103581,CUST4880,2023-08-14 18:40:00,145.73,Food,UPI,Mobile,Hyderabad,0,112,251.16,969,No,0,18,14,8,0.5802277432712215,0,2.654794520547945,30.644677661169418
T103582,CUST8157,2023-05-31 05:53:00,35.88,Health,Debit Card,Mobile,Delhi,0,193,240.83,168,No,0,5,31,5,0.1489847610347548,0,0.4602739726027397,132.16697936210133
T103583,CUST7255,2024-02-12 09:51:00,157.17,Fashion,NetBanking,Desktop,Chennai,0,2,82.58,1427,No,0,9,12,2,1.9032453378542018,0,3.9095890410958902,0.4073660714285715
T103584,CUST5819,2023-06-13 20:12:00,41.78,Electronics,PayPal,POS,Kolkata,1,98,427.09,1100,No,0,20,13,6,0.09782481444192091,0,3.0136986301369864,24.41638225255973
T103585,CUST3560,2023-04-14 03:40:00,31.83,Grocery,Debit Card,Desktop,Hyderabad,0,32,48.39,119,No,0,3,14,4,0.6577805331680099,0,0.32602739726027397,24.13223140495868
T103586,CUST8294,2023-07-21 12:57:00,48.41,Electronics,UPI,Mobile,Delhi,0,89,162.03,857,No,0,12,21,7,0.29877183237672034,0,2.347945205479452,26.583469721767596
T103587,CUST1882,2023-04-28 10:16:00,114.99,Grocery,PayPal,POS,Kolkata,0,183,340.0,65,No,0,10,28,4,0.33820588235294113,0,0.1780821917808219,155.33720930232556
T103588,CUST9601,2023-07-19 12:53:00,10.77,Utilities,Debit Card,Desktop,Pune,0,178,258.56,1045,No,0,12,19,7,0.041653774752475246,0,2.863013698630137,46.07801418439716
T103589,CUST4305,2023-03-31 14:41:00,17.49,Entertainment,Credit Card,POS,Mumbai,0,193,441.88,958,No,0,14,31,3,0.03958088168733592,0,2.6246575342465754,53.2464096749811
T103590,CUST3132,2023-08-01 12:25:00,242.0,Electronics,UPI,Mobile,Hyderabad,0,160,29.26,1278,No,0,12,1,8,8.270676691729323,1,3.5013698630136987,35.54473524041388
T103591,CUST2757,2023-02-18 06:05:00,15.44,Fashion,Debit Card,Desktop,Hyderabad,0,37,328.21,583,No,0,6,18,2,0.04704305170470126,0,1.5972602739726027,14.245780590717299
T103592,CUST3045,2023-08-25 03:37:00,67.1,Entertainment,Credit Card,POS,Bengaluru,0,115,243.96,769,No,1,3,25,8,0.27504508935891125,0,2.106849315068493,37.01499118165785
T103593,CUST9451,2023-01-12 22:58:00,69.27,Entertainment,UPI,Desktop,Kolkata,0,141,85.61,298,No,0,22,12,1,0.8091344469104076,0,0.8164383561643835,77.62443438914028
T103594,CUST8997,2023-07-16 14:08:00,53.81,Utilities,NetBanking,Mobile,Delhi,0,182,374.19,939,No,0,14,16,7,0.14380394986504183,0,2.5726027397260274,50.943251533742334
T103595,CUST6100,2024-02-06 01:54:00,82.79,Grocery,UPI,POS,Mumbai,0,3,211.54,215,No,0,1,6,2,0.3913680627777253,0,0.589041095890411,1.8879310344827585
T103596,CUST9077,2024-01-13 08:04:00,20.89,Travel,NetBanking,Mobile,Kolkata,0,170,270.48,1424,No,0,8,13,1,0.07723306713989944,0,3.9013698630136986,34.68418110676355
T103597,CUST5814,2023-10-31 18:55:00,64.36,Electronics,NetBanking,POS,Pune,0,40,483.96,898,No,0,18,31,10,0.1329861972063807,0,2.4602739726027396,11.559778305621537
T103598,CUST7461,2023-06-03 01:21:00,37.24,Electronics,NetBanking,Mobile,Chennai,0,74,248.25,1288,No,0,1,3,6,0.1500100704934542,0,3.5287671232876714,16.339987900786447
T103599,CUST8873,2023-02-21 18:29:00,86.7,Food,PayPal,Mobile,Hyderabad,0,66,413.45,1175,No,0,18,21,2,0.20969887531745074,0,3.219178082191781,15.642857142857142
T103600,CUST4335,2023-11-26 02:29:00,12.18,Grocery,PayPal,Desktop,Chennai,0,60,387.09,453,No,0,2,26,11,0.031465550647136326,0,1.2410958904109588,26.772616136919318
T103601,CUST7750,2023-03-03 11:51:00,67.68,Health,NetBanking,Mobile,Chennai,0,11,334.75,862,No,0,11,3,3,0.20218073188946978,0,2.361643835616438,3.2722086389568052
T103602,CUST6248,2023-06-16 10:22:00,16.39,Travel,Credit Card,Desktop,Chennai,1,120,449.44,1442,No,0,10,16,6,0.036467604129583484,0,3.9506849315068493,24.23907028223575
T103603,CUST4932,2023-06-01 21:45:00,26.13,Fashion,NetBanking,Mobile,Bengaluru,0,129,133.28,955,No,0,21,1,6,0.19605342136854742,0,2.6164383561643834,35.67045454545455
T103604,CUST7650,2023-10-13 22:31:00,19.74,Food,Debit Card,Mobile,Kolkata,0,154,412.18,1170,No,0,22,13,10,0.04789169780193119,0,3.2054794520547945,36.618892508143325
T103605,CUST2907,2023-01-30 18:15:00,16.15,Utilities,NetBanking,Mobile,Chennai,0,42,195.12,1519,No,0,18,30,1,0.08276957769577695,0,4.161643835616438,8.136942675159236
T103606,CUST3809,2023-03-08 19:53:00,139.76,Travel,PayPal,POS,Delhi,1,190,408.12,1482,No,0,19,8,3,0.3424482995197491,0,4.06027397260274,37.54737412019491
T103607,CUST8944,2023-08-04 23:18:00,26.92,Grocery,PayPal,Desktop,Delhi,0,123,251.96,898,No,0,23,4,8,0.10684235592951262,0,2.4602739726027396,35.54631828978622
T103608,CUST8444,2023-04-26 10:55:00,209.52,Travel,Debit Card,POS,Mumbai,0,189,430.28,1045,No,0,10,26,4,0.486938737566236,0,2.863013698630137,48.92553191489362
T103609,CUST5207,2023-12-11 17:54:00,280.33,Utilities,Debit Card,Desktop,Mumbai,0,92,448.47,471,No,0,17,11,12,0.6250808303788435,0,1.2904109589041095,40.16746411483254
T103610,CUST8889,2023-11-19 18:08:00,67.75,Entertainment,UPI,Mobile,Pune,0,62,302.85,68,No,0,18,19,11,0.22370810632326232,0,0.1863013698630137,52.26327944572748
T103611,CUST6737,2023-05-09 14:34:00,12.35,Electronics,Credit Card,POS,Chennai,0,12,258.74,937,No,0,14,9,5,0.047731313287470045,0,2.5671232876712327,3.364055299539171
T103612,CUST8839,2023-10-23 05:32:00,37.54,Entertainment,Credit Card,Desktop,Chennai,0,155,393.81,1215,No,0,5,23,10,0.09532515680150326,0,3.328767123287671,35.80696202531646
T103613,CUST1019,2023-03-02 14:37:00,127.85,Electronics,Credit Card,Mobile,Bengaluru,0,195,140.82,1674,No,0,14,2,3,0.9078966055957961,0,4.586301369863014,34.9068170671898
T103614,CUST9497,2023-09-13 13:15:00,36.63,Food,PayPal,Desktop,Kolkata,0,28,17.52,1579,No,0,13,13,9,2.0907534246575343,1,4.326027397260274,5.257201646090535
T103615,CUST8537,2023-10-31 06:15:00,7.28,Utilities,Credit Card,Desktop,Chennai,0,194,209.48,195,No,0,6,31,10,0.034752721023486734,0,0.5342465753424658,126.44642857142858
T103616,CUST7513,2023-06-24 03:27:00,65.1,Grocery,UPI,Mobile,Chennai,0,156,258.81,1965,No,0,3,24,6,0.2515358757389591,0,5.383561643835616,24.43776824034335
T103617,CUST2915,2024-01-31 09:15:00,149.21,Grocery,UPI,POS,Kolkata,1,107,155.66,1927,No,0,9,31,1,0.9585635359116023,0,5.279452054794521,17.039703315881326
T103618,CUST7200,2023-05-19 04:34:00,127.14,Travel,Credit Card,Mobile,Chennai,0,149,197.85,1498,Yes,1,4,19,5,0.6426080363912055,0,4.104109589041096,29.192163177670423
T103619,CUST9429,2024-02-17 18:25:00,15.4,Food,Debit Card,POS,Hyderabad,0,135,75.2,472,No,0,18,17,2,0.2047872340425532,0,1.2931506849315069,58.87096774193548
T103620,CUST5309,2023-04-05 16:29:00,89.37,Grocery,UPI,Desktop,Hyderabad,1,95,145.87,360,No,0,16,5,4,0.6126688146980188,0,0.9863013698630136,47.827586206896555
T103621,CUST3809,2023-01-10 18:10:00,19.93,Health,Debit Card,Desktop,Bengaluru,0,14,127.65,1022,No,0,18,10,1,0.1561300430865648,0,2.8,3.68421052631579
T103622,CUST4972,2023-09-19 10:57:00,19.69,Health,PayPal,Desktop,Bengaluru,0,167,157.48,1388,No,0,10,19,9,0.12503175006350015,0,3.802739726027397,34.7718197375927
T103623,CUST5572,2023-11-12 16:36:00,165.76,Entertainment,UPI,POS,Delhi,0,118,156.54,1165,No,0,16,12,11,1.0588986840424173,0,3.191780821917808,28.15032679738562
T103624,CUST8991,2023-10-16 09:42:00,22.98,Electronics,Debit Card,Mobile,Bengaluru,0,126,283.89,1799,No,0,9,16,10,0.08094684560921485,0,4.928767123287671,21.252310536044362
T103625,CUST9746,2023-12-30 08:40:00,24.44,Travel,Credit Card,POS,Pune,0,103,132.79,743,Yes,0,8,30,12,0.1840500037653438,0,2.0356164383561643,33.93050541516246
T103626,CUST5398,2023-07-27 16:01:00,0.05,Fashion,PayPal,Desktop,Delhi,0,73,471.07,864,No,0,16,27,7,0.00010614133780542171,0,2.367123287671233,21.680227827502033
T103627,CUST9375,2023-02-11 02:33:00,163.63,Utilities,NetBanking,Desktop,Kolkata,0,62,260.52,168,No,0,2,11,2,0.6280899738983572,0,0.4602739726027397,42.45778611632271
T103628,CUST7626,2023-01-31 09:36:00,125.85,Electronics,NetBanking,Mobile,Chennai,0,12,73.19,1832,No,0,9,31,1,1.7194971990709114,0,5.019178082191781,1.993627674101047
T103629,CUST7039,2023-04-03 06:52:00,78.96,Food,Credit Card,POS,Bengaluru,0,38,147.01,1837,No,0,6,3,4,0.5371063192980069,0,5.032876712328767,6.298819255222525
T103630,CUST8820,2024-01-20 21:21:00,110.99,Grocery,PayPal,Desktop,Pune,0,186,367.58,1219,No,0,21,20,1,0.3019478752924533,0,3.33972602739726,42.859848484848484
T103631,CUST3832,2023-02-07 10:50:00,13.19,Electronics,PayPal,POS,Bengaluru,0,184,16.69,1467,No,0,10,7,2,0.7902935889754343,0,4.019178082191781,36.659388646288214
T103632,CUST6267,2023-03-08 05:51:00,49.05,Fashion,PayPal,POS,Bengaluru,0,39,469.53,1222,No,0,5,8,3,0.10446616829595554,0,3.347945205479452,8.96975425330813
T103633,CUST2108,2023-12-22 02:35:00,34.61,Fashion,PayPal,Mobile,Delhi,0,86,228.14,798,No,0,2,22,12,0.15170509336372404,0,2.186301369863014,26.99054170249355
T103634,CUST6494,2023-09-03 18:22:00,7.88,Health,NetBanking,Mobile,Kolkata,0,4,265.33,153,No,0,18,3,9,0.029698865563637735,0,0.4191780821917808,2.8185328185328187
T103635,CUST7316,2023-06-30 08:11:00,53.26,Food,Debit Card,Desktop,Kolkata,0,48,494.32,1603,No,0,8,30,6,0.1077439715164266,0,4.391780821917808,8.902439024390244
T103636,CUST7388,2023-10-30 23:22:00,202.8,Electronics,PayPal,Mobile,Delhi,0,135,256.67,911,No,0,23,30,10,0.7901196088362489,0,2.495890410958904,38.61677115987461
T103637,CUST3765,2023-04-01 15:55:00,3.27,Travel,Debit Card,POS,Mumbai,0,60,474.39,790,No,0,15,1,4,0.0068930626699551,0,2.164383561643836,18.96103896103896
T103638,CUST6937,2023-08-18 10:25:00,27.56,Electronics,PayPal,Mobile,Delhi,0,168,458.46,1802,No,0,10,18,8,0.06011429568555599,0,4.936986301369863,28.297185048454082
T103639,CUST3153,2023-03-24 00:12:00,18.61,Health,UPI,POS,Delhi,0,8,471.24,1151,No,0,0,24,3,0.03949155419743655,0,3.1534246575342464,1.9261213720316621
T103640,CUST1710,2023-05-09 13:03:00,21.76,Entertainment,UPI,Desktop,Hyderabad,0,124,408.06,1113,No,0,13,9,5,0.05332549134931138,0,3.0493150684931507,30.622462787550745
T103641,CUST7604,2024-01-24 03:03:00,191.26,Fashion,UPI,POS,Bengaluru,1,116,155.24,1072,No,1,3,24,1,1.2320278278794123,0,2.936986301369863,29.464161447459986
T103642,CUST7797,2024-02-08 03:43:00,50.5,Food,PayPal,Mobile,Delhi,0,58,179.73,1177,No,1,3,8,2,0.28097702108718636,0,3.2246575342465755,13.728923476005187
T103643,CUST8917,2023-11-26 21:46:00,50.23,Food,Debit Card,Mobile,Bengaluru,0,185,188.84,255,No,0,21,26,11,0.2659923744969286,0,0.6986301369863014,108.91129032258064
T103644,CUST3984,2023-04-18 01:28:00,114.36,Travel,NetBanking,Desktop,Bengaluru,0,35,489.8,641,Yes,1,1,18,4,0.23348305430788077,0,1.7561643835616438,12.698807157057654
T103645,CUST5775,2023-08-03 19:44:00,13.43,Food,Credit Card,Mobile,Hyderabad,0,73,186.77,353,No,0,19,3,8,0.07190662311934465,0,0.9671232876712329,37.1100278551532
T103646,CUST9150,2023-09-03 03:11:00,53.44,Health,NetBanking,Desktop,Bengaluru,1,115,63.26,1959,No,1,3,3,9,0.8447676256718305,0,5.367123287671233,18.061531841652325
T103647,CUST6031,2024-02-09 20:51:00,44.97,Health,PayPal,Desktop,Pune,0,13,391.38,1070,No,0,20,9,2,0.11490111911697072,0,2.9315068493150687,3.306620209059233
T103648,CUST4148,2023-12-01 20:07:00,72.69,Health,UPI,Mobile,Delhi,0,39,189.37,1813,No,0,20,1,12,0.38385171885726355,0,4.967123287671233,6.535812672176309
T103649,CUST1529,2024-01-08 13:07:00,617.88,Food,UPI,POS,Bengaluru,0,84,314.26,1133,No,1,13,8,1,1.9661426844014511,0,3.1041095890410957,20.467289719626166
T103650,CUST6759,2023-10-22 11:24:00,117.38,Food,Debit Card,Desktop,Mumbai,0,21,462.94,626,No,0,11,22,10,0.2535533762474619,0,1.715068493150685,7.734611503531785
T103651,CUST6306,2023-09-25 14:31:00,40.58,Health,PayPal,POS,Mumbai,0,47,292.0,1913,Yes,1,14,25,9,0.13897260273972603,0,5.241095890410959,7.5307287093942055
T103652,CUST9353,2023-07-30 17:41:00,140.61,Food,NetBanking,Mobile,Hyderabad,0,2,322.47,1509,No,0,17,30,7,0.43604056191273605,0,4.134246575342465,0.38954108858057634
T103653,CUST7651,2023-07-13 06:51:00,14.97,Utilities,PayPal,POS,Pune,0,44,325.0,570,No,0,6,13,7,0.046061538461538466,0,1.5616438356164384,17.176470588235293
T103654,CUST1736,2023-01-30 06:29:00,2.47,Food,PayPal,POS,Kolkata,0,30,310.08,675,No,0,6,30,1,0.007965686274509805,0,1.8493150684931507,10.528846153846155
T103655,CUST2726,2023-01-19 16:02:00,18.3,Utilities,UPI,POS,Kolkata,0,128,88.29,1019,No,0,16,19,1,0.2072714916751614,0,2.791780821917808,33.75722543352601
T103656,CUST9155,2024-01-30 18:09:00,33.29,Fashion,NetBanking,POS,Delhi,0,55,233.64,735,No,0,18,30,1,0.14248416367060435,0,2.0136986301369864,18.25
T103657,CUST7926,2023-03-29 17:04:00,57.16,Electronics,Credit Card,Mobile,Hyderabad,0,40,13.76,660,No,0,17,29,3,4.15406976744186,1,1.8082191780821917,14.24390243902439
T103658,CUST3824,2023-02-24 20:42:00,76.39,Grocery,UPI,Mobile,Mumbai,0,97,316.87,1431,No,0,20,24,2,0.24107678227664342,0,3.9205479452054797,19.71325167037862
T103659,CUST2813,2023-06-20 22:04:00,193.18,Utilities,NetBanking,POS,Pune,0,92,291.93,908,No,0,22,20,6,0.661733977323331,0,2.4876712328767123,26.378633150039278
T103660,CUST3412,2023-06-18 19:22:00,57.04,Utilities,Debit Card,Mobile,Delhi,0,24,165.89,220,No,0,19,18,6,0.34384230514196157,0,0.6027397260273972,14.974358974358974
T103661,CUST6636,2023-11-04 05:49:00,55.66,Food,UPI,Mobile,Bengaluru,0,170,266.71,1980,No,1,5,4,11,0.20869108769824904,0,5.424657534246576,26.460554371002132
T103662,CUST5942,2023-05-08 07:51:00,4.12,Grocery,Debit Card,Desktop,Delhi,0,28,251.6,1718,No,0,7,8,5,0.016375198728139907,0,4.706849315068493,4.906385021603456
T103663,CUST4264,2023-06-15 11:32:00,2.84,Entertainment,UPI,Mobile,Chennai,0,117,132.95,884,No,0,11,15,6,0.021361414065438136,0,2.421917808219178,34.19135308246597
T103664,CUST9553,2023-09-07 01:25:00,64.09,Grocery,PayPal,POS,Delhi,0,105,153.71,520,No,0,1,7,9,0.41695400429380003,0,1.4246575342465753,43.30508474576271
T103665,CUST2361,2024-01-23 17:55:00,46.13,Fashion,NetBanking,Mobile,Bengaluru,0,93,383.65,434,No,0,17,23,1,0.12023980190277599,0,1.189041095890411,42.484355444305386
T103666,CUST6655,2023-05-13 05:57:00,146.2,Utilities,Debit Card,Mobile,Chennai,0,98,380.31,1325,No,0,5,13,5,0.38442323367778913,0,3.6301369863013697,21.16568047337278
T103667,CUST3610,2023-07-06 01:29:00,14.01,Food,UPI,Mobile,Kolkata,0,179,240.19,1697,No,0,1,6,7,0.05832882301511304,0,4.64931506849315,31.685257032007762
T103668,CUST4001,2023-09-04 09:24:00,2.02,Health,Debit Card,Mobile,Pune,0,150,361.58,904,No,0,9,4,9,0.00558659217877095,0,2.4767123287671233,43.14420803782506
T103669,CUST3976,2023-08-25 00:00:00,47.69,Grocery,UPI,Desktop,Hyderabad,0,89,230.89,459,No,0,0,25,8,0.2065485729135086,0,1.2575342465753425,39.42354368932039
T103670,CUST4218,2023-02-05 06:13:00,21.69,Food,UPI,POS,Pune,0,78,427.17,549,No,0,6,5,2,0.050776037643092915,0,1.5041095890410958,31.148796498905913
T103671,CUST1820,2023-03-16 17:37:00,4.07,Travel,Credit Card,POS,Delhi,0,74,173.08,1699,No,0,17,16,3,0.023515137508666514,0,4.654794520547945,13.08624031007752
T103672,CUST7173,2023-04-12 01:05:00,103.16,Entertainment,Credit Card,Mobile,Kolkata,0,136,464.37,922,No,0,1,12,4,0.22215044038159226,0,2.526027397260274,38.57031857031857
T103673,CUST4277,2023-04-27 01:07:00,9.47,Health,Credit Card,Mobile,Hyderabad,1,14,275.72,1437,No,1,1,27,4,0.03434643841578413,0,3.936986301369863,2.8357380688124305
T103674,CUST8113,2023-04-12 15:31:00,74.98,Travel,Debit Card,Desktop,Delhi,0,45,272.49,850,No,0,15,12,4,0.27516606113985836,0,2.328767123287671,13.518518518518519
T103675,CUST9146,2023-05-23 16:52:00,26.4,Travel,PayPal,Mobile,Mumbai,0,38,338.7,916,No,0,16,23,5,0.07794508414526129,0,2.5095890410958903,10.827478532396565
T103676,CUST1589,2023-08-29 06:01:00,15.24,Grocery,UPI,Desktop,Mumbai,0,160,177.02,1245,No,0,6,29,8,0.08609196700937746,0,3.410958904109589,36.27329192546584
T103677,CUST4887,2024-02-04 14:00:00,38.21,Travel,NetBanking,POS,Bengaluru,0,62,364.92,1656,No,0,14,4,2,0.1047078811794366,0,4.536986301369863,11.19742701632855
T103678,CUST2977,2023-01-24 10:16:00,129.34,Fashion,Credit Card,POS,Kolkata,0,96,167.01,464,No,0,10,24,1,0.7744446440332915,0,1.2712328767123289,42.26779252110977
T103679,CUST3515,2023-02-02 06:12:00,39.82,Fashion,Debit Card,Desktop,Kolkata,0,67,204.79,1814,No,0,6,2,2,0.19444308804140828,0,4.96986301369863,11.223038090867371
T103680,CUST7328,2023-01-21 10:20:00,111.15,Grocery,Debit Card,POS,Pune,0,61,340.6,1817,No,0,10,21,1,0.32633587786259544,0,4.978082191780822,10.203941338221815
T103681,CUST2700,2023-08-31 18:09:00,10.73,Food,Debit Card,Mobile,Mumbai,0,13,195.44,92,No,0,18,31,8,0.05490176013098649,0,0.25205479452054796,10.382932166301968
T103682,CUST7977,2024-02-04 20:14:00,118.54,Electronics,NetBanking,Mobile,Chennai,0,119,107.99,1269,No,0,20,4,2,1.0976942309473101,0,3.4767123287671233,26.58200734394125
T103683,CUST1896,2023-05-23 05:34:00,21.63,Food,NetBanking,Desktop,Chennai,0,87,437.23,163,No,0,5,23,5,0.04947053038446584,0,0.4465753424657534,60.14204545454545
T103684,CUST6359,2024-01-19 23:45:00,90.51,Food,Credit Card,POS,Kolkata,0,83,461.86,987,No,0,23,19,1,0.19596847529554412,0,2.7041095890410958,22.407544378698226
T103685,CUST8580,2023-07-26 05:48:00,66.74,Food,NetBanking,POS,Kolkata,0,80,317.1,648,No,0,5,26,7,0.21046988331756541,0,1.7753424657534247,28.82527147087858
T103686,CUST7547,2023-12-03 01:37:00,211.77,Food,Credit Card,Desktop,Delhi,0,47,407.46,1214,No,0,1,3,12,0.5197319982329555,0,3.326027397260274,10.864471184293857
T103687,CUST6640,2023-12-31 23:44:00,39.19,Health,NetBanking,Desktop,Kolkata,0,111,493.46,1311,No,0,23,31,12,0.07941879787622097,0,3.591780821917808,24.1736276849642
T103688,CUST2601,2023-12-24 02:32:00,5.48,Electronics,NetBanking,POS,Hyderabad,0,114,311.24,454,No,0,2,24,12,0.017606991389281585,0,1.2438356164383562,50.8058608058608
T103689,CUST7399,2023-01-26 23:29:00,1.55,Health,NetBanking,Desktop,Chennai,0,54,455.31,1581,No,0,23,26,1,0.0034042740111133074,0,4.331506849315068,10.128468653648511
T103690,CUST5600,2023-11-07 18:36:00,140.29,Travel,Credit Card,Mobile,Delhi,0,71,186.03,387,No,0,18,7,11,0.7541256786539805,0,1.0602739726027397,34.461436170212764
T103691,CUST2533,2024-01-28 20:35:00,59.51,Entertainment,UPI,POS,Hyderabad,0,180,353.23,1428,No,0,20,28,1,0.16847379894119976,0,3.9123287671232876,36.642498605688786
T103692,CUST6469,2023-06-11 16:01:00,119.42,Food,Credit Card,Desktop,Kolkata,0,72,37.34,1624,No,0,16,11,6,3.198178896625602,1,4.449315068493151,13.212669683257918
T103693,CUST8749,2023-07-19 07:09:00,21.37,Entertainment,UPI,Desktop,Kolkata,0,25,396.6,1062,No,0,7,19,7,0.05388300554715078,0,2.9095890410958902,6.394533987386125
T103694,CUST8180,2024-01-25 07:58:00,33.86,Fashion,Debit Card,Desktop,Mumbai,0,23,416.6,1040,No,0,7,25,1,0.0812770043206913,0,2.8493150684931505,5.975088967971531
T103695,CUST1253,2024-01-25 04:38:00,2.45,Grocery,Debit Card,POS,Delhi,0,158,206.58,226,No,0,4,25,1,0.011859812179300997,0,0.6191780821917808,97.58037225042301
T103696,CUST1349,2024-01-15 07:36:00,260.55,Grocery,Credit Card,Mobile,Hyderabad,0,11,323.09,1170,No,0,7,15,1,0.8064316444334397,0,3.2054794520547945,2.6156351791530947
T103697,CUST9081,2023-10-21 07:10:00,88.18,Health,UPI,Mobile,Bengaluru,0,163,430.6,1063,No,0,7,21,10,0.20478402229447284,0,2.9123287671232876,41.663165266106446
T103698,CUST2873,2023-02-13 11:15:00,216.49,Health,UPI,POS,Kolkata,0,27,442.97,891,No,0,11,13,2,0.4887238413436576,0,2.441095890410959,7.846337579617834
T103699,CUST2590,2023-04-13 06:03:00,24.68,Fashion,UPI,Desktop,Pune,1,117,62.2,548,No,1,6,13,4,0.3967845659163987,0,1.5013698630136987,46.77437020810515
T103700,CUST7483,2023-11-01 00:16:00,75.63,Food,Debit Card,POS,Pune,0,67,415.47,378,No,1,0,1,11,0.1820348039569644,0,1.0356164383561643,32.91386271870794
T103701,CUST3010,2023-07-19 04:55:00,90.78,Entertainment,Credit Card,POS,Kolkata,0,47,144.38,1759,No,0,4,19,7,0.6287574456295886,0,4.8191780821917805,8.076741996233523
T103702,CUST1700,2023-12-19 02:22:00,30.57,Utilities,PayPal,Desktop,Bengaluru,1,178,366.38,1457,No,0,2,19,12,0.08343796058736831,0,3.9917808219178084,35.65861690450055
T103703,CUST6069,2023-02-08 03:10:00,150.77,Entertainment,UPI,POS,Chennai,0,8,169.33,1688,No,1,3,8,2,0.890391543140613,0,4.624657534246575,1.4223088163662934
T103704,CUST4143,2023-10-17 12:59:00,235.24,Electronics,UPI,Mobile,Pune,0,183,37.6,604,No,0,12,17,10,6.256382978723404,1,1.6547945205479453,68.93188854489165
T103705,CUST5579,2023-08-17 08:57:00,172.93,Travel,PayPal,POS,Hyderabad,0,77,112.84,1057,No,0,8,17,8,1.532523927685218,0,2.8958904109589043,19.764416315049225
T103706,CUST9513,2023-01-21 00:10:00,107.48,Grocery,Credit Card,Desktop,Kolkata,0,170,210.25,1849,No,0,0,21,1,0.5112009512485137,0,5.065753424657534,28.026196928635954
T103707,CUST8803,2023-12-14 05:22:00,26.0,Travel,UPI,POS,Kolkata,0,67,373.2,357,No,0,5,14,12,0.06966773847802787,0,0.9780821917808219,33.87119113573407
T103708,CUST7819,2023-05-22 14:01:00,26.46,Electronics,Credit Card,Mobile,Kolkata,0,148,59.34,1815,No,0,14,22,5,0.4459049544994944,0,4.972602739726027,24.779816513761467
T103709,CUST4671,2024-01-04 09:51:00,264.53,Health,UPI,POS,Bengaluru,0,173,408.34,541,No,0,9,4,1,0.647817994808248,0,1.4821917808219178,69.69646799116998
T103710,CUST6110,2024-02-07 20:46:00,0.83,Entertainment,NetBanking,POS,Chennai,0,35,498.51,960,No,0,20,7,2,0.001664961585524864,0,2.6301369863013697,9.641509433962264
T103711,CUST6502,2023-07-24 22:27:00,100.72,Grocery,UPI,POS,Delhi,1,77,396.25,159,No,1,22,24,7,0.25418296529968454,0,0.43561643835616437,53.635496183206115
T103712,CUST3493,2023-10-05 12:00:00,98.0,Travel,NetBanking,POS,Kolkata,0,148,242.13,1990,No,0,12,5,10,0.4047412546978896,0,5.4520547945205475,22.93842887473461
T103713,CUST3578,2023-05-07 15:59:00,77.97,Utilities,Credit Card,Desktop,Delhi,0,24,288.4,1977,No,0,15,7,5,0.27035367545076283,0,5.416438356164384,3.740392826643894
T103714,CUST8238,2024-01-15 06:29:00,369.29,Health,UPI,Mobile,Hyderabad,0,185,13.02,616,No,0,6,15,1,28.363287250384026,1,1.6876712328767123,68.83282364933741
T103715,CUST4587,2023-02-24 09:41:00,29.9,Electronics,Debit Card,Mobile,Hyderabad,0,55,112.54,513,No,0,9,24,2,0.2656833125999644,0,1.4054794520547946,22.864464692482915
T103716,CUST1434,2023-06-20 05:02:00,33.24,Utilities,Debit Card,Mobile,Hyderabad,0,137,450.5,1894,No,0,5,20,6,0.07378468368479468,0,5.189041095890411,22.135900841080126
T103717,CUST9875,2023-10-07 21:48:00,6.58,Travel,PayPal,POS,Pune,0,94,20.65,387,No,0,21,7,10,0.3186440677966102,0,1.0602739726027397,45.625
T103718,CUST3610,2023-02-02 04:26:00,46.79,Utilities,Debit Card,Mobile,Hyderabad,0,144,453.35,414,No,1,4,2,2,0.10320944082938127,0,1.1342465753424658,67.47111681643132
T103719,CUST9700,2023-03-20 02:26:00,24.2,Entertainment,NetBanking,Desktop,Kolkata,0,183,65.49,283,No,0,2,20,3,0.3695220644373187,0,0.7753424657534247,103.0787037037037
T103720,CUST2608,2023-09-24 17:22:00,33.65,Food,Debit Card,POS,Bengaluru,0,58,75.21,1976,No,0,17,24,9,0.4474139077250366,0,5.413698630136986,9.043143955574541
T103721,CUST5008,2023-09-21 05:05:00,143.94,Utilities,Debit Card,POS,Bengaluru,0,64,95.92,864,No,0,5,21,9,1.500625521267723,0,2.367123287671233,19.007323026851097
T103722,CUST5253,2024-01-08 03:26:00,219.27,Health,Debit Card,Mobile,Chennai,0,76,401.7,1220,No,1,3,8,1,0.5458551157580285,0,3.3424657534246576,17.501577287066247
T103723,CUST8212,2023-02-18 10:05:00,16.44,Electronics,UPI,POS,Bengaluru,0,115,244.31,1766,No,0,10,18,2,0.06729155581024109,0,4.838356164383562,19.697325199436882
T103724,CUST7904,2023-03-01 10:37:00,37.28,Travel,PayPal,POS,Pune,1,49,81.15,1733,No,1,10,1,3,0.45939617991374,0,4.747945205479452,8.524785510009533
T103725,CUST3637,2024-02-18 02:46:00,211.19,Entertainment,Credit Card,Mobile,Delhi,0,29,346.53,825,No,0,2,18,2,0.6094421839378986,0,2.26027397260274,8.894957983193278
T103726,CUST6299,2023-09-21 00:45:00,5.1,Food,PayPal,Desktop,Chennai,0,118,470.94,498,No,0,0,21,9,0.010829405019747738,0,1.3643835616438356,49.907300115874854
T103727,CUST5544,2023-09-26 14:53:00,7.75,Food,NetBanking,Desktop,Bengaluru,0,82,290.5,1913,No,0,14,26,9,0.02667814113597246,0,5.241095890410959,13.138718173836699
T103728,CUST4902,2023-11-20 03:06:00,14.21,Electronics,UPI,Mobile,Hyderabad,0,7,58.36,522,No,0,3,20,11,0.24348869088416725,0,1.4301369863013698,2.8804960541149947
T103729,CUST1885,2023-09-13 10:47:00,72.35,Fashion,UPI,Desktop,Bengaluru,0,77,36.83,949,No,0,10,13,9,1.9644311702416508,0,2.6,21.38888888888889
T103730,CUST9441,2023-04-25 07:45:00,13.05,Entertainment,Debit Card,Desktop,Mumbai,0,122,399.98,1391,No,0,7,25,4,0.032626631331566576,0,3.8109589041095893,25.35876993166287
T103731,CUST8211,2023-07-02 11:38:00,275.55,Entertainment,Debit Card,Desktop,Chennai,0,69,316.78,80,Yes,1,11,2,7,0.8698465812235622,0,0.2191780821917808,56.59550561797753
T103732,CUST3211,2023-11-20 11:39:00,47.35,Grocery,NetBanking,POS,Kolkata,0,90,462.1,1109,No,0,11,20,11,0.10246699848517636,0,3.0383561643835617,22.286295793758484
T103733,CUST9383,2023-10-11 21:03:00,55.7,Electronics,UPI,POS,Kolkata,0,2,278.15,102,No,0,21,11,10,0.2002516627718857,0,0.27945205479452057,1.563169164882227
T103734,CUST6861,2023-09-04 01:14:00,22.66,Food,Credit Card,POS,Pune,0,161,40.57,1847,No,1,1,4,9,0.5585407936899187,0,5.06027397260274,26.56645569620253
T103735,CUST4021,2024-02-07 12:59:00,50.94,Food,PayPal,Desktop,Bengaluru,0,176,207.81,629,No,0,12,7,2,0.2451277609354699,0,1.7232876712328766,64.62776659959759
T103736,CUST3834,2023-08-16 20:47:00,86.76,Utilities,UPI,POS,Bengaluru,0,37,332.42,81,No,0,20,16,8,0.2609951266470128,0,0.2219178082191781,30.28026905829596
T103737,CUST1191,2024-01-28 20:44:00,111.28,Electronics,Credit Card,Desktop,Pune,0,89,198.59,154,No,0,20,28,1,0.5603504708192759,0,0.42191780821917807,62.591522157996145
T103738,CUST6636,2024-02-10 04:36:00,112.15,Fashion,Credit Card,Mobile,Delhi,0,127,499.8,291,Yes,0,4,10,2,0.22438975590236096,0,0.7972602739726027,70.66310975609757
T103739,CUST4487,2023-07-18 01:02:00,69.0,Grocery,PayPal,Desktop,Hyderabad,0,103,208.64,984,No,1,1,18,7,0.3307131901840491,0,2.695890410958904,27.868791697553743
T103740,CUST1414,2023-11-04 10:20:00,187.77,Travel,Credit Card,POS,Hyderabad,0,30,277.66,1938,No,0,10,4,11,0.6762587337030901,0,5.30958904109589,4.754667824576639
T103741,CUST4132,2024-01-26 14:53:00,136.04,Electronics,NetBanking,Desktop,Delhi,0,41,120.44,1833,No,0,14,26,1,1.1295250747260046,0,5.021917808219178,6.808462238398544
T103742,CUST2446,2023-07-28 15:30:00,113.19,Grocery,Credit Card,POS,Delhi,0,4,84.55,1628,No,0,15,28,7,1.3387344766410407,0,4.46027397260274,0.7325639739086804
T103743,CUST2897,2023-04-16 02:55:00,4.58,Entertainment,NetBanking,POS,Mumbai,0,83,326.2,1601,No,0,2,16,4,0.014040465971796444,0,4.3863013698630136,15.409460834181079
T103744,CUST1585,2023-06-15 15:22:00,0.55,Grocery,Credit Card,Mobile,Pune,0,111,298.42,1574,No,0,15,15,6,0.001843040010723142,0,4.3123287671232875,20.89479112944817
T103745,CUST7953,2023-06-12 19:24:00,19.11,Utilities,Debit Card,Mobile,Chennai,0,167,12.13,359,No,0,19,12,6,1.5754328112118712,0,0.9835616438356164,84.19198895027625
T103746,CUST4504,2023-11-05 18:09:00,87.14,Health,Credit Card,POS,Hyderabad,0,24,149.54,1376,No,0,18,5,11,0.5827203423833088,0,3.76986301369863,5.031591039632395
T103747,CUST3421,2023-01-14 02:50:00,42.37,Food,NetBanking,Desktop,Delhi,0,50,325.35,270,No,0,2,14,1,0.13022898417089288,0,0.7397260273972602,28.740157480314963
T103748,CUST5251,2023-12-13 17:38:00,41.19,Utilities,Credit Card,Mobile,Delhi,0,37,408.0,1338,No,0,17,13,12,0.10095588235294117,0,3.665753424657534,7.930123311802701
T103749,CUST3226,2023-01-07 08:36:00,172.74,Travel,Credit Card,Mobile,Pune,0,181,163.06,1892,No,0,8,7,1,1.0593646510486938,0,5.183561643835616,29.271156402303944
T103750,CUST2217,2023-02-06 23:46:00,180.73,Electronics,Credit Card,POS,Kolkata,0,25,327.24,1655,No,0,23,6,2,0.5522857841339689,0,4.534246575342466,4.517326732673268
T103751,CUST7692,2023-01-23 23:19:00,191.91,Utilities,NetBanking,Desktop,Chennai,0,93,139.98,1317,No,0,23,23,1,1.3709815687955422,0,3.6082191780821917,20.181331747919145
T103752,CUST5659,2023-10-19 15:33:00,30.14,Food,Credit Card,Mobile,Delhi,0,125,348.29,1352,Yes,0,15,19,10,0.08653708116799219,0,3.7041095890410958,26.57251019219569
T103753,CUST7154,2024-02-20 18:18:00,93.97,Health,PayPal,Mobile,Kolkata,0,31,351.99,1258,No,0,18,20,2,0.2669678115855564,0,3.4465753424657533,6.9716574245224905
T103754,CUST4787,2023-03-17 18:51:00,25.36,Utilities,PayPal,Desktop,Mumbai,0,92,73.81,320,No,0,18,17,3,0.34358488009754773,0,0.8767123287671232,49.02189781021898
T103755,CUST7862,2024-01-14 17:22:00,16.92,Health,NetBanking,Mobile,Chennai,0,38,335.89,240,No,0,17,14,1,0.050373634225490495,0,0.6575342465753424,22.925619834710744
T103756,CUST4065,2023-08-05 22:33:00,16.33,Utilities,Debit Card,Desktop,Kolkata,0,127,173.45,1419,No,0,22,5,8,0.0941481695012972,0,3.8876712328767122,25.98374439461883
T103757,CUST9546,2023-04-02 06:17:00,33.5,Food,PayPal,POS,Mumbai,0,58,94.57,1843,No,0,6,2,4,0.35423495823199747,0,5.049315068493151,9.58786231884058
T103758,CUST4857,2023-03-28 05:29:00,44.96,Fashion,UPI,Mobile,Bengaluru,0,181,255.18,1517,No,0,5,28,3,0.17618935653264362,0,4.156164383561644,35.10361317747077
T103759,CUST8553,2023-07-18 11:26:00,142.2,Grocery,PayPal,POS,Hyderabad,0,114,231.63,748,No,0,11,18,7,0.6139101152700427,0,2.0493150684931507,37.38544474393531
T103760,CUST5814,2023-08-19 03:30:00,10.22,Electronics,UPI,Desktop,Delhi,0,50,389.2,351,No,0,3,19,8,0.026258992805755398,0,0.9616438356164384,25.488826815642458
T103761,CUST6851,2023-03-22 17:21:00,106.22,Electronics,NetBanking,POS,Kolkata,0,132,51.41,387,No,0,17,22,3,2.066134993191986,1,1.0602739726027397,64.06914893617021
T103762,CUST4150,2023-10-19 17:18:00,60.65,Electronics,Debit Card,POS,Chennai,0,92,396.98,946,No,0,17,19,10,0.152778477505164,0,2.591780821917808,25.6140350877193
T103763,CUST6465,2023-12-26 18:09:00,27.17,Food,UPI,POS,Mumbai,0,180,61.98,123,No,0,18,26,12,0.43836721523071964,0,0.336986301369863,134.6311475409836
T103764,CUST9390,2023-11-01 06:59:00,54.31,Entertainment,UPI,Desktop,Hyderabad,0,159,111.65,740,No,0,6,1,11,0.4864308105687416,0,2.0273972602739727,52.52036199095022
T103765,CUST2040,2023-06-09 20:34:00,28.53,Fashion,PayPal,Desktop,Hyderabad,0,78,262.78,1916,No,0,20,9,6,0.1085699063855697,0,5.249315068493151,12.481367821131082
T103766,CUST6940,2023-03-28 06:57:00,72.52,Travel,UPI,Desktop,Delhi,0,142,236.96,198,No,0,6,28,3,0.30604321404456447,0,0.5424657534246575,92.06039076376554
T103767,CUST3967,2023-10-23 11:59:00,45.51,Health,NetBanking,Desktop,Kolkata,1,129,494.54,1350,No,1,11,23,10,0.09202491203947101,0,3.6986301369863015,27.454810495626823
T103768,CUST3493,2023-11-27 14:54:00,14.37,Food,NetBanking,Desktop,Hyderabad,0,43,298.84,1998,No,0,14,27,11,0.048085932271449604,0,5.473972602739726,6.641980533220482
T103769,CUST4923,2023-04-12 05:23:00,9.92,Entertainment,NetBanking,Mobile,Delhi,0,118,170.44,1792,No,0,5,12,4,0.05820229992959399,0,4.909589041095891,19.96754751970329
T103770,CUST8255,2023-05-31 03:26:00,63.3,Travel,PayPal,Mobile,Kolkata,0,59,451.07,545,No,1,3,31,5,0.1403329860110404,0,1.4931506849315068,23.664835164835164
T103771,CUST4582,2023-12-13 17:47:00,186.16,Health,Debit Card,Mobile,Kolkata,0,61,162.99,127,No,0,17,13,12,1.1421559604883735,0,0.34794520547945207,45.2540650406504
T103772,CUST6709,2023-09-27 00:06:00,33.72,Health,PayPal,POS,Bengaluru,0,41,144.15,1758,No,0,0,27,9,0.2339229968782518,0,4.816438356164384,7.048987282147904
T103773,CUST6961,2023-06-10 15:31:00,105.64,Fashion,NetBanking,POS,Delhi,0,18,252.24,1831,No,0,15,10,6,0.41880748493498254,0,5.016438356164383,2.9918032786885247
T103774,CUST3597,2023-07-26 09:47:00,85.99,Grocery,PayPal,Desktop,Pune,0,188,457.46,379,No,0,9,26,7,0.18797271892624492,0,1.0383561643835617,92.23118279569893
T103775,CUST6225,2023-08-14 18:07:00,214.54,Electronics,NetBanking,Desktop,Mumbai,0,197,357.17,765,No,0,18,14,8,0.6006663493574488,0,2.095890410958904,63.63274336283186
T103776,CUST4019,2024-02-11 20:00:00,137.62,Utilities,Credit Card,Mobile,Pune,0,79,341.97,608,No,0,20,11,2,0.4024329619557271,0,1.6657534246575343,29.63514902363823
T103777,CUST9882,2023-04-13 16:43:00,66.89,Travel,Credit Card,Desktop,Kolkata,0,187,365.78,1703,No,0,16,13,4,0.18286948438952377,0,4.6657534246575345,33.00531914893617
T103778,CUST2341,2023-12-12 09:51:00,85.61,Food,UPI,POS,Kolkata,0,170,333.22,870,No,0,9,12,12,0.2569173518996459,0,2.3835616438356166,50.24291497975708
T103779,CUST7470,2023-01-04 00:49:00,182.93,Travel,Debit Card,Desktop,Hyderabad,1,164,382.3,430,No,0,0,4,1,0.4784985613392624,0,1.178082191780822,75.29559748427673
T103780,CUST7873,2023-06-19 13:52:00,40.8,Grocery,Credit Card,Mobile,Hyderabad,0,168,104.45,780,No,0,13,19,6,0.39061752034466246,0,2.136986301369863,53.55458515283843
T103781,CUST3606,2023-03-22 11:39:00,31.66,Electronics,NetBanking,Desktop,Hyderabad,0,30,96.86,1504,No,0,11,22,3,0.3268635143506091,0,4.120547945205479,5.858747993579454
T103782,CUST9087,2023-01-25 00:43:00,0.87,Travel,PayPal,POS,Kolkata,0,102,187.46,1528,No,0,0,25,1,0.004640990077883282,0,4.186301369863013,19.66719492868463
T103783,CUST5106,2023-11-25 15:21:00,140.15,Grocery,PayPal,Mobile,Delhi,0,11,426.97,850,No,0,15,25,11,0.3282432020985081,0,2.328767123287671,3.3045267489711936
T103784,CUST9284,2023-05-25 20:45:00,129.15,Food,UPI,Desktop,Chennai,0,124,360.08,1472,No,0,20,25,5,0.35867029548989116,0,4.032876712328767,24.637996733805114
T103785,CUST8221,2023-03-10 20:57:00,8.83,Fashion,PayPal,POS,Delhi,0,153,287.57,1057,No,0,20,10,3,0.030705567340125882,0,2.8958904109589043,39.27215189873417
T103786,CUST6745,2023-12-16 09:06:00,68.8,Entertainment,Credit Card,Mobile,Mumbai,0,173,19.53,1377,No,0,9,16,12,3.522785458269329,1,3.7726027397260276,36.24856486796786
T103787,CUST7685,2023-11-18 18:15:00,49.89,Health,PayPal,Mobile,Delhi,1,179,125.54,398,No,0,18,18,11,0.3974032180978174,0,1.0904109589041096,85.62909567496725
T103788,CUST7345,2023-05-15 11:11:00,10.11,Food,Credit Card,POS,Hyderabad,0,171,403.72,1917,No,0,11,15,5,0.025042108391954816,0,5.252054794520548,27.3510078878177
T103789,CUST2047,2023-11-11 18:10:00,315.27,Electronics,Credit Card,Desktop,Bengaluru,0,66,128.82,1667,No,0,18,11,11,2.4473684210526314,1,4.567123287671233,11.85531496062992
T103790,CUST8364,2023-07-28 00:07:00,19.33,Health,Debit Card,Desktop,Mumbai,0,99,367.84,1448,No,1,0,28,7,0.05255002174858634,0,3.967123287671233,19.931053502482072
T103791,CUST2114,2023-12-21 12:17:00,5.57,Entertainment,UPI,Desktop,Pune,1,175,100.47,585,No,1,12,21,12,0.055439434657111576,0,1.6027397260273972,67.23684210526316
T103792,CUST6843,2023-01-31 15:41:00,72.28,Food,NetBanking,Mobile,Bengaluru,0,24,307.12,1172,No,0,15,31,1,0.23534774680906487,0,3.210958904109589,5.699414443721536
T103793,CUST4873,2023-07-31 14:12:00,107.42,Utilities,Credit Card,Mobile,Mumbai,0,77,317.82,1753,No,0,14,31,7,0.33799005726511866,0,4.802739726027397,13.269593956562796
T103794,CUST4875,2023-07-19 10:30:00,2.64,Food,UPI,Desktop,Mumbai,0,165,378.46,1796,No,0,10,19,7,0.006975638112350051,0,4.920547945205479,27.8690421101342
T103795,CUST4979,2023-09-15 05:10:00,86.0,Food,NetBanking,Mobile,Kolkata,0,128,224.79,1034,No,0,5,15,9,0.3825792962320388,0,2.8328767123287673,33.39528234453181
T103796,CUST6398,2023-03-13 00:09:00,60.79,Utilities,PayPal,Mobile,Hyderabad,0,184,320.01,995,No,0,0,13,3,0.18996281366207307,0,2.7260273972602738,49.38235294117647
T103797,CUST9944,2023-07-19 23:26:00,8.72,Food,UPI,POS,Kolkata,0,94,248.62,1044,No,0,23,19,7,0.035073606306813616,0,2.8602739726027395,24.350603264726757
T103798,CUST1217,2023-10-16 05:11:00,15.15,Health,UPI,Desktop,Pune,0,87,474.2,1243,No,0,5,16,10,0.03194854491775622,0,3.4054794520547946,19.748134328358205
T103799,CUST7022,2023-10-09 16:10:00,67.14,Electronics,UPI,Desktop,Delhi,0,124,265.72,1675,No,0,16,9,10,0.25267198554869785,0,4.589041095890411,22.186274509803923
T103800,CUST8017,2023-05-21 13:34:00,28.12,Entertainment,PayPal,Desktop,Kolkata,0,46,112.7,1469,No,0,13,21,5,0.2495119787045253,0,4.024657534246575,9.15485278080698
T103801,CUST9254,2023-01-04 22:19:00,222.86,Grocery,PayPal,Mobile,Pune,0,156,337.27,843,Yes,1,22,4,1,0.6607762326919087,0,2.3095890410958906,47.13576158940397
T103802,CUST3395,2023-02-11 17:17:00,136.63,Travel,UPI,Mobile,Hyderabad,0,93,278.75,1844,No,0,17,11,2,0.490152466367713,0,5.052054794520548,15.366681756450882
T103803,CUST7668,2023-03-20 18:00:00,328.68,Utilities,Debit Card,Mobile,Hyderabad,0,180,403.88,135,No,0,18,20,3,0.8138060810141626,0,0.3698630136986301,131.4
T103804,CUST4913,2024-01-15 12:40:00,24.05,Fashion,Credit Card,Desktop,Kolkata,0,15,96.69,194,No,0,12,15,1,0.24873306443272314,0,0.5315068493150685,9.79427549194991
T103805,CUST7946,2024-02-01 08:12:00,279.79,Utilities,PayPal,Mobile,Hyderabad,0,173,137.86,667,No,0,8,1,2,2.0295227041926593,1,1.8273972602739725,61.18701550387597
T103806,CUST3645,2023-05-14 09:58:00,45.14,Entertainment,Debit Card,Desktop,Bengaluru,0,58,461.6,1399,No,0,9,14,5,0.097790294627383,0,3.8328767123287673,12.001133786848072
T103807,CUST1954,2023-07-18 12:33:00,34.16,Travel,PayPal,Mobile,Pune,0,195,465.71,1151,No,0,12,18,7,0.07335036825492258,0,3.1534246575342464,46.949208443271765
T103808,CUST7880,2024-02-13 05:06:00,4.13,Travel,UPI,Desktop,Pune,0,72,226.71,1053,No,1,5,13,2,0.018217105553350092,0,2.884931506849315,18.533145275035263
T103809,CUST1627,2024-01-15 23:57:00,4.34,Fashion,Debit Card,POS,Mumbai,0,98,33.4,1539,No,0,23,15,1,0.12994011976047903,0,4.2164383561643834,18.786764705882355
T103810,CUST1330,2023-05-31 01:47:00,94.22,Entertainment,NetBanking,Mobile,Chennai,0,73,160.21,360,No,0,1,31,5,0.588103114662006,0,0.9863013698630136,36.751724137931035
T103811,CUST9098,2023-05-25 02:45:00,48.99,Health,Credit Card,Desktop,Delhi,0,81,131.09,1423,No,0,2,25,5,0.37371271645434434,0,3.8986301369863012,16.53523489932886
T103812,CUST7392,2023-02-23 06:34:00,20.55,Electronics,Credit Card,POS,Hyderabad,0,169,213.19,1495,No,0,6,23,2,0.09639288897227825,0,4.095890410958904,33.163978494623656
T103813,CUST1070,2023-07-21 05:56:00,76.15,Fashion,PayPal,POS,Pune,0,65,165.72,1173,No,0,5,21,7,0.45951001689596915,0,3.213698630136986,15.425877763329
T103814,CUST2240,2023-08-14 06:37:00,23.32,Electronics,Credit Card,Mobile,Pune,0,168,416.21,1906,No,0,6,14,8,0.05602940823142164,0,5.221917808219178,27.00132100396301
T103815,CUST5390,2023-05-01 21:15:00,68.95,Health,NetBanking,Desktop,Mumbai,1,5,11.49,328,No,0,21,1,5,6.000870322019147,1,0.8986301369863013,2.6334776334776335
T103816,CUST4185,2023-11-04 14:53:00,35.6,Travel,Debit Card,Mobile,Delhi,0,28,325.87,885,No,0,14,4,11,0.10924601835087612,0,2.4246575342465753,8.176
T103817,CUST5165,2023-08-04 11:26:00,138.78,Electronics,Debit Card,POS,Chennai,0,38,335.49,1196,No,0,11,4,8,0.413663596530448,0,3.276712328767123,8.885329916720051
T103818,CUST3091,2023-03-06 00:55:00,137.49,Health,UPI,Mobile,Chennai,0,81,333.71,736,No,1,0,6,3,0.41200443498846306,0,2.0164383561643837,26.852861035422343
T103819,CUST3707,2023-10-04 16:41:00,51.91,Health,Debit Card,Desktop,Hyderabad,0,87,265.09,1695,Yes,1,16,4,10,0.19582028744954544,0,4.6438356164383565,15.41504854368932
T103820,CUST7983,2023-11-30 04:40:00,34.56,Grocery,PayPal,POS,Chennai,0,146,309.44,1954,No,0,4,30,11,0.11168562564632886,0,5.353424657534247,22.979732643380768
T103821,CUST8301,2023-04-24 07:51:00,36.02,Fashion,NetBanking,Mobile,Chennai,0,37,407.14,1994,No,0,7,24,4,0.08847079628628973,0,5.463013698630137,5.7248834251801615
T103822,CUST7200,2023-10-24 23:13:00,131.07,Grocery,UPI,Mobile,Kolkata,0,155,394.26,1669,No,0,23,24,10,0.33244559427788767,0,4.572602739726028,27.814650934119957
T103823,CUST1072,2023-06-27 17:43:00,31.82,Utilities,PayPal,Mobile,Delhi,0,25,26.97,1146,No,0,17,27,6,1.1798294401186504,0,3.1397260273972605,6.039046988749172
T103824,CUST6832,2023-12-15 00:31:00,18.76,Travel,PayPal,Mobile,Delhi,0,197,24.91,1350,No,1,0,15,12,0.7531112003211562,0,3.6986301369863015,41.927113702623906
T103825,CUST8058,2023-02-13 05:13:00,7.08,Fashion,PayPal,Mobile,Kolkata,0,83,421.08,476,No,0,5,13,2,0.01681390709603876,0,1.3041095890410959,36.02259215219976
T103826,CUST8262,2023-07-05 05:05:00,50.29,Travel,Credit Card,POS,Hyderabad,0,27,291.62,509,Yes,1,5,5,7,0.1724504492147315,0,1.3945205479452054,11.27574370709382
T103827,CUST5324,2024-02-12 19:06:00,52.64,Grocery,PayPal,POS,Pune,0,77,479.14,763,No,0,19,12,2,0.10986350544725967,0,2.0904109589041098,24.91578014184397
T103828,CUST8535,2023-01-27 07:30:00,147.06,Entertainment,Credit Card,Desktop,Mumbai,0,182,221.48,1765,No,0,7,27,1,0.6639877189813979,0,4.835616438356165,31.187793427230044
T103829,CUST8146,2023-11-08 11:59:00,20.0,Health,Debit Card,Mobile,Hyderabad,0,135,96.6,1853,No,0,11,8,11,0.2070393374741201,0,5.076712328767123,22.21596032461677
T103830,CUST4541,2023-12-15 21:13:00,38.37,Travel,Credit Card,Desktop,Bengaluru,0,90,241.89,903,No,0,21,15,12,0.15862582165447103,0,2.473972602739726,25.906940063091483
T103831,CUST6856,2023-01-29 03:07:00,132.19,Fashion,PayPal,POS,Chennai,0,27,223.91,1311,No,0,3,29,1,0.5903711312580948,0,3.591780821917808,5.880071599045346
T103832,CUST8358,2023-10-01 05:37:00,138.81,Utilities,NetBanking,Mobile,Kolkata,0,122,263.42,551,No,0,5,1,10,0.5269531546579607,0,1.5095890410958903,48.61353711790393
T103833,CUST9065,2023-12-31 14:02:00,38.84,Fashion,NetBanking,Desktop,Mumbai,0,59,405.89,1736,No,0,14,31,12,0.09569095075020327,0,4.756164383561644,10.249881009043312
T103834,CUST3647,2024-01-03 00:03:00,49.17,Travel,Debit Card,Mobile,Pune,0,72,331.24,1428,No,0,0,3,1,0.1484422171235358,0,3.9123287671232876,14.656999442275515
T103835,CUST9694,2023-04-13 11:19:00,28.91,Fashion,PayPal,Mobile,Pune,0,159,100.78,1480,No,0,11,13,4,0.2868624727128398,0,4.054794520547945,31.455284552845526
T103836,CUST3775,2023-05-19 18:04:00,215.72,Utilities,Credit Card,Desktop,Delhi,0,91,369.89,1154,No,0,18,19,5,0.5832004109329801,0,3.1616438356164385,21.86635944700461
T103837,CUST4773,2024-01-06 12:02:00,10.1,Health,NetBanking,POS,Bengaluru,0,68,300.03,651,No,0,12,6,1,0.033663300336633006,0,1.7835616438356163,24.429133858267715
T103838,CUST3770,2023-09-18 13:57:00,217.14,Entertainment,UPI,Desktop,Pune,0,106,293.37,788,No,0,13,18,9,0.7401574803149605,0,2.158904109589041,33.55594102341717
T103839,CUST1168,2023-05-21 05:31:00,92.13,Health,PayPal,Desktop,Bengaluru,0,4,342.35,1888,No,0,5,21,5,0.2691105593690667,0,5.1726027397260275,0.6480248557478917
T103840,CUST6698,2024-01-06 13:09:00,60.67,Fashion,PayPal,Desktop,Chennai,0,146,286.34,273,No,0,13,6,1,0.21188098065237132,0,0.7479452054794521,83.52664576802508
T103841,CUST9999,2023-12-27 16:28:00,2.66,Utilities,UPI,Mobile,Delhi,0,63,234.18,52,Yes,0,16,27,12,0.011358783841489454,0,0.14246575342465753,55.14388489208633
T103842,CUST2687,2024-01-03 22:14:00,51.64,Utilities,NetBanking,POS,Mumbai,0,87,323.79,1407,No,0,22,3,1,0.1594860866611075,0,3.8547945205479452,17.920428893905193
T103843,CUST5095,2024-02-18 13:00:00,41.91,Travel,UPI,POS,Delhi,0,180,364.63,495,No,0,13,18,2,0.11493843073800838,0,1.356164383561644,76.3953488372093
T103844,CUST3284,2023-02-21 15:05:00,14.06,Grocery,Debit Card,Mobile,Chennai,0,111,120.63,1278,No,0,15,21,2,0.1165547542070795,0,3.5013698630136987,24.65916007303713
T103845,CUST9838,2023-05-04 08:26:00,85.46,Fashion,Credit Card,POS,Kolkata,0,191,253.55,894,No,0,8,4,5,0.3370538355353973,0,2.4493150684931506,55.37331215250199
T103846,CUST5058,2023-08-12 16:09:00,283.65,Fashion,Credit Card,Desktop,Pune,0,173,234.5,1497,No,0,16,12,8,1.209594882729211,0,4.101369863013699,33.912459720730396
T103847,CUST3777,2023-06-24 09:01:00,66.08,Fashion,NetBanking,POS,Bengaluru,0,140,29.55,1827,No,0,9,24,6,2.2362098138747886,1,5.005479452054795,23.312043795620436
T103848,CUST3328,2023-10-07 02:21:00,100.35,Fashion,UPI,Mobile,Kolkata,0,136,418.87,298,No,0,2,7,10,0.2395731372502208,0,0.8164383561643835,74.87179487179488
T103849,CUST9903,2023-10-16 01:35:00,5.67,Travel,PayPal,POS,Chennai,0,22,194.92,562,No,0,1,16,10,0.029088856966960806,0,1.5397260273972602,8.66235167206041
T103850,CUST5770,2023-03-17 23:52:00,43.26,Grocery,PayPal,Mobile,Pune,0,91,45.62,343,No,0,23,17,3,0.9482683033757124,0,0.9397260273972603,46.913841807909606
T103851,CUST8687,2023-08-07 03:02:00,9.9,Grocery,PayPal,Desktop,Hyderabad,0,169,234.37,149,No,0,3,7,8,0.0422409011392243,0,0.40821917808219177,120.00972762645914
T103852,CUST8997,2023-06-27 09:13:00,75.9,Electronics,Debit Card,Mobile,Bengaluru,0,116,89.13,1010,No,0,9,27,6,0.8515651295859981,0,2.767123287671233,30.792727272727273
T103853,CUST3741,2023-07-25 18:11:00,223.07,Fashion,Debit Card,POS,Chennai,0,41,355.16,1534,Yes,1,18,25,7,0.6280831174681832,0,4.2027397260273975,7.880463401790416
T103854,CUST5939,2023-04-19 23:07:00,86.72,Fashion,PayPal,Desktop,Mumbai,0,81,290.17,1977,No,0,23,19,4,0.29885928938208633,0,5.416438356164384,12.623825789923142
T103855,CUST1234,2023-06-01 14:43:00,6.39,Electronics,NetBanking,POS,Mumbai,0,123,142.36,1173,No,0,14,1,6,0.04488620398988479,0,3.213698630136986,29.190507152145646
T103856,CUST8272,2023-12-09 12:46:00,35.04,Grocery,Debit Card,Mobile,Pune,0,57,475.73,739,No,0,12,9,12,0.07365522460219032,0,2.0246575342465754,18.845108695652176
T103857,CUST5875,2023-12-24 08:54:00,64.0,Utilities,Debit Card,Desktop,Pune,0,160,152.96,165,No,0,8,24,12,0.41841004184100417,0,0.4520547945205479,110.18867924528301
T103858,CUST1037,2023-02-26 17:33:00,41.29,Utilities,Credit Card,Mobile,Mumbai,0,127,281.95,1130,No,0,17,26,2,0.14644440503635398,0,3.095890410958904,31.006688963210703
T103859,CUST7942,2023-11-21 04:41:00,143.49,Food,Credit Card,POS,Hyderabad,0,95,402.77,1407,No,0,4,21,11,0.3562579139459245,0,3.8547945205479452,19.568284424379232
T103860,CUST3610,2023-09-13 20:44:00,134.85,Health,NetBanking,Mobile,Delhi,0,55,261.81,1111,No,0,20,13,9,0.5150681792139338,0,3.043835616438356,13.600948509485095
T103861,CUST1265,2023-09-30 07:31:00,75.71,Food,Debit Card,POS,Mumbai,0,6,480.82,965,No,0,7,30,9,0.15746017220581507,0,2.643835616438356,1.6466165413533835
T103862,CUST4822,2023-12-15 01:25:00,37.4,Grocery,Debit Card,POS,Pune,0,167,423.49,1139,No,0,1,15,12,0.0883137736428251,0,3.1205479452054794,40.52859042553192
T103863,CUST8319,2023-06-16 00:40:00,23.59,Entertainment,UPI,Desktop,Pune,0,9,461.3,30,No,0,0,16,6,0.05113808801213961,0,0.0821917808219178,8.316455696202533
T103864,CUST9163,2023-07-01 13:38:00,8.95,Fashion,NetBanking,Desktop,Hyderabad,0,32,192.62,106,No,0,13,1,7,0.04646454158446682,0,0.29041095890410956,24.798301486199577
T103865,CUST2231,2023-03-26 08:11:00,35.07,Food,NetBanking,Mobile,Mumbai,0,164,278.69,990,Yes,1,8,26,3,0.12583874555958233,0,2.712328767123288,44.17712177121771
T103866,CUST9466,2023-03-22 07:41:00,42.64,Travel,UPI,POS,Hyderabad,0,128,421.68,1575,No,0,7,22,3,0.1011193321950294,0,4.315068493150685,24.082474226804123
T103867,CUST9199,2023-10-26 23:17:00,90.12,Utilities,UPI,POS,Mumbai,0,16,452.72,1497,No,0,23,26,10,0.19906343877010071,0,4.101369863013699,3.1364124597207304
T103868,CUST5340,2023-03-20 01:57:00,85.87,Travel,Credit Card,Desktop,Delhi,1,140,472.74,610,No,1,1,20,3,0.18164318652959344,0,1.6712328767123288,52.41025641025641
T103869,CUST7515,2024-01-17 01:22:00,5.81,Electronics,NetBanking,Desktop,Chennai,0,41,440.78,177,No,0,1,17,1,0.013181178819365669,0,0.4849315068493151,27.61070110701107
T103870,CUST9181,2023-09-19 12:02:00,40.24,Grocery,NetBanking,Desktop,Mumbai,0,195,368.07,603,No,0,12,19,9,0.10932703018447579,0,1.652054794520548,73.52789256198348
T103871,CUST7298,2023-04-27 02:04:00,16.05,Grocery,UPI,Desktop,Chennai,0,186,21.87,1578,No,0,2,27,4,0.7338820301783264,0,4.323287671232877,34.9408131755018
T103872,CUST1321,2023-03-12 01:45:00,13.65,Food,PayPal,Mobile,Mumbai,0,137,164.33,215,No,1,1,12,3,0.08306456520416235,0,0.589041095890411,86.2155172413793
T103873,CUST9294,2023-10-07 10:00:00,140.5,Fashion,PayPal,Mobile,Delhi,0,125,73.18,1730,No,0,10,7,10,1.9199234763596609,0,4.739726027397261,21.778042959427207
T103874,CUST8246,2023-10-20 05:09:00,3.43,Grocery,Credit Card,Mobile,Kolkata,1,17,85.83,551,No,1,5,20,10,0.0399627169987184,0,1.5095890410958903,6.774017467248909
T103875,CUST7282,2024-01-15 15:16:00,43.47,Food,PayPal,Mobile,Pune,0,110,152.54,1824,No,0,15,15,1,0.28497443293562347,0,4.997260273972603,18.34170854271357
T103876,CUST8410,2023-02-17 10:27:00,14.73,Food,PayPal,Desktop,Chennai,0,133,46.62,191,No,0,10,17,2,0.315958815958816,0,0.5232876712328767,87.31115107913669
T103877,CUST5942,2023-09-26 16:41:00,169.18,Health,PayPal,Mobile,Hyderabad,0,26,129.09,1343,No,0,16,26,9,1.3105585250600356,0,3.6794520547945204,5.556206088992974
T103878,CUST8957,2023-05-16 04:40:00,65.14,Health,Debit Card,Mobile,Mumbai,0,129,478.92,1979,No,0,4,16,5,0.13601436565605945,0,5.421917808219178,20.087457337883958
T103879,CUST2073,2023-04-19 01:44:00,21.05,Grocery,Credit Card,Mobile,Pune,0,1,162.85,1474,No,0,1,19,4,0.12926005526558182,0,4.038356164383561,0.19847743338771073
T103880,CUST9183,2023-03-05 12:06:00,55.84,Food,UPI,Desktop,Mumbai,0,35,88.26,225,No,0,12,5,3,0.6326761840018128,0,0.6164383561643836,21.652542372881356
T103881,CUST8422,2023-12-04 12:41:00,105.19,Electronics,PayPal,POS,Hyderabad,0,9,361.97,63,No,0,12,4,12,0.2906041937177114,0,0.1726027397260274,7.675233644859813
T103882,CUST9373,2023-11-15 20:05:00,253.83,Electronics,Debit Card,Desktop,Delhi,0,87,415.97,1725,No,0,20,15,11,0.6102122749236724,0,4.726027397260274,15.19377990430622
T103883,CUST5679,2023-04-06 07:09:00,19.92,Health,PayPal,POS,Bengaluru,0,38,163.88,1650,No,0,7,6,4,0.12155235538198683,0,4.52054794520548,6.883374689826303
T103884,CUST5306,2024-01-19 08:59:00,173.85,Grocery,Debit Card,POS,Mumbai,0,4,146.46,1623,No,0,8,19,1,1.1870135190495696,0,4.446575342465754,0.7344064386317907
T103885,CUST8300,2023-10-11 02:42:00,217.82,Utilities,Credit Card,Mobile,Kolkata,0,52,128.46,1926,Yes,0,2,11,10,1.6956250973065543,0,5.276712328767124,8.284591881274553
T103886,CUST5540,2023-11-21 09:15:00,198.56,Fashion,PayPal,Mobile,Hyderabad,0,147,202.7,437,No,0,9,21,11,0.9795757276763691,0,1.1972602739726028,66.90149625935162
T103887,CUST9606,2024-01-11 14:05:00,80.72,Entertainment,Debit Card,Mobile,Bengaluru,0,5,52.74,1830,No,0,14,11,1,1.5305271141448615,0,5.013698630136986,0.8314350797266515
T103888,CUST3525,2023-07-19 06:12:00,79.5,Utilities,NetBanking,Desktop,Mumbai,0,106,337.87,1350,No,0,6,19,7,0.23529759966851155,0,3.6986301369863015,22.559766763848398
T103889,CUST7597,2023-09-17 18:09:00,41.3,Electronics,NetBanking,Desktop,Chennai,0,48,412.89,1973,Yes,0,18,17,9,0.10002664147835985,0,5.405479452054794,7.4935842600513265
T103890,CUST3242,2023-07-02 07:43:00,111.67,Electronics,Debit Card,Mobile,Pune,0,87,335.2,566,No,0,7,2,7,0.3331443914081146,0,1.5506849315068494,34.108485499462944
T103891,CUST2550,2023-03-14 04:06:00,60.62,Utilities,PayPal,Desktop,Pune,1,191,216.39,65,No,1,4,14,3,0.2801423355977633,0,0.1780821917808219,162.12790697674419
T103892,CUST3883,2023-06-21 12:40:00,90.52,Health,PayPal,Desktop,Hyderabad,1,38,151.59,1317,No,0,12,21,6,0.5971370143149284,0,3.6082191780821917,8.246135552913199
T103893,CUST3039,2023-11-26 02:45:00,44.75,Health,Credit Card,POS,Chennai,0,52,210.63,1435,No,0,2,26,11,0.2124578645017329,0,3.9315068493150687,10.544444444444444
T103894,CUST9628,2024-01-29 05:55:00,105.19,Grocery,Credit Card,Desktop,Delhi,1,87,217.68,143,No,0,5,29,1,0.4832322675486953,0,0.3917808219178082,62.50984251968504
T103895,CUST8965,2023-12-10 02:58:00,139.2,Health,UPI,POS,Bengaluru,0,46,336.35,1670,No,0,2,10,12,0.4138546157276646,0,4.575342465753424,8.250614250614252
T103896,CUST2862,2023-01-01 11:51:00,12.67,Travel,Credit Card,Mobile,Hyderabad,0,93,464.75,634,No,0,11,1,1,0.027261968800430338,0,1.736986301369863,33.97897897897898
T103897,CUST6679,2023-05-31 23:51:00,143.15,Entertainment,PayPal,Desktop,Kolkata,0,137,44.59,1654,No,0,23,31,5,3.2103610675039245,1,4.531506849315068,24.76721149083705
T103898,CUST2282,2023-06-19 02:12:00,62.17,Utilities,UPI,POS,Mumbai,0,50,477.14,472,No,0,2,19,6,0.13029718740830784,0,1.2931506849315069,21.804062126642773
T103899,CUST9843,2023-04-11 21:06:00,148.97,Utilities,Credit Card,Desktop,Pune,0,66,456.0,1216,No,0,21,11,4,0.32668859649122806,0,3.3315068493150686,15.237191650853887
T103900,CUST3625,2023-10-04 22:48:00,45.15,Food,Debit Card,POS,Mumbai,0,38,67.69,67,No,0,22,4,10,0.6670113753877973,0,0.18356164383561643,32.10648148148148
T103901,CUST9765,2023-05-24 00:21:00,38.12,Electronics,NetBanking,POS,Bengaluru,0,155,99.96,121,No,0,0,24,5,0.3813525410164066,0,0.3315068493150685,116.40946502057612
T103902,CUST9645,2023-03-25 00:27:00,197.27,Utilities,Credit Card,Desktop,Chennai,0,105,162.68,660,No,0,0,25,3,1.212626014261126,0,1.8082191780821917,37.390243902439025
T103903,CUST4989,2024-02-17 11:36:00,23.14,Travel,Credit Card,Mobile,Chennai,0,148,284.24,1776,No,0,11,17,2,0.08141007599211933,0,4.865753424657535,25.231200373657167
T103904,CUST8947,2023-05-12 09:54:00,148.74,Utilities,Debit Card,POS,Hyderabad,0,190,75.89,701,No,0,9,12,5,1.959942021346686,0,1.9205479452054794,65.05628517823641
T103905,CUST2424,2023-08-21 12:13:00,52.94,Fashion,PayPal,Mobile,Hyderabad,0,16,108.16,130,No,0,12,21,8,0.48946005917159763,0,0.3561643835616438,11.797979797979798
T103906,CUST4944,2023-12-13 02:09:00,57.74,Travel,Debit Card,Desktop,Chennai,0,79,452.31,1934,No,1,2,13,12,0.12765581127987444,0,5.298630136986302,12.542409743366681
T103907,CUST7991,2023-07-18 08:23:00,29.51,Grocery,Credit Card,Desktop,Hyderabad,0,13,63.56,536,No,0,8,18,7,0.4642857142857143,0,1.4684931506849315,5.266370699223085
T103908,CUST7916,2023-01-29 12:01:00,68.09,Fashion,PayPal,Mobile,Chennai,0,114,205.45,208,No,0,12,29,1,0.331418836699927,0,0.5698630136986301,72.61780104712042
T103909,CUST3657,2023-06-26 18:56:00,31.47,Fashion,UPI,Desktop,Bengaluru,0,102,383.87,313,No,0,18,26,6,0.08198087894339229,0,0.8575342465753425,54.911504424778755
T103910,CUST3066,2023-06-15 14:12:00,3.2,Utilities,Credit Card,POS,Hyderabad,0,148,445.41,384,No,0,14,15,6,0.0071843919085786126,0,1.0520547945205478,72.12283044058745
T103911,CUST8941,2023-04-02 21:01:00,25.4,Health,Debit Card,Mobile,Chennai,0,152,174.66,1957,No,0,21,2,4,0.145425397915951,0,5.361643835616438,23.8931955211025
T103912,CUST1186,2023-09-21 20:44:00,0.51,Utilities,UPI,Desktop,Hyderabad,0,178,90.57,1350,No,0,20,21,9,0.005631003643590593,0,3.6986301369863015,37.883381924198254
T103913,CUST1765,2023-07-04 13:47:00,306.64,Travel,NetBanking,Desktop,Mumbai,0,135,371.14,1939,No,0,13,4,7,0.8262111332650751,0,5.3123287671232875,21.38671875
T103914,CUST4968,2023-07-02 09:32:00,269.92,Grocery,UPI,Mobile,Pune,0,87,388.55,1588,No,0,9,2,7,0.6946853686784198,0,4.35068493150685,16.25960061443932
T103915,CUST5294,2023-03-11 18:38:00,40.22,Electronics,Debit Card,POS,Mumbai,0,88,490.22,517,No,0,18,11,3,0.08204479621394475,0,1.4164383561643836,36.4172335600907
T103916,CUST1686,2023-01-12 20:17:00,104.27,Entertainment,UPI,Mobile,Delhi,0,29,78.38,1035,No,0,20,12,1,1.330313855575402,0,2.835616438356164,7.560714285714286
T103917,CUST2449,2023-02-06 17:54:00,33.95,Health,Debit Card,Desktop,Chennai,0,133,357.62,308,No,0,17,6,2,0.09493316928583413,0,0.8438356164383561,72.13224368499257
T103918,CUST1930,2023-12-25 23:20:00,88.96,Travel,Credit Card,Desktop,Delhi,0,107,214.47,573,No,0,23,25,12,0.4147899473119783,0,1.5698630136986302,41.636460554371
T103919,CUST4508,2023-01-04 06:38:00,130.96,Electronics,PayPal,Mobile,Chennai,0,163,458.17,679,No,0,6,4,1,0.2858327694960386,0,1.8602739726027397,56.9875478927203
T103920,CUST8618,2023-08-19 01:18:00,234.63,Travel,NetBanking,POS,Pune,0,65,209.84,1646,No,0,1,19,8,1.1181376286694624,0,4.50958904109589,11.797613127797115
T103921,CUST9764,2023-06-13 01:14:00,40.89,Health,PayPal,POS,Hyderabad,0,100,228.52,960,No,0,1,13,6,0.17893401015228425,0,2.6301369863013697,27.547169811320757
T103922,CUST4691,2024-02-11 13:25:00,122.34,Electronics,PayPal,POS,Chennai,0,115,72.13,384,No,0,13,11,2,1.6961042562040762,0,1.0520547945205478,56.04138851802403
T103923,CUST6029,2023-01-26 22:29:00,24.73,Health,PayPal,Mobile,Mumbai,0,198,167.26,1372,No,0,22,26,1,0.14785364103790508,0,3.758904109589041,41.60621761658031
T103924,CUST4781,2024-01-18 08:13:00,371.12,Travel,Debit Card,POS,Hyderabad,0,87,206.41,224,No,0,8,18,1,1.7979749043166513,0,0.6136986301369863,53.91341256366723
T103925,CUST4094,2023-04-24 13:09:00,2.09,Fashion,Debit Card,POS,Pune,0,74,18.58,833,No,0,13,24,4,0.11248654467168999,0,2.282191780821918,22.54590984974958
T103926,CUST7370,2023-05-17 19:45:00,74.01,Entertainment,NetBanking,POS,Mumbai,0,135,224.41,122,No,0,19,17,5,0.3297981373379083,0,0.33424657534246577,101.18069815195072
T103927,CUST4686,2023-01-31 19:41:00,86.19,Food,Debit Card,POS,Hyderabad,0,172,174.8,462,Yes,1,19,31,1,0.4930778032036613,0,1.2657534246575342,75.91293833131802
T103928,CUST8701,2023-04-23 11:06:00,93.19,Entertainment,Debit Card,Desktop,Chennai,0,13,403.88,587,No,0,11,23,4,0.2307368525304546,0,1.6082191780821917,4.984243697478992
T103929,CUST9819,2023-01-29 00:18:00,10.26,Fashion,Debit Card,Mobile,Chennai,0,94,62.49,1080,No,1,0,29,1,0.1641862698031685,0,2.958904109589041,23.7439446366782
T103930,CUST8604,2024-01-01 09:55:00,223.14,Health,Debit Card,Mobile,Mumbai,0,78,382.5,1468,No,0,9,1,1,0.5833725490196078,0,4.021917808219178,15.53191489361702
T103931,CUST4458,2023-01-06 07:44:00,15.99,Entertainment,Credit Card,POS,Bengaluru,0,124,359.87,191,No,0,7,6,1,0.044432711812598995,0,0.5232876712328767,81.40287769784173
T103932,CUST4786,2024-01-29 20:29:00,77.99,Health,NetBanking,Mobile,Chennai,0,125,128.47,1897,No,0,20,29,1,0.6070677979294776,0,5.197260273972603,20.170203359858533
T103933,CUST5686,2023-11-05 20:34:00,20.15,Health,Debit Card,Mobile,Bengaluru,0,38,50.8,130,No,0,20,5,11,0.39665354330708663,0,0.3561643835616438,28.020202020202017
T103934,CUST7707,2023-01-24 15:52:00,29.36,Electronics,NetBanking,Desktop,Hyderabad,1,13,422.5,728,No,0,15,24,1,0.06949112426035503,0,1.9945205479452055,4.341262580054895
T103935,CUST5146,2023-08-16 02:58:00,63.25,Grocery,UPI,Mobile,Bengaluru,0,54,132.22,1526,No,0,2,16,8,0.478369384359401,0,4.1808219178082195,10.423056583818084
T103936,CUST7957,2023-08-12 20:18:00,43.19,Health,Credit Card,Desktop,Mumbai,0,106,81.32,1759,No,0,20,12,8,0.5311116576487949,0,4.8191780821917805,18.215630885122412
T103937,CUST3971,2023-08-13 18:07:00,13.97,Entertainment,Debit Card,Mobile,Delhi,0,44,185.93,187,No,0,18,13,8,0.07513580379712795,0,0.5123287671232877,29.094202898550723
T103938,CUST6961,2023-03-06 16:25:00,15.0,Entertainment,Credit Card,Desktop,Delhi,0,141,206.43,521,No,0,16,6,3,0.07266385699752943,0,1.4273972602739726,58.08690744920993
T103939,CUST9348,2023-02-17 21:55:00,43.32,Entertainment,Credit Card,Desktop,Mumbai,1,153,169.78,948,No,0,21,17,2,0.2551537283543409,0,2.5972602739726027,42.53236862147753
T103940,CUST4087,2023-07-16 03:15:00,113.27,Fashion,UPI,Mobile,Kolkata,0,24,488.48,1062,No,0,3,16,7,0.23188257451686864,0,2.9095890410958902,6.13875262789068
T103941,CUST4544,2023-12-24 03:05:00,182.59,Food,NetBanking,Desktop,Delhi,0,124,441.6,1265,No,1,3,24,12,0.41347373188405795,0,3.4657534246575343,27.766871165644172
T103942,CUST6392,2023-10-10 23:26:00,7.03,Health,Credit Card,Desktop,Mumbai,1,29,437.76,1492,No,0,23,10,10,0.01605902777777778,0,4.087671232876712,5.700053850296177
T103943,CUST2064,2023-09-21 20:18:00,39.95,Utilities,PayPal,Mobile,Chennai,0,198,205.4,1950,No,0,20,21,9,0.1944985394352483,0,5.342465753424658,31.218142548596113
T103944,CUST8053,2023-07-11 19:14:00,8.45,Health,UPI,Desktop,Bengaluru,0,146,481.81,853,No,0,19,11,7,0.01753803366472261,0,2.336986301369863,43.752052545156
T103945,CUST8196,2024-02-19 12:22:00,1.34,Health,PayPal,Desktop,Delhi,0,92,345.17,708,No,0,12,19,2,0.003882145029985225,0,1.9397260273972603,31.295433364398882
T103946,CUST2248,2023-10-29 19:47:00,86.71,Utilities,UPI,Desktop,Chennai,0,5,417.68,1908,No,0,19,29,10,0.20759911894273125,0,5.227397260273973,0.8029036515618125
T103947,CUST7752,2023-03-29 00:11:00,73.79,Electronics,PayPal,Desktop,Delhi,0,146,255.43,815,No,1,0,29,3,0.2888854089182947,0,2.232876712328767,45.16101694915254
T103948,CUST5338,2023-06-02 01:47:00,14.24,Health,PayPal,Desktop,Hyderabad,0,191,88.7,1863,No,0,1,2,6,0.16054114994363022,0,5.104109589041096,31.29039497307002
T103949,CUST8412,2023-10-16 11:12:00,21.31,Fashion,Credit Card,POS,Mumbai,0,125,444.57,1021,Yes,1,11,16,10,0.04793395865667949,0,2.797260273972603,32.91847041847042
T103950,CUST2200,2023-04-12 14:01:00,1.92,Travel,Credit Card,Desktop,Mumbai,0,165,248.35,140,No,0,14,12,4,0.0077310247634386955,0,0.3835616438356164,119.25742574257426
T103951,CUST7847,2023-11-24 10:39:00,144.12,Grocery,UPI,Desktop,Chennai,0,71,484.59,870,No,0,10,24,11,0.2974060546028602,0,2.3835616438356166,20.983805668016192
T103952,CUST2610,2023-11-10 08:20:00,294.13,Entertainment,NetBanking,Desktop,Kolkata,1,183,134.88,232,No,0,8,10,11,2.180679122182681,1,0.6356164383561644,111.88442211055276
T103953,CUST4589,2024-01-16 15:12:00,11.64,Health,Credit Card,Desktop,Hyderabad,0,99,496.27,1813,No,0,15,16,1,0.023454974106837004,0,4.967123287671233,16.590909090909093
T103954,CUST5420,2023-10-22 22:31:00,21.06,Electronics,Credit Card,Mobile,Bengaluru,0,12,118.99,1118,No,0,22,22,10,0.17698966299689048,0,3.063013698630137,2.9534726904922457
T103955,CUST9619,2023-06-18 22:40:00,162.24,Fashion,Debit Card,POS,Hyderabad,0,52,190.4,1768,No,0,22,18,6,0.8521008403361344,0,4.843835616438356,8.898265353961557
T103956,CUST7893,2024-01-28 05:25:00,208.8,Health,Credit Card,Mobile,Kolkata,0,185,301.07,1214,No,0,5,28,1,0.6935264224266783,0,3.326027397260274,42.76440785307156
T103957,CUST2702,2023-01-06 19:00:00,43.53,Utilities,NetBanking,POS,Hyderabad,0,46,349.73,443,No,0,19,6,1,0.12446744631572927,0,1.2136986301369863,20.77970297029703
T103958,CUST2240,2023-09-28 18:24:00,4.16,Electronics,Debit Card,Desktop,Pune,0,104,362.94,1698,No,0,18,28,9,0.011461949633548246,0,4.652054794520548,18.400387784779447
T103959,CUST7454,2024-02-11 00:56:00,3.22,Travel,PayPal,Desktop,Bengaluru,0,44,243.36,719,No,0,0,11,2,0.013231426692965155,0,1.9698630136986301,14.815498154981551
T103960,CUST7729,2023-11-10 13:57:00,68.26,Food,PayPal,POS,Bengaluru,1,152,47.65,1758,No,0,13,10,11,1.432528856243442,0,4.816438356164384,26.132830899670275
T103961,CUST3023,2023-11-24 13:06:00,39.92,Health,Debit Card,POS,Hyderabad,0,9,253.06,295,No,0,13,24,11,0.15774915039911483,0,0.8082191780821918,4.977272727272727
T103962,CUST1888,2023-09-23 02:42:00,2.33,Fashion,Debit Card,Mobile,Delhi,0,140,174.0,601,No,0,2,23,9,0.01339080459770115,0,1.6465753424657534,52.89855072463768
T103963,CUST5941,2023-04-21 09:12:00,70.02,Electronics,Debit Card,POS,Pune,0,100,332.25,234,No,0,9,21,4,0.21074492099322797,0,0.6410958904109589,60.93489148580968
T103964,CUST8276,2023-06-02 22:58:00,0.91,Utilities,UPI,Desktop,Delhi,0,137,99.32,1720,No,0,22,2,6,0.009162303664921467,0,4.712328767123288,23.983213429256594
T103965,CUST7297,2023-08-20 17:48:00,123.86,Electronics,NetBanking,Mobile,Hyderabad,0,103,203.02,613,No,0,17,20,8,0.6100876760910254,0,1.6794520547945206,38.44069529652352
T103966,CUST3947,2023-11-20 07:17:00,29.27,Health,NetBanking,POS,Delhi,0,110,483.4,1209,No,0,7,20,11,0.06055026892842367,0,3.3123287671232875,25.508259212198222
T103967,CUST2990,2023-08-18 17:29:00,3.29,Electronics,PayPal,POS,Bengaluru,0,116,53.55,202,No,0,17,18,8,0.06143790849673203,0,0.5534246575342465,74.67372134038801
T103968,CUST1349,2023-01-31 11:52:00,71.01,Food,PayPal,Mobile,Bengaluru,0,22,305.14,337,No,0,11,31,1,0.23271285311660225,0,0.9232876712328767,11.43874643874644
T103969,CUST7442,2023-12-16 15:19:00,40.56,Electronics,PayPal,POS,Delhi,0,145,54.42,479,No,0,15,16,12,0.7453142227122381,0,1.3123287671232877,62.70734597156399
T103970,CUST4089,2023-05-12 08:17:00,291.36,Entertainment,Credit Card,Desktop,Bengaluru,0,161,86.93,91,No,0,8,12,5,3.3516622569883814,1,0.2493150684931507,128.87061403508773
T103971,CUST3277,2024-01-15 22:34:00,62.86,Grocery,PayPal,Mobile,Mumbai,0,175,306.42,1426,No,0,22,15,1,0.2051432674107434,0,3.9068493150684933,35.6644332774986
T103972,CUST8160,2023-11-06 17:32:00,25.75,Entertainment,Debit Card,POS,Bengaluru,0,88,227.56,1513,No,0,17,6,11,0.11315696959043768,0,4.145205479452055,17.103301384451544
T103973,CUST5776,2024-01-01 08:00:00,98.88,Grocery,PayPal,Desktop,Hyderabad,0,143,278.76,504,No,0,8,1,1,0.3547137322427895,0,1.3808219178082193,60.063291139240505
T103974,CUST5822,2023-02-02 12:15:00,25.34,Electronics,Debit Card,POS,Chennai,0,33,441.14,1434,No,0,12,2,2,0.05744208187876865,0,3.9287671232876713,6.6953863257365205
T103975,CUST9147,2023-05-08 15:45:00,187.68,Utilities,UPI,Mobile,Delhi,0,15,410.45,1770,No,0,15,8,5,0.45725423315872826,0,4.8493150684931505,2.5644028103044496
T103976,CUST8867,2023-08-01 11:07:00,37.56,Utilities,Credit Card,POS,Pune,0,27,445.11,1625,No,0,11,1,8,0.08438363550583002,0,4.4520547945205475,4.952261306532663
T103977,CUST6491,2023-08-23 07:29:00,63.86,Health,Credit Card,POS,Kolkata,0,189,311.96,115,No,0,7,23,8,0.20470573150403898,0,0.3150684931506849,143.71875
T103978,CUST1829,2023-10-05 02:19:00,4.15,Utilities,NetBanking,POS,Delhi,0,196,249.93,1989,No,0,2,5,10,0.016604649301804508,0,5.449315068493151,30.390824129141883
T103979,CUST9307,2023-04-26 23:01:00,44.43,Grocery,UPI,Desktop,Kolkata,0,112,235.01,1196,No,0,23,26,4,0.18905578486021873,0,3.276712328767123,26.188340807174885
T103980,CUST2158,2023-01-22 07:19:00,142.88,Fashion,Debit Card,Desktop,Kolkata,0,82,372.51,1916,No,0,7,22,1,0.3835601728812649,0,5.249315068493151,13.121437965804471
T103981,CUST2072,2023-06-16 21:43:00,131.05,Grocery,UPI,POS,Bengaluru,1,48,265.44,1060,No,1,21,16,6,0.49370855937311636,0,2.904109589041096,12.294736842105262
T103982,CUST9104,2023-11-21 06:08:00,20.32,Entertainment,Credit Card,POS,Bengaluru,0,8,61.83,324,No,0,6,21,11,0.32864305353388323,0,0.8876712328767123,4.238026124818578
T103983,CUST9127,2023-05-29 05:57:00,20.5,Electronics,Debit Card,Mobile,Chennai,0,134,79.55,1744,No,0,5,29,5,0.25769956002514144,0,4.778082191780822,23.19108582266477
T103984,CUST4115,2023-09-24 17:54:00,136.0,Health,UPI,POS,Chennai,1,191,184.97,768,No,0,17,24,9,0.7352543655727956,0,2.1041095890410957,61.53133274492498
T103985,CUST8538,2023-11-03 17:38:00,213.2,Travel,Credit Card,Mobile,Pune,0,118,43.23,1572,No,0,17,3,11,4.93176035160768,1,4.306849315068493,22.23541559112029
T103986,CUST3930,2023-09-15 01:03:00,8.02,Health,Debit Card,Desktop,Hyderabad,0,84,127.22,1705,No,0,1,15,9,0.06304040245244458,0,4.671232876712328,14.811594202898553
T103987,CUST2037,2024-01-20 00:45:00,47.84,Health,Debit Card,POS,Mumbai,0,2,331.64,555,No,1,0,20,1,0.1442528042455675,0,1.5205479452054795,0.7934782608695651
T103988,CUST9139,2023-04-20 12:29:00,32.93,Health,Credit Card,Mobile,Hyderabad,0,150,16.09,63,No,0,12,20,4,2.0466128029832196,1,0.1726027397260274,127.92056074766354
T103989,CUST9053,2023-06-23 12:39:00,163.64,Fashion,Debit Card,Desktop,Pune,1,118,306.01,1943,No,0,12,23,6,0.5347537662167903,0,5.323287671232877,18.66117850953206
T103990,CUST8778,2023-06-13 14:37:00,6.98,Food,Credit Card,Mobile,Delhi,0,21,388.45,1988,No,0,14,13,6,0.017968850559917624,0,5.446575342465754,3.2575435614109645
T103991,CUST9277,2023-01-31 21:32:00,18.97,Entertainment,PayPal,Desktop,Bengaluru,0,134,93.38,781,No,0,21,31,1,0.20314842578710646,0,2.1397260273972605,42.67888307155322
T103992,CUST6908,2023-09-12 22:41:00,111.7,Electronics,PayPal,POS,Hyderabad,0,123,98.67,1382,No,0,22,12,9,1.1320563494476539,0,3.786301369863014,25.698340011448195
T103993,CUST4020,2023-03-09 01:57:00,4.21,Food,Debit Card,Mobile,Kolkata,0,96,24.14,1885,No,1,1,9,3,0.1743993371996686,0,5.164383561643835,15.573333333333334
T103994,CUST2761,2023-03-21 14:16:00,54.27,Travel,Debit Card,POS,Bengaluru,0,198,261.1,1662,No,0,14,21,3,0.2078513979318269,0,4.553424657534246,35.653675382338434
T103995,CUST7204,2023-04-18 16:38:00,46.69,Food,Credit Card,Mobile,Bengaluru,1,13,330.75,809,No,0,16,18,4,0.14116402116402116,0,2.2164383561643834,4.041737649063032
T103996,CUST3865,2023-08-11 12:27:00,32.57,Electronics,Debit Card,Desktop,Hyderabad,0,1,233.89,667,No,0,12,11,8,0.13925349523280176,0,1.8273972602739725,0.3536821705426357
T103997,CUST3351,2023-10-02 13:08:00,40.15,Entertainment,NetBanking,Mobile,Hyderabad,0,150,200.83,1087,No,0,13,2,10,0.19992033062789422,0,2.978082191780822,37.70661157024794
T103998,CUST8759,2023-03-06 08:31:00,60.39,Entertainment,PayPal,Mobile,Kolkata,0,117,232.66,824,No,0,8,6,3,0.2595633112696639,0,2.2575342465753425,35.91673675357443
T103999,CUST9728,2024-01-10 09:50:00,14.08,Electronics,Debit Card,POS,Kolkata,0,152,392.95,435,No,0,9,10,1,0.0358315307291004,0,1.1917808219178083,69.35000000000001
T104000,CUST4944,2023-07-16 20:29:00,67.89,Travel,Debit Card,POS,Chennai,0,64,26.42,1071,No,0,20,16,7,2.5696442089326266,1,2.9342465753424656,16.26740947075209
T104001,CUST4335,2024-01-17 02:53:00,130.96,Electronics,UPI,POS,Pune,0,169,394.07,1483,No,0,2,17,1,0.3323267439794961,0,4.063013698630137,33.37932900432901
T104002,CUST7062,2024-01-08 23:05:00,114.22,Travel,Debit Card,Desktop,Pune,0,150,336.51,457,No,0,23,8,1,0.3394252771091498,0,1.252054794520548,66.60583941605839
T104003,CUST8372,2023-02-19 03:33:00,13.37,Travel,NetBanking,POS,Kolkata,0,61,128.3,943,No,0,3,19,2,0.10420888542478564,0,2.5835616438356164,17.02217125382263
T104004,CUST8554,2023-02-17 16:06:00,12.93,Electronics,PayPal,Mobile,Mumbai,0,108,267.12,322,No,0,16,17,2,0.048405211141060195,0,0.8821917808219178,57.379912663755455
T104005,CUST8907,2023-10-01 06:15:00,24.98,Grocery,UPI,Desktop,Kolkata,0,12,34.15,1956,Yes,1,6,1,10,0.7314787701317716,0,5.358904109589041,1.8871176217147783
T104006,CUST3614,2023-05-02 14:58:00,35.84,Entertainment,Credit Card,POS,Chennai,0,90,196.0,609,No,0,14,2,5,0.18285714285714288,0,1.6684931506849314,33.72689938398357
T104007,CUST5090,2023-07-08 19:54:00,42.0,Travel,Credit Card,Mobile,Mumbai,0,132,95.28,1802,No,0,19,8,7,0.44080604534005036,0,4.936986301369863,22.233502538071065
T104008,CUST2782,2023-10-16 17:38:00,91.08,Electronics,PayPal,Mobile,Hyderabad,0,83,20.93,1133,No,0,17,16,10,4.351648351648351,1,3.1041095890410957,20.223631508678235
T104009,CUST8530,2023-07-16 11:26:00,4.67,Utilities,Credit Card,Desktop,Pune,0,128,184.97,1139,No,0,11,16,7,0.02524733740606585,0,3.1205479452054794,31.06382978723404
T104010,CUST3313,2023-07-26 10:23:00,2.82,Grocery,NetBanking,Mobile,Pune,0,140,365.8,1625,No,0,10,26,7,0.007709130672498632,0,4.4520547945205475,25.678391959798997
T104011,CUST6829,2023-04-02 14:57:00,39.79,Entertainment,Debit Card,POS,Mumbai,0,33,461.3,77,No,0,14,2,4,0.08625623238673315,0,0.21095890410958903,27.251131221719458
T104012,CUST8029,2023-09-18 17:08:00,95.57,Travel,PayPal,Mobile,Delhi,0,149,334.51,1744,No,0,17,18,9,0.28570147379749483,0,4.778082191780822,25.78710289236605
T104013,CUST1598,2023-08-29 01:51:00,17.2,Entertainment,UPI,POS,Chennai,0,128,206.97,1921,No,1,1,29,8,0.08310383147316036,0,5.263013698630137,20.437445319335083
T104014,CUST4337,2023-05-14 13:58:00,82.07,Grocery,Debit Card,POS,Chennai,0,100,499.75,113,No,0,13,14,5,0.16422211105552775,0,0.3095890410958904,76.35983263598327
T104015,CUST8330,2023-12-30 02:50:00,24.07,Entertainment,Credit Card,Desktop,Chennai,0,106,148.64,636,No,1,2,30,12,0.16193487621097957,0,1.7424657534246575,38.651348651348655
T104016,CUST6029,2023-03-12 18:25:00,173.78,Fashion,Credit Card,Mobile,Pune,0,72,101.69,337,No,0,18,12,3,1.7089192644311142,0,0.9232876712328767,37.43589743589744
T104017,CUST4632,2023-09-07 17:56:00,180.83,Health,UPI,Desktop,Bengaluru,0,74,237.2,281,No,0,17,7,9,0.7623524451939293,0,0.7698630136986301,41.811145510835914
T104018,CUST8722,2023-10-21 16:17:00,28.22,Fashion,NetBanking,Desktop,Pune,0,96,257.41,1534,No,0,16,21,10,0.10963055048366417,0,4.2027397260273975,18.451816745655606
T104019,CUST3014,2023-01-23 02:23:00,20.91,Grocery,UPI,Desktop,Bengaluru,0,92,183.86,1898,No,0,2,23,1,0.11372783639725878,0,5.2,14.838709677419354
T104020,CUST5974,2023-06-13 18:42:00,42.39,Travel,PayPal,POS,Pune,0,74,350.79,209,No,0,18,13,6,0.12084152911998632,0,0.5726027397260274,47.055749128919864
T104021,CUST1815,2023-05-01 18:18:00,22.01,Electronics,UPI,POS,Hyderabad,0,72,100.09,1649,No,0,18,1,5,0.2199020881206914,0,4.517808219178082,13.04865938430983
T104022,CUST4703,2023-04-13 10:33:00,89.27,Food,Credit Card,POS,Pune,0,180,260.07,1363,No,0,10,13,4,0.3432537393778598,0,3.734246575342466,38.020833333333336
T104023,CUST7560,2023-01-28 15:51:00,139.93,Electronics,NetBanking,POS,Hyderabad,0,175,255.06,1990,No,0,15,28,1,0.5486160119187642,0,5.4520547945205475,27.123142250530787
T104024,CUST2904,2024-02-20 22:44:00,89.45,Entertainment,NetBanking,Mobile,Bengaluru,0,59,413.66,455,No,0,22,20,2,0.2162403906589953,0,1.2465753424657535,26.26219512195122
T104025,CUST7454,2023-12-19 12:33:00,139.14,Food,UPI,Mobile,Chennai,1,175,464.21,1539,No,0,12,19,12,0.29973503371319016,0,4.2164383561643834,33.54779411764706
T104026,CUST3289,2024-02-20 21:13:00,40.47,Food,PayPal,POS,Bengaluru,0,56,335.0,1715,No,0,21,20,2,0.12080597014925373,0,4.698630136986301,9.826923076923077
T104027,CUST2253,2023-01-17 08:44:00,13.6,Entertainment,Credit Card,POS,Mumbai,1,13,159.63,68,No,1,8,17,1,0.08519701810436635,0,0.1863013698630137,10.958429561200923
T104028,CUST6491,2023-11-18 23:44:00,107.14,Entertainment,Debit Card,Mobile,Chennai,0,172,347.91,1332,No,0,23,18,11,0.30795320628898276,0,3.649315068493151,36.994696523276374
T104029,CUST1963,2023-08-19 18:11:00,35.76,Travel,NetBanking,Desktop,Pune,0,35,133.17,845,No,0,18,19,8,0.26852894796125254,0,2.315068493150685,10.557851239669422
T104030,CUST8697,2023-04-14 22:51:00,89.0,Grocery,UPI,Desktop,Pune,0,119,483.61,654,No,0,22,14,4,0.18403258824259217,0,1.7917808219178082,42.62512266928361
T104031,CUST3710,2023-12-14 22:32:00,25.25,Utilities,PayPal,POS,Pune,0,115,412.96,405,No,0,22,14,12,0.061143936458736926,0,1.1095890410958904,54.51298701298701
T104032,CUST5700,2023-10-20 23:16:00,6.78,Electronics,PayPal,Desktop,Pune,0,157,221.28,1982,No,0,23,20,10,0.030639913232104122,0,5.4301369863013695,24.416276097145293
T104033,CUST2929,2023-11-22 21:46:00,392.31,Grocery,Credit Card,POS,Pune,0,56,394.33,1692,No,0,21,22,11,0.9948773869601604,0,4.635616438356164,9.93680116674769
T104034,CUST9554,2023-02-24 19:19:00,13.59,Fashion,NetBanking,POS,Bengaluru,0,133,210.24,70,No,0,19,24,2,0.0646404109589041,0,0.1917808219178082,111.5977011494253
T104035,CUST4454,2023-07-01 11:13:00,356.68,Travel,Credit Card,POS,Kolkata,0,195,46.56,1723,No,0,11,1,7,7.660652920962199,1,4.720547945205479,34.08764367816092
T104036,CUST2240,2023-07-22 03:17:00,302.76,Travel,Debit Card,Mobile,Hyderabad,0,53,356.32,1771,No,0,3,22,7,0.8496856757970364,0,4.852054794520548,9.056647940074907
T104037,CUST2426,2023-09-10 02:46:00,126.32,Utilities,Debit Card,Desktop,Kolkata,0,101,208.26,76,No,0,2,10,9,0.6065495054259099,0,0.20821917808219179,83.59410430839002
T104038,CUST6280,2023-11-06 02:05:00,86.17,Fashion,Debit Card,Mobile,Bengaluru,0,120,465.86,1537,No,1,2,6,11,0.18496973339629932,0,4.210958904109589,23.02839116719243
T104039,CUST5186,2023-01-13 07:56:00,68.98,Electronics,PayPal,Desktop,Delhi,1,60,160.21,214,No,1,7,13,1,0.4305598901441858,0,0.5863013698630137,37.82383419689119
T104040,CUST2879,2023-07-23 03:08:00,160.85,Health,NetBanking,Mobile,Kolkata,0,105,423.23,101,No,0,3,23,7,0.3800533988611393,0,0.27671232876712326,82.24248927038627
T104041,CUST5137,2023-12-05 12:03:00,27.34,Fashion,Credit Card,Mobile,Bengaluru,0,134,343.41,598,No,0,12,5,12,0.07961329023616086,0,1.6383561643835616,50.78920041536864
T104042,CUST9585,2023-11-24 14:57:00,50.44,Electronics,Credit Card,POS,Chennai,0,176,428.13,1804,No,0,14,24,11,0.11781468245626328,0,4.942465753424657,29.617335177501154
T104043,CUST3570,2023-04-28 10:18:00,77.28,Food,Debit Card,POS,Pune,0,106,153.02,603,No,0,10,28,4,0.505032021957914,0,1.652054794520548,39.969008264462815
T104044,CUST8299,2023-05-28 06:14:00,42.37,Entertainment,NetBanking,Mobile,Bengaluru,0,80,236.06,371,No,0,6,28,5,0.17948826569516224,0,1.0164383561643835,39.673913043478265
T104045,CUST7327,2023-10-22 21:09:00,44.62,Travel,NetBanking,Desktop,Kolkata,0,163,413.33,598,No,0,21,22,10,0.10795248348777006,0,1.6383561643835616,61.78089304257528
T104046,CUST5076,2023-07-27 23:44:00,32.07,Electronics,UPI,Desktop,Hyderabad,0,146,325.47,993,No,0,23,27,7,0.09853442713614158,0,2.7205479452054795,39.241531664212076
T104047,CUST6633,2023-05-01 07:03:00,66.45,Grocery,NetBanking,POS,Kolkata,0,11,186.36,1296,No,0,7,1,5,0.3565679330328397,0,3.5506849315068494,2.4172185430463577
T104048,CUST1305,2023-12-19 04:24:00,152.08,Utilities,NetBanking,POS,Pune,0,51,260.88,357,No,0,4,19,12,0.5829500153327201,0,0.9780821917808219,25.78254847645429
T104049,CUST1847,2023-11-18 17:02:00,18.0,Entertainment,Credit Card,Desktop,Kolkata,0,121,498.09,1689,No,0,17,18,11,0.03613804734084202,0,4.627397260273972,21.50194741966894
T104050,CUST9835,2023-03-11 16:38:00,217.97,Grocery,NetBanking,Desktop,Mumbai,0,23,373.51,182,No,0,16,11,3,0.5835720596503441,0,0.4986301369863014,15.347349177330896
T104051,CUST2773,2023-03-31 09:25:00,93.46,Entertainment,NetBanking,Desktop,Delhi,0,47,311.12,1308,No,0,9,31,3,0.3003985600411417,0,3.5835616438356164,10.25403466826061
T104052,CUST7211,2024-01-26 14:18:00,138.65,Travel,Credit Card,POS,Chennai,0,75,415.68,758,No,0,14,26,1,0.3335498460354119,0,2.0767123287671234,24.3766696349065
T104053,CUST5251,2023-01-09 16:21:00,64.99,Fashion,NetBanking,Desktop,Hyderabad,0,187,226.59,1477,No,0,16,9,1,0.2868176000706121,0,4.046575342465753,37.054831704668835
T104054,CUST6850,2023-10-25 01:55:00,120.95,Health,Credit Card,POS,Delhi,1,185,475.53,261,No,1,1,25,10,0.2543477803713751,0,0.7150684931506849,107.86741214057508
T104055,CUST7801,2023-07-06 12:54:00,1.31,Fashion,UPI,Mobile,Bengaluru,0,93,280.49,1582,No,0,12,6,7,0.004670398231666013,0,4.3342465753424655,17.43451463790447
T104056,CUST4570,2023-03-28 00:39:00,136.47,Electronics,PayPal,Mobile,Delhi,0,127,170.17,1645,No,0,0,28,3,0.8019627431392138,0,4.506849315068493,23.062189054726367
T104057,CUST3870,2023-11-03 08:08:00,3.28,Utilities,Credit Card,Mobile,Pune,0,56,52.15,1549,No,0,8,3,11,0.06289549376797698,0,4.243835616438356,10.679205851619646
T104058,CUST7162,2023-08-26 02:48:00,176.52,Fashion,Credit Card,Desktop,Pune,0,155,194.09,205,No,0,2,26,8,0.9094749858313154,0,0.5616438356164384,99.25438596491227
T104059,CUST3683,2023-06-23 01:18:00,385.89,Travel,NetBanking,POS,Mumbai,1,73,288.63,580,No,1,1,23,6,1.3369712088140526,0,1.5890410958904109,28.195767195767193
T104060,CUST2893,2023-10-31 01:32:00,27.86,Utilities,Credit Card,Desktop,Delhi,1,163,354.59,172,No,1,1,31,10,0.07856961561239742,0,0.4712328767123288,110.79143389199254
T104061,CUST3160,2023-08-07 21:28:00,18.89,Electronics,Debit Card,POS,Kolkata,0,183,438.81,46,No,0,21,7,8,0.04304824411476493,0,0.12602739726027398,162.5182481751825
T104062,CUST6075,2023-09-04 01:45:00,115.98,Food,Debit Card,Desktop,Delhi,0,137,472.54,278,No,0,1,4,9,0.24543953950988276,0,0.7616438356164383,77.7682737169518
T104063,CUST6434,2023-12-08 03:52:00,23.34,Fashion,UPI,Mobile,Pune,0,18,60.2,1088,No,1,3,8,12,0.38770764119601325,0,2.9808219178082194,4.521679284239505
T104064,CUST9857,2024-02-21 07:20:00,160.53,Fashion,Credit Card,POS,Bengaluru,0,44,304.44,830,No,0,7,21,2,0.5272960189199842,0,2.2739726027397262,13.439330543933053
T104065,CUST7221,2023-07-06 05:56:00,8.68,Health,NetBanking,Desktop,Bengaluru,1,149,336.63,1029,Yes,1,5,6,7,0.02578498648367644,0,2.819178082191781,39.01362984218078
T104066,CUST2184,2024-01-08 05:35:00,10.77,Electronics,NetBanking,POS,Chennai,0,56,94.31,1028,No,0,5,8,1,0.114197858127452,0,2.8164383561643835,14.673366834170855
T104067,CUST2512,2023-07-10 08:07:00,309.64,Grocery,PayPal,POS,Kolkata,0,176,277.34,175,No,0,8,10,7,1.1164635465493618,0,0.4794520547945205,118.96296296296298
T104068,CUST1153,2023-04-24 03:10:00,89.63,Fashion,UPI,Desktop,Kolkata,0,100,174.07,955,No,0,3,24,4,0.5149077957143677,0,2.6164383561643834,27.651515151515152
T104069,CUST6299,2023-02-24 00:18:00,150.13,Travel,NetBanking,Desktop,Bengaluru,0,1,47.93,756,No,0,0,24,2,3.132276236177759,1,2.0712328767123287,0.3256021409455843
T104070,CUST5504,2023-10-10 23:58:00,31.36,Fashion,PayPal,POS,Delhi,1,155,42.27,194,No,0,23,10,10,0.74189732670925,0,0.5315068493150685,101.20751341681574
T104071,CUST7151,2024-02-19 02:26:00,90.28,Health,NetBanking,POS,Mumbai,0,45,382.01,1164,No,0,2,19,2,0.23632889191382425,0,3.1890410958904107,10.742315238718117
T104072,CUST4556,2023-05-16 15:56:00,72.16,Food,PayPal,Mobile,Bengaluru,0,63,311.57,676,No,0,15,16,5,0.23160124530603074,0,1.8520547945205479,22.089337175792508
T104073,CUST8398,2023-11-04 04:24:00,73.94,Health,Debit Card,POS,Kolkata,0,58,360.41,1127,No,1,4,4,11,0.20515523986570847,0,3.0876712328767124,14.189008042895443
T104074,CUST1907,2023-07-01 22:07:00,91.79,Fashion,Debit Card,Mobile,Kolkata,0,168,345.79,697,No,0,22,1,7,0.2654501286908239,0,1.9095890410958904,57.74011299435028
T104075,CUST1291,2023-09-08 13:48:00,68.52,Utilities,NetBanking,Mobile,Pune,0,63,75.81,1780,No,0,13,8,9,0.9038385437277403,0,4.876712328767123,10.72027972027972
T104076,CUST7145,2023-03-04 14:23:00,44.84,Grocery,UPI,Mobile,Pune,1,38,84.27,383,No,0,14,4,3,0.5320992049365136,0,1.0493150684931507,18.5427807486631
T104077,CUST6712,2024-02-04 20:42:00,25.83,Entertainment,Credit Card,POS,Chennai,1,29,133.72,1327,No,0,20,4,2,0.19316482201615315,0,3.6356164383561644,6.255910165484633
T104078,CUST4469,2023-05-25 04:55:00,117.08,Fashion,UPI,Mobile,Chennai,0,40,205.56,972,No,0,4,25,5,0.5695660634364662,0,2.663013698630137,10.919970082273746
T104079,CUST4308,2023-06-12 01:24:00,20.52,Electronics,UPI,POS,Delhi,0,147,470.2,1332,No,0,1,12,6,0.043641003828158234,0,3.649315068493151,31.617560400707134
T104080,CUST5658,2023-11-07 09:40:00,94.3,Fashion,Credit Card,POS,Bengaluru,0,88,340.21,1713,No,0,9,7,11,0.2771817406895741,0,4.693150684931507,15.457170356111645
T104081,CUST2715,2023-05-13 12:58:00,21.26,Grocery,Debit Card,Desktop,Bengaluru,0,56,135.03,1084,No,0,12,13,5,0.1574464933718433,0,2.96986301369863,14.106280193236715
T104082,CUST9767,2023-04-29 06:24:00,78.54,Electronics,Debit Card,POS,Chennai,0,44,37.43,555,No,0,6,29,4,2.0983168581351856,1,1.5205479452054795,17.456521739130434
T104083,CUST8632,2023-12-14 03:38:00,109.97,Travel,Credit Card,POS,Bengaluru,0,193,345.27,1588,No,0,3,14,12,0.31850435890752166,0,4.35068493150685,36.070148489503325
T104084,CUST8883,2023-05-14 00:18:00,19.75,Utilities,PayPal,Mobile,Delhi,0,100,316.41,539,No,0,0,14,5,0.06241901330552131,0,1.4767123287671233,40.376106194690266
T104085,CUST7606,2023-07-17 00:58:00,4.95,Electronics,UPI,POS,Mumbai,0,141,341.12,1567,No,0,0,17,7,0.014511022514071294,0,4.293150684931507,26.638198757763973
T104086,CUST6441,2023-10-08 05:26:00,11.23,Health,NetBanking,POS,Pune,0,158,137.98,1978,No,1,5,8,10,0.08138860704449921,0,5.419178082191781,24.613743064447288
T104087,CUST2262,2023-05-24 12:52:00,74.51,Food,Debit Card,Desktop,Delhi,0,49,263.31,207,Yes,0,12,24,5,0.2829744407732331,0,0.5671232876712329,31.267482517482517
T104088,CUST5559,2023-05-31 14:35:00,151.47,Health,NetBanking,Desktop,Bengaluru,0,115,187.23,358,No,0,14,31,5,0.8090049671526999,0,0.9808219178082191,58.056708160442604
T104089,CUST8760,2023-06-15 03:00:00,3.68,Entertainment,Credit Card,Mobile,Delhi,0,75,410.67,1624,No,1,3,15,6,0.00896096622592349,0,4.449315068493151,13.763197586726998
T104090,CUST5500,2023-10-31 21:07:00,105.99,Electronics,NetBanking,Mobile,Pune,0,191,44.0,830,No,0,21,31,10,2.408863636363636,1,2.2739726027397262,58.338912133891206
T104091,CUST6769,2023-07-19 11:21:00,33.4,Travel,NetBanking,Desktop,Hyderabad,1,199,144.97,717,No,0,11,19,7,0.2303924949989653,0,1.9643835616438357,67.13031423290204
T104092,CUST2155,2023-09-10 03:58:00,52.09,Fashion,UPI,Desktop,Kolkata,0,163,305.45,1225,No,0,3,10,9,0.1705352758225569,0,3.356164383561644,37.41823899371069
T104093,CUST7959,2023-05-05 22:49:00,211.45,Utilities,Credit Card,POS,Pune,0,139,110.56,1449,No,0,22,5,5,1.9125361794500721,0,3.96986301369863,27.968577728776186
T104094,CUST4815,2023-04-13 08:54:00,32.27,Electronics,NetBanking,Mobile,Kolkata,0,49,339.63,1648,No,0,8,13,4,0.09501516356034509,0,4.515068493150685,8.88474913065077
T104095,CUST1743,2023-08-07 13:09:00,50.09,Health,Debit Card,Mobile,Pune,0,107,77.02,967,No,0,13,7,8,0.6503505582965464,0,2.649315068493151,29.32057057057057
T104096,CUST3934,2023-11-04 12:14:00,1.1,Electronics,Credit Card,POS,Hyderabad,0,111,21.18,1009,No,0,12,4,11,0.051935788479697834,0,2.7643835616438355,29.48689956331878
T104097,CUST9978,2023-08-25 00:44:00,6.81,Electronics,Debit Card,POS,Bengaluru,0,115,433.11,764,No,0,0,25,8,0.015723488259333656,0,2.0931506849315067,37.17891939769708
T104098,CUST8991,2023-04-14 22:21:00,23.94,Electronics,PayPal,Mobile,Bengaluru,0,168,173.39,1088,No,0,22,14,4,0.13807024626564393,0,2.9808219178082194,42.20233998623537
T104099,CUST7494,2023-12-13 16:24:00,2.26,Travel,NetBanking,Desktop,Mumbai,0,21,86.86,326,No,0,16,13,12,0.026018880957863227,0,0.8931506849315068,11.092619392185238
T104100,CUST6633,2023-01-06 19:17:00,79.84,Utilities,Credit Card,Desktop,Pune,0,47,94.63,1522,No,0,19,6,1,0.8437070696396493,0,4.16986301369863,9.091149973502915
T104101,CUST9413,2024-02-06 03:22:00,44.47,Grocery,Debit Card,POS,Delhi,0,3,444.09,1548,No,0,3,6,2,0.10013735954423653,0,4.241095890410959,0.5723993727130162
T104102,CUST9510,2023-05-14 04:57:00,63.55,Grocery,NetBanking,Mobile,Mumbai,0,158,330.67,651,No,0,4,14,5,0.19218556264553782,0,1.7835616438356163,56.761811023622045
T104103,CUST4492,2023-01-25 04:24:00,15.36,Electronics,UPI,POS,Bengaluru,0,127,478.61,1288,No,1,4,25,1,0.03209293579323457,0,3.5287671232876714,28.04295220810647
T104104,CUST4069,2023-12-31 09:23:00,28.07,Travel,Debit Card,Desktop,Bengaluru,0,67,402.02,938,No,0,9,31,12,0.06982239689567683,0,2.56986301369863,18.768227168073675
T104105,CUST7895,2023-06-06 11:01:00,87.21,Travel,Debit Card,Desktop,Chennai,0,62,386.1,1092,No,0,11,6,6,0.22587412587412584,0,2.9917808219178084,15.53191489361702
T104106,CUST3191,2023-09-05 16:08:00,268.89,Entertainment,PayPal,POS,Mumbai,0,165,254.91,1272,No,0,16,5,9,1.0548428857243732,0,3.484931506849315,36.78985949908369
T104107,CUST2512,2023-10-16 02:09:00,4.14,Electronics,UPI,Desktop,Bengaluru,0,150,412.19,1270,No,0,2,16,10,0.01004391178825299,0,3.4794520547945207,33.486238532110086
T104108,CUST8718,2024-02-13 04:36:00,176.86,Health,PayPal,Mobile,Hyderabad,0,31,212.2,735,No,1,4,13,2,0.8334590009425071,0,2.0136986301369864,10.286363636363637
T104109,CUST8939,2023-10-12 06:01:00,68.81,Health,UPI,POS,Kolkata,0,46,415.23,1728,No,0,6,12,10,0.16571538665318017,0,4.734246575342466,8.021978021978022
T104110,CUST1205,2023-03-03 02:02:00,66.39,Food,Debit Card,POS,Chennai,0,45,381.29,657,No,0,2,3,3,0.17411943664926957,0,1.8,16.071428571428573
T104111,CUST7142,2023-07-29 20:50:00,55.5,Utilities,PayPal,POS,Delhi,0,14,342.43,1893,No,0,20,29,7,0.1620769208305347,0,5.186301369863013,2.263064658990257
T104112,CUST1165,2023-09-28 23:48:00,5.75,Electronics,NetBanking,Desktop,Kolkata,1,121,171.56,702,No,1,23,28,9,0.03351597108883189,0,1.9232876712328768,41.391752577319586
T104113,CUST1601,2023-01-26 05:57:00,7.53,Food,UPI,Mobile,Chennai,1,140,319.05,1654,Yes,1,5,26,1,0.023601316408086506,0,4.531506849315068,25.309559187716694
T104114,CUST6678,2024-02-15 19:13:00,73.49,Health,Debit Card,POS,Pune,0,119,258.33,449,No,0,19,15,2,0.28448109007858163,0,1.2301369863013698,53.359950859950864
T104115,CUST9289,2023-03-27 01:58:00,33.36,Health,Credit Card,POS,Pune,0,191,236.16,682,No,0,1,27,3,0.14126016260162602,0,1.8684931506849316,66.585482330468
T104116,CUST4883,2023-02-03 11:50:00,199.37,Electronics,UPI,Desktop,Delhi,0,77,495.22,853,No,0,11,3,2,0.40258874843503895,0,2.336986301369863,23.07471264367816
T104117,CUST2865,2023-09-01 23:54:00,41.75,Food,UPI,Mobile,Hyderabad,0,88,257.15,1227,No,0,23,1,9,0.1623566012055221,0,3.361643835616438,20.175879396984925
T104118,CUST2737,2023-06-09 00:24:00,12.37,Food,NetBanking,POS,Delhi,0,166,25.67,742,No,0,0,9,6,0.48188546941955585,0,2.032876712328767,54.73351400180669
T104119,CUST5074,2023-06-20 07:56:00,100.34,Electronics,UPI,Desktop,Mumbai,0,117,316.97,896,No,0,7,20,6,0.31655992680695333,0,2.4547945205479453,33.865979381443296
T104120,CUST1211,2023-08-29 14:47:00,27.78,Utilities,UPI,POS,Kolkata,0,175,366.73,843,No,0,14,29,8,0.07575055217735119,0,2.3095890410958906,52.87665562913907
T104121,CUST6709,2023-10-23 19:00:00,59.63,Entertainment,NetBanking,Desktop,Delhi,0,124,443.74,897,No,0,19,23,10,0.13438049308153424,0,2.4575342465753423,35.86370839936609
T104122,CUST5504,2023-05-13 21:35:00,95.74,Food,NetBanking,Mobile,Delhi,0,54,320.02,142,No,0,21,13,5,0.29916880194987816,0,0.38904109589041097,38.875739644970416
T104123,CUST7421,2023-04-27 18:49:00,184.42,Entertainment,PayPal,Desktop,Chennai,0,183,19.53,1932,No,0,18,27,4,9.442908346134152,1,5.293150684931507,29.079233783195473
T104124,CUST4945,2023-11-06 10:05:00,125.69,Fashion,Debit Card,POS,Hyderabad,0,48,68.67,969,No,0,10,6,11,1.8303480413572155,0,2.654794520547945,13.133433283358322
T104125,CUST2065,2023-01-15 05:45:00,90.25,Utilities,Debit Card,POS,Delhi,0,101,89.01,203,No,0,5,15,1,1.0139310189866306,0,0.5561643835616439,64.90316901408451
T104126,CUST4270,2023-07-27 20:08:00,91.06,Health,PayPal,Desktop,Mumbai,0,15,113.52,1040,No,0,20,27,7,0.8021494009866104,0,2.8493150684931505,3.8967971530249113
T104127,CUST7335,2024-02-13 12:10:00,233.39,Grocery,Debit Card,Mobile,Chennai,1,199,401.89,103,No,0,12,13,2,0.5807310458085546,0,0.2821917808219178,155.20299145299145
T104128,CUST2726,2023-08-25 18:35:00,28.06,Utilities,UPI,Mobile,Hyderabad,0,113,161.78,1890,No,0,18,25,8,0.17344541970577326,0,5.178082191780822,18.290465631929045
T104129,CUST6405,2023-04-30 19:37:00,0.09,Entertainment,PayPal,POS,Hyderabad,1,16,163.06,1852,No,0,19,30,4,0.000551944069667607,0,5.073972602739726,2.634190347316193
T104130,CUST3359,2024-01-23 09:57:00,25.39,Entertainment,PayPal,POS,Bengaluru,0,171,380.24,666,No,0,9,23,1,0.0667736166631601,0,1.8246575342465754,60.538312318137734
T104131,CUST4036,2023-10-13 19:50:00,19.66,Entertainment,Debit Card,Desktop,Pune,0,135,212.09,1589,No,0,19,13,10,0.09269649677023904,0,4.353424657534247,25.21750255885363
T104132,CUST2717,2023-12-07 11:53:00,86.74,Travel,Credit Card,Desktop,Kolkata,0,43,41.67,61,No,0,11,7,12,2.081593472522198,1,0.16712328767123288,36.84272300469483
T104133,CUST9380,2023-07-19 11:32:00,80.35,Utilities,Debit Card,Desktop,Mumbai,0,28,296.71,1307,No,0,11,19,7,0.27080314111421927,0,3.580821917808219,6.11244019138756
T104134,CUST1255,2023-05-19 08:13:00,72.01,Food,Credit Card,Mobile,Pune,0,66,73.73,526,No,0,8,19,5,0.9766716397667164,0,1.441095890410959,27.037037037037035
T104135,CUST7196,2023-12-23 21:46:00,1.31,Food,PayPal,Mobile,Chennai,0,98,290.12,1166,No,0,21,23,12,0.0045153729491245005,0,3.1945205479452055,23.363814500326583
T104136,CUST8584,2023-06-10 18:12:00,104.39,Travel,Credit Card,POS,Chennai,0,60,392.02,224,Yes,1,18,10,6,0.2662874343145758,0,0.6136986301369863,37.18166383701188
T104137,CUST1909,2023-11-16 16:35:00,31.27,Food,UPI,POS,Mumbai,0,128,465.45,557,No,0,16,16,11,0.06718229670211623,0,1.526027397260274,50.67245119305857
T104138,CUST9562,2023-05-27 03:43:00,87.5,Travel,NetBanking,POS,Hyderabad,0,131,42.86,470,No,0,3,27,5,2.0415305646290247,1,1.2876712328767124,57.26347305389222
T104139,CUST4351,2023-12-25 00:12:00,65.06,Entertainment,Credit Card,Desktop,Delhi,0,129,158.94,1542,No,0,0,25,12,0.40933685667547504,0,4.2246575342465755,24.690613529103302
T104140,CUST9097,2023-10-15 22:16:00,33.57,Electronics,NetBanking,Mobile,Mumbai,0,159,329.71,1550,No,0,22,15,10,0.10181674805131784,0,4.2465753424657535,30.305483028720626
T104141,CUST3477,2023-09-26 07:52:00,11.56,Utilities,UPI,POS,Chennai,0,56,164.57,753,No,0,7,26,9,0.07024366530959471,0,2.063013698630137,18.282647584973166
T104142,CUST6336,2023-12-09 13:48:00,7.93,Fashion,NetBanking,POS,Pune,0,84,231.0,1673,No,0,13,9,12,0.03432900432900433,0,4.583561643835616,15.044160942100099
T104143,CUST8691,2023-08-31 21:37:00,142.47,Entertainment,UPI,POS,Kolkata,0,174,19.84,53,No,0,21,31,8,7.180947580645161,1,0.14520547945205478,151.9377990430622
T104144,CUST9273,2024-01-21 12:11:00,200.47,Fashion,NetBanking,POS,Mumbai,0,32,349.81,319,No,0,12,21,1,0.5730825305165661,0,0.873972602739726,17.076023391812868
T104145,CUST8377,2023-02-10 05:55:00,83.94,Health,NetBanking,POS,Hyderabad,0,81,442.81,925,Yes,0,5,10,2,0.18956211467672365,0,2.5342465753424657,22.91860465116279
T104146,CUST9579,2023-04-06 09:16:00,8.73,Entertainment,Debit Card,POS,Kolkata,0,18,488.66,337,No,0,9,6,4,0.017865182335366103,0,0.9232876712328767,9.35897435897436
T104147,CUST5546,2023-03-22 11:17:00,41.14,Grocery,Credit Card,Mobile,Kolkata,0,196,416.96,333,No,0,11,22,3,0.09866653875671527,0,0.9123287671232877,102.49283667621776
T104148,CUST7807,2023-09-23 00:21:00,104.43,Food,NetBanking,POS,Kolkata,0,35,25.57,1908,No,0,0,23,9,4.084082909659758,1,5.227397260273973,5.620325560932688
T104149,CUST1826,2023-08-10 07:04:00,121.07,Grocery,PayPal,Mobile,Bengaluru,0,104,329.41,660,No,0,7,10,8,0.3675358975137366,0,1.8082191780821917,37.03414634146341
T104150,CUST9171,2023-09-30 23:21:00,10.06,Electronics,Debit Card,Desktop,Kolkata,0,100,252.87,1746,No,0,23,30,9,0.039783287855419784,0,4.7835616438356166,17.290383704405496
T104151,CUST6520,2024-02-16 20:13:00,0.0,Fashion,Credit Card,Mobile,Bengaluru,0,23,469.57,980,No,0,20,16,2,0.0,0,2.684931506849315,6.241635687732342
T104152,CUST9922,2023-08-22 20:12:00,99.62,Utilities,Debit Card,Desktop,Delhi,0,141,452.05,67,No,0,20,22,8,0.22037385244995022,0,0.18356164383561643,119.13194444444444
T104153,CUST5551,2023-12-25 09:47:00,35.28,Entertainment,Credit Card,Mobile,Delhi,0,142,494.14,415,No,0,9,25,12,0.07139677014611244,0,1.1369863013698631,66.44871794871794
T104154,CUST9444,2024-02-08 14:08:00,23.49,Utilities,UPI,Mobile,Kolkata,0,165,432.35,774,No,0,14,8,2,0.054330981843413895,0,2.1205479452054794,52.87532923617208
T104155,CUST1572,2023-02-13 12:46:00,1.04,Electronics,NetBanking,POS,Hyderabad,0,5,277.98,1634,No,0,12,13,2,0.0037412763508166053,0,4.476712328767123,0.9129564782391196
T104156,CUST1581,2023-10-11 08:47:00,62.17,Electronics,PayPal,Mobile,Pune,0,150,360.3,111,No,0,8,11,10,0.17255065223424923,0,0.3041095890410959,115.02100840336135
T104157,CUST9893,2023-08-19 09:12:00,152.39,Food,Debit Card,Mobile,Delhi,1,28,482.69,1171,No,0,9,19,8,0.31570987590378913,0,3.208219178082192,6.653645833333332
T104158,CUST3028,2023-02-23 15:17:00,252.91,Electronics,Debit Card,POS,Bengaluru,0,132,293.28,1874,No,0,15,23,2,0.8623499727223132,0,5.134246575342465,21.518535060294777
T104159,CUST6885,2023-01-01 05:46:00,66.73,Entertainment,Debit Card,Desktop,Hyderabad,1,50,421.59,79,No,0,5,1,1,0.15828174292559125,0,0.21643835616438356,41.10360360360361
T104160,CUST7201,2023-08-07 07:04:00,57.8,Entertainment,Debit Card,POS,Kolkata,0,102,471.68,698,No,0,7,7,8,0.12254070556309361,0,1.9123287671232876,35.02351834430856
T104161,CUST8631,2023-10-29 07:01:00,7.11,Utilities,NetBanking,POS,Hyderabad,0,29,289.56,103,Yes,0,7,29,10,0.02455449647741401,0,0.2821917808219178,22.617521367521366
T104162,CUST4934,2023-06-30 11:58:00,63.68,Utilities,Credit Card,POS,Hyderabad,0,37,87.99,1031,No,0,11,30,6,0.7237186043868622,0,2.824657534246575,9.67406876790831
T104163,CUST6510,2024-01-14 02:27:00,38.24,Fashion,NetBanking,Desktop,Mumbai,0,163,86.23,724,No,0,2,14,1,0.44346515133944103,0,1.9835616438356165,54.63269054178144
T104164,CUST3693,2023-01-21 04:46:00,74.74,Entertainment,UPI,Mobile,Pune,0,148,66.51,1159,No,0,4,21,1,1.1237407908585173,0,3.175342465753425,35.44619422572178
T104165,CUST2920,2023-07-15 17:46:00,39.38,Grocery,NetBanking,Mobile,Kolkata,0,163,243.4,1754,No,0,17,15,7,0.1617912900575185,0,4.8054794520547945,28.076923076923077
T104166,CUST7668,2023-12-25 08:49:00,21.99,Fashion,NetBanking,POS,Pune,0,130,245.27,1871,No,0,8,25,12,0.08965629714192522,0,5.126027397260274,21.22093023255814
T104167,CUST4516,2023-10-11 14:43:00,7.98,Food,UPI,POS,Delhi,0,116,312.51,1837,No,0,14,11,10,0.02553518287414803,0,5.032876712328767,19.227974568574023
T104168,CUST2742,2023-09-09 21:45:00,30.26,Fashion,NetBanking,Mobile,Pune,0,58,246.61,1652,No,0,21,9,9,0.12270386440128138,0,4.526027397260274,10.495785820525533
T104169,CUST3281,2023-09-14 17:24:00,8.13,Travel,Credit Card,Mobile,Chennai,0,146,486.8,1915,No,0,17,14,9,0.01670090386195563,0,5.2465753424657535,23.37280701754386
T104170,CUST3468,2023-08-01 15:34:00,15.57,Utilities,PayPal,Mobile,Bengaluru,0,106,152.74,1379,No,0,15,1,8,0.1019379337436166,0,3.778082191780822,22.184633027522935
T104171,CUST9801,2023-11-02 01:37:00,349.52,Grocery,UPI,Desktop,Delhi,0,56,438.17,713,No,0,1,2,11,0.7976812652623411,0,1.9534246575342467,18.96103896103896
T104172,CUST9700,2023-01-17 05:26:00,46.97,Utilities,Debit Card,Desktop,Kolkata,1,122,59.16,1817,No,1,5,17,1,0.7939486139283299,0,4.978082191780822,20.40788267644363
T104173,CUST9387,2023-10-06 07:07:00,60.72,Travel,Credit Card,POS,Pune,0,192,304.94,385,No,0,7,6,10,0.1991211385846396,0,1.0547945205479452,93.43999999999998
T104174,CUST8278,2023-07-12 18:21:00,165.48,Travel,PayPal,Desktop,Bengaluru,0,103,327.68,1521,Yes,0,18,12,7,0.5050048828125,0,4.167123287671233,19.93372216330859
T104175,CUST1510,2023-06-11 07:47:00,433.53,Health,Credit Card,POS,Kolkata,0,123,388.39,1709,No,0,7,11,6,1.116223383712248,0,4.682191780821918,21.646576663452265
T104176,CUST3689,2023-10-04 18:30:00,69.92,Entertainment,Credit Card,Mobile,Kolkata,1,180,256.48,1337,No,1,18,4,10,0.272613849033063,0,3.663013698630137,38.60164512338425
T104177,CUST5810,2023-09-22 03:11:00,133.91,Food,Debit Card,Mobile,Delhi,0,22,106.64,1043,No,0,3,22,9,1.2557201800450113,0,2.8575342465753426,5.703125
T104178,CUST3517,2023-08-18 13:34:00,31.67,Electronics,PayPal,POS,Chennai,0,60,190.81,214,No,0,13,18,8,0.16597662596299986,0,0.5863013698630137,37.82383419689119
T104179,CUST8325,2023-10-18 12:08:00,29.19,Travel,Credit Card,Mobile,Bengaluru,0,138,143.36,183,Yes,1,12,18,10,0.20361328125,0,0.5013698630136987,91.91605839416059
T104180,CUST4831,2023-03-24 00:12:00,41.23,Fashion,Debit Card,POS,Chennai,0,84,215.36,883,No,0,0,24,3,0.1914468796433878,0,2.419178082191781,24.56730769230769
T104181,CUST3099,2023-07-19 14:09:00,89.3,Electronics,UPI,POS,Bengaluru,0,128,269.68,147,No,0,14,19,7,0.33113319489765647,0,0.40273972602739727,91.25
T104182,CUST5820,2023-08-16 01:30:00,91.7,Fashion,Debit Card,POS,Mumbai,0,80,316.28,296,No,1,1,16,8,0.28993297078538005,0,0.810958904109589,44.175491679273826
T104183,CUST4359,2024-02-02 19:51:00,30.29,Utilities,NetBanking,Desktop,Kolkata,0,134,424.11,1438,No,0,19,2,2,0.07142015043267076,0,3.9397260273972603,27.127010537992238
T104184,CUST3528,2023-05-28 08:29:00,11.44,Fashion,Debit Card,POS,Mumbai,1,81,455.91,866,No,0,8,28,5,0.02509267179925862,0,2.372602739726027,24.017059301380993
T104185,CUST7035,2023-01-21 13:18:00,80.06,Electronics,Debit Card,POS,Bengaluru,0,6,236.66,284,Yes,1,13,21,1,0.338291219470971,0,0.7780821917808219,3.3744221879815104
T104186,CUST3776,2024-01-30 10:53:00,10.99,Electronics,Debit Card,POS,Bengaluru,1,86,53.45,1294,No,0,10,30,1,0.20561272217025256,0,3.5452054794520547,18.921036769138038
T104187,CUST3976,2023-12-25 05:12:00,69.11,Entertainment,Credit Card,Desktop,Chennai,0,82,400.56,200,No,0,5,25,12,0.1725334531655682,0,0.547945205479452,52.97345132743363
T104188,CUST6802,2023-11-02 10:15:00,94.58,Fashion,PayPal,Mobile,Kolkata,0,156,243.81,1995,No,0,10,2,11,0.3879250235839383,0,5.465753424657534,24.127118644067796
T104189,CUST2348,2023-04-14 16:28:00,96.48,Food,Debit Card,Desktop,Pune,0,42,277.76,646,No,0,16,14,4,0.34735023041474655,0,1.7698630136986302,15.163204747774481
T104190,CUST5877,2023-10-31 03:11:00,112.02,Entertainment,Debit Card,POS,Kolkata,0,74,301.94,1031,No,0,3,31,10,0.37100086109823144,0,2.824657534246575,19.34813753581662
T104191,CUST3998,2023-11-07 08:54:00,165.0,Grocery,NetBanking,Desktop,Hyderabad,0,41,337.26,577,No,0,8,7,11,0.48923679060665365,0,1.5808219178082192,15.886411889596603
T104192,CUST5450,2023-07-19 13:22:00,55.45,Health,NetBanking,Mobile,Bengaluru,0,63,446.15,1631,No,0,13,19,7,0.12428555418581196,0,4.468493150684932,11.520541082164328
T104193,CUST3346,2023-09-02 11:56:00,104.82,Grocery,UPI,Mobile,Delhi,0,22,476.55,1238,No,0,11,2,9,0.21995593327038085,0,3.3917808219178083,5.009357454772302
T104194,CUST5414,2023-11-02 01:21:00,77.23,Food,UPI,POS,Delhi,0,79,470.68,1955,No,0,1,2,11,0.16408175405795872,0,5.3561643835616435,12.428879310344827
T104195,CUST2733,2023-01-12 13:16:00,16.53,Entertainment,NetBanking,Mobile,Delhi,0,157,406.64,731,No,0,13,12,1,0.040650206570922685,0,2.0027397260273974,52.285583941605836
T104196,CUST6846,2023-05-31 01:01:00,2.08,Health,PayPal,Desktop,Mumbai,0,71,445.73,696,No,0,1,31,5,0.004666502142552666,0,1.906849315068493,24.425070688030157
T104197,CUST1878,2023-11-04 13:27:00,26.79,Entertainment,UPI,Desktop,Pune,0,114,34.33,922,No,0,13,4,11,0.7803670259248471,0,2.526027397260274,32.33100233100233
T104198,CUST6023,2023-03-25 07:56:00,46.82,Electronics,PayPal,Mobile,Chennai,0,34,426.07,439,No,0,7,25,3,0.10988804656511841,0,1.2027397260273973,15.435323383084576
T104199,CUST6367,2023-12-26 10:33:00,76.8,Health,NetBanking,POS,Pune,0,96,45.41,768,No,0,10,26,12,1.691257432283638,0,2.1041095890410957,30.92674315975287
T104200,CUST7367,2023-07-01 09:45:00,151.75,Utilities,UPI,POS,Mumbai,0,130,375.64,1706,No,0,9,1,7,0.40397721222447025,0,4.673972602739726,22.911636890391115
T104201,CUST6083,2023-02-22 15:15:00,17.48,Fashion,Debit Card,Desktop,Pune,0,154,92.99,1641,No,0,15,22,2,0.18797720184966127,0,4.495890410958904,28.020937188434694
T104202,CUST6640,2023-05-18 09:53:00,10.73,Grocery,NetBanking,Mobile,Pune,0,109,186.45,175,No,0,9,18,5,0.05754894073478145,0,0.4794520547945205,73.67592592592592
T104203,CUST3496,2023-10-01 08:57:00,264.79,Health,UPI,Desktop,Kolkata,0,75,100.25,1091,No,0,8,1,10,2.641296758104738,1,2.989041095890411,18.80151098901099
T104204,CUST2316,2023-03-14 22:28:00,9.15,Fashion,PayPal,Desktop,Delhi,0,19,227.3,519,No,0,22,14,3,0.04025516937967444,0,1.4219178082191781,7.845022624434388
T104205,CUST8444,2023-07-05 09:39:00,52.08,Entertainment,PayPal,Desktop,Bengaluru,0,125,211.76,291,No,0,9,5,7,0.24593879863996979,0,0.7972602739726027,69.55030487804878
T104206,CUST8613,2023-03-11 02:44:00,70.47,Food,UPI,POS,Delhi,0,20,33.55,1179,No,0,2,11,3,2.100447093889717,1,3.23013698630137,4.7279792746114
T104207,CUST4069,2023-08-09 11:17:00,62.36,Health,PayPal,Mobile,Pune,0,161,416.94,1657,No,0,11,9,8,0.1495658847795846,0,4.53972602739726,29.062809099901088
T104208,CUST8487,2023-07-14 21:56:00,7.2,Fashion,UPI,Mobile,Bengaluru,0,116,428.55,1849,No,0,21,14,7,0.0168008400420021,0,5.065753424657534,19.12375790424571
T104209,CUST7825,2023-06-13 23:06:00,4.7,Entertainment,UPI,POS,Kolkata,0,94,395.88,374,No,0,23,13,6,0.011872284530665859,0,1.0246575342465754,46.427604871447905
T104210,CUST7949,2023-12-02 21:55:00,8.92,Entertainment,PayPal,Desktop,Chennai,0,82,425.33,1314,No,0,21,2,12,0.020971951190840055,0,3.6,17.826086956521742
T104211,CUST6048,2023-12-11 12:11:00,70.47,Entertainment,Credit Card,Desktop,Hyderabad,1,96,377.93,1496,No,1,12,11,12,0.18646310163257745,0,4.098630136986301,18.828586781300377
T104212,CUST3250,2023-05-11 21:05:00,62.88,Food,Debit Card,POS,Bengaluru,0,104,469.37,908,Yes,0,21,11,5,0.1339668065705094,0,2.4876712328767123,29.819324430479185
T104213,CUST9846,2023-07-30 07:09:00,21.3,Electronics,NetBanking,Mobile,Mumbai,0,4,292.43,1161,No,0,7,30,7,0.07283794412337996,0,3.180821917808219,0.9567496723460027
T104214,CUST5682,2023-09-02 12:33:00,81.24,Food,Debit Card,POS,Delhi,0,160,295.49,1610,No,0,12,2,9,0.27493316186672984,0,4.410958904109589,29.569620253164558
T104215,CUST4107,2023-07-08 19:49:00,137.21,Food,NetBanking,Mobile,Kolkata,0,147,431.36,1933,No,0,19,8,7,0.3180869807121662,0,5.295890410958904,23.348563968668408
T104216,CUST2975,2023-09-21 23:59:00,3.4,Utilities,NetBanking,Mobile,Kolkata,0,131,181.21,1490,No,0,23,21,9,0.018762761437006788,0,4.082191780821918,25.776280323450134
T104217,CUST7234,2023-02-24 14:48:00,55.15,Grocery,Debit Card,Mobile,Delhi,0,92,34.54,543,No,0,14,24,2,1.596699478865084,0,1.4876712328767123,36.98237885462555
T104218,CUST8703,2023-08-02 22:31:00,93.52,Entertainment,UPI,Desktop,Pune,0,61,377.43,974,No,0,22,2,8,0.24778104549187926,0,2.6684931506849314,16.628080657206873
T104219,CUST8582,2024-01-07 11:02:00,23.26,Fashion,PayPal,Desktop,Pune,0,38,134.75,742,No,0,11,7,1,0.17261595547309835,0,2.032876712328767,12.529358626919603
T104220,CUST4856,2023-12-26 22:16:00,29.43,Health,Credit Card,POS,Pune,0,118,242.38,1143,No,0,22,26,12,0.12142090931595016,0,3.1315068493150684,28.561007957559685
T104221,CUST3554,2023-10-14 14:43:00,76.08,Grocery,Credit Card,POS,Kolkata,0,134,127.82,244,No,0,14,14,10,0.5952120168987639,0,0.6684931506849315,80.311986863711
T104222,CUST1656,2023-06-08 16:23:00,182.57,Entertainment,Credit Card,Desktop,Pune,0,56,415.27,1680,No,0,16,8,6,0.4396416789076986,0,4.602739726027397,9.995110024449879
T104223,CUST5742,2023-06-02 07:49:00,132.83,Travel,Debit Card,POS,Delhi,0,168,479.56,1372,No,0,7,2,6,0.2769830678121612,0,3.758904109589041,35.30224525043178
T104224,CUST7438,2023-11-18 17:03:00,70.0,Food,Debit Card,Desktop,Bengaluru,0,121,36.96,633,No,0,17,18,11,1.8939393939393938,0,1.7342465753424658,44.25350701402805
T104225,CUST3581,2023-05-17 01:26:00,104.81,Travel,UPI,Desktop,Chennai,0,81,124.35,867,No,0,1,17,5,0.8428628870124649,0,2.3753424657534246,23.997564935064936
T104226,CUST3273,2023-08-31 05:33:00,36.31,Entertainment,Credit Card,Mobile,Bengaluru,0,106,102.89,1751,No,0,5,31,8,0.352901156574983,0,4.7972602739726025,18.284499054820415
T104227,CUST4763,2023-07-07 18:20:00,81.95,Grocery,UPI,Mobile,Mumbai,0,120,339.87,801,No,0,18,7,7,0.24112160531968105,0,2.1945205479452055,37.56432246998285
T104228,CUST3573,2023-11-17 00:17:00,50.22,Fashion,Credit Card,Desktop,Delhi,0,69,220.05,699,No,0,0,17,11,0.2282208588957055,0,1.915068493150685,23.670112781954888
T104229,CUST7333,2023-06-30 14:06:00,16.85,Grocery,Debit Card,Mobile,Bengaluru,0,83,233.57,1110,No,0,14,30,6,0.07214111401292975,0,3.041095890410959,20.538983050847456
T104230,CUST9582,2023-10-29 04:57:00,96.78,Utilities,PayPal,Desktop,Delhi,0,42,86.97,588,No,1,4,29,10,1.1127975163849604,0,1.610958904109589,16.08604407135362
T104231,CUST1796,2023-11-03 13:35:00,65.04,Fashion,PayPal,Mobile,Kolkata,0,99,213.22,1455,Yes,0,13,3,11,0.30503705093330835,0,3.9863013698630136,19.854395604395602
T104232,CUST5595,2024-02-18 06:51:00,35.53,Fashion,PayPal,POS,Mumbai,0,130,158.58,251,No,0,6,18,2,0.22405095220078192,0,0.6876712328767123,77.02922077922078
T104233,CUST8746,2023-07-14 14:18:00,193.83,Entertainment,PayPal,POS,Kolkata,0,28,309.48,504,No,0,14,14,7,0.626308646762311,0,1.3808219178082193,11.760644418872266
T104234,CUST1045,2024-01-28 14:13:00,1.69,Electronics,NetBanking,Desktop,Hyderabad,0,117,116.45,1161,No,0,14,28,1,0.01451266638042078,0,3.180821917808219,27.98492791612058
T104235,CUST6159,2023-05-30 16:24:00,30.36,Entertainment,Credit Card,Desktop,Hyderabad,0,145,311.26,892,No,0,16,30,5,0.09753903489044528,0,2.4438356164383563,42.104216388225936
T104236,CUST1590,2023-06-21 23:48:00,4.69,Food,PayPal,Mobile,Hyderabad,0,70,195.1,841,No,0,23,21,6,0.02403895438236802,0,2.304109589041096,21.185737976782754
T104237,CUST4318,2023-12-17 00:31:00,116.38,Grocery,NetBanking,Mobile,Delhi,0,107,179.68,209,No,0,0,17,12,0.647707034728406,0,0.5726027397260274,68.04006968641114
T104238,CUST9267,2023-02-14 14:59:00,96.88,Fashion,NetBanking,Desktop,Bengaluru,0,123,159.72,206,No,0,14,14,2,0.6065614825945405,0,0.5643835616438356,78.62521891418564
T104239,CUST7977,2023-09-09 14:43:00,32.2,Entertainment,NetBanking,POS,Delhi,0,69,340.18,516,No,0,14,9,9,0.09465577047445471,0,1.4136986301369863,28.58683314415437
T104240,CUST7515,2023-10-20 14:58:00,90.08,Entertainment,UPI,POS,Kolkata,1,39,285.59,443,No,0,14,20,10,0.3154172064848209,0,1.2136986301369863,17.617574257425744
T104241,CUST1552,2023-10-05 23:06:00,40.33,Grocery,UPI,Desktop,Chennai,0,135,427.34,721,No,0,23,5,10,0.09437450273786681,0,1.9753424657534246,45.37292817679558
T104242,CUST7404,2024-01-08 07:43:00,112.93,Grocery,NetBanking,POS,Kolkata,0,160,128.39,1090,No,0,7,8,1,0.8795856375107097,0,2.9863013698630136,40.13745704467354
T104243,CUST4686,2023-01-22 02:51:00,48.44,Utilities,PayPal,Desktop,Bengaluru,0,4,29.66,604,No,0,2,22,1,1.6331759946055293,0,1.6547945205479453,1.5067079463364295
T104244,CUST8361,2023-10-20 19:03:00,42.52,Fashion,Credit Card,Mobile,Kolkata,0,149,99.19,297,No,0,19,20,10,0.4286722451860067,0,0.8136986301369863,82.15256797583082
T104245,CUST2163,2023-02-02 02:21:00,218.34,Health,Debit Card,POS,Kolkata,0,160,178.24,814,No,0,2,2,2,1.2249775583482945,0,2.23013698630137,49.533502968617476
T104246,CUST8419,2023-10-17 09:22:00,23.11,Utilities,UPI,POS,Mumbai,0,82,98.03,1855,Yes,1,9,17,10,0.2357441599510354,0,5.082191780821918,13.481981981981981
T104247,CUST5542,2024-01-27 03:22:00,10.27,Travel,PayPal,Mobile,Pune,0,97,50.92,953,No,0,3,27,1,0.2016889238020424,0,2.610958904109589,26.86267071320182
T104248,CUST5068,2023-04-20 07:23:00,70.27,Food,PayPal,Mobile,Hyderabad,0,142,228.22,417,No,0,7,20,4,0.3079046534046096,0,1.1424657534246576,66.27877237851663
T104249,CUST8038,2023-09-09 12:08:00,278.74,Food,Debit Card,POS,Bengaluru,0,70,341.7,383,No,0,12,9,9,0.8157448053848405,0,1.0493150684931507,34.157754010695186
T104250,CUST7929,2023-09-19 19:42:00,37.96,Health,Debit Card,POS,Bengaluru,0,46,378.27,843,No,0,19,19,9,0.10035160070848866,0,2.3095890410958906,13.899006622516556
T104251,CUST2044,2023-07-26 01:10:00,5.12,Electronics,PayPal,Desktop,Hyderabad,0,148,205.38,1323,No,0,1,26,7,0.024929399162528,0,3.6246575342465754,32.002369668246445
T104252,CUST3011,2023-06-22 18:06:00,33.16,Utilities,Debit Card,Desktop,Kolkata,0,186,244.24,1053,No,0,18,22,6,0.1357680969538159,0,2.884931506849315,47.87729196050776
T104253,CUST6704,2023-10-05 01:24:00,56.41,Health,PayPal,POS,Mumbai,1,99,380.18,298,No,1,1,5,10,0.1483770845389026,0,0.8164383561643835,54.502262443438916
T104254,CUST1395,2023-07-04 00:55:00,14.13,Electronics,Debit Card,Desktop,Delhi,0,80,182.83,1495,No,0,0,4,7,0.07728490947875075,0,4.095890410958904,15.698924731182796
T104255,CUST9977,2023-08-30 19:57:00,85.86,Electronics,Debit Card,Mobile,Delhi,0,48,394.54,1358,No,0,19,30,8,0.2176205200993562,0,3.7205479452054795,10.168311085316308
T104256,CUST5301,2023-05-24 02:26:00,487.72,Health,PayPal,Desktop,Kolkata,0,7,484.01,1299,No,1,2,24,5,1.0076651308857256,0,3.558904109589041,1.5354567307692308
T104257,CUST2243,2023-08-22 05:20:00,48.08,Food,NetBanking,Desktop,Kolkata,0,40,441.44,1231,No,1,5,22,8,0.1089162740123233,0,3.372602739726027,9.147869674185465
T104258,CUST4949,2023-07-19 03:31:00,35.05,Travel,PayPal,POS,Pune,0,59,232.26,1120,No,0,3,19,7,0.15090846465168345,0,3.0684931506849313,14.501683501683502
T104259,CUST4650,2023-09-16 00:07:00,40.96,Food,Credit Card,Desktop,Bengaluru,1,36,293.96,306,No,0,0,16,9,0.139338685535447,0,0.8383561643835616,19.582712369597616
T104260,CUST8799,2024-02-07 10:21:00,9.79,Entertainment,Debit Card,POS,Hyderabad,0,172,361.05,1261,No,0,10,7,2,0.02711535798365877,0,3.4547945205479453,38.610086100861004
T104261,CUST1533,2023-10-19 17:24:00,171.83,Food,UPI,POS,Kolkata,0,108,181.16,336,No,0,17,19,10,0.9484985648045927,0,0.9205479452054794,56.2339514978602
T104262,CUST8962,2023-07-29 19:18:00,42.87,Food,Debit Card,POS,Kolkata,0,31,401.63,1603,No,0,19,29,7,0.10674003435998307,0,4.391780821917808,5.749491869918699
T104263,CUST1326,2023-11-16 09:43:00,39.19,Utilities,Credit Card,Mobile,Chennai,0,170,224.09,660,No,0,9,16,11,0.17488509081172743,0,1.8082191780821917,60.536585365853654
T104264,CUST2362,2023-07-01 14:36:00,86.23,Health,UPI,Desktop,Mumbai,0,44,424.95,567,No,0,14,1,7,0.2029179903518061,0,1.5534246575342465,17.23175965665236
T104265,CUST7097,2023-01-13 08:33:00,46.68,Health,UPI,Desktop,Delhi,0,171,134.82,547,No,0,8,13,1,0.3462394303515799,0,1.4986301369863013,68.4375
T104266,CUST8777,2023-01-19 08:02:00,83.58,Entertainment,PayPal,Desktop,Mumbai,1,43,15.58,1327,Yes,1,8,19,1,5.364569961489089,1,3.6356164383561644,9.276004728132387
T104267,CUST4103,2023-03-31 23:12:00,5.07,Entertainment,NetBanking,POS,Mumbai,1,175,320.02,1286,No,0,23,31,3,0.015842759827510784,0,3.5232876712328767,38.68867353119321
T104268,CUST6264,2024-01-09 05:43:00,134.44,Utilities,PayPal,Mobile,Pune,0,134,231.43,1167,No,0,5,9,1,0.5809099943827507,0,3.197260273972603,31.925587467362924
T104269,CUST3136,2023-01-30 01:19:00,225.75,Health,UPI,POS,Mumbai,0,93,39.31,163,No,1,1,30,1,5.742813533452048,1,0.4465753424657534,64.28977272727272
T104270,CUST3909,2023-11-28 03:05:00,83.7,Food,UPI,Desktop,Hyderabad,0,194,248.93,1478,No,0,3,28,11,0.33623910336239105,0,4.049315068493151,38.421052631578945
T104271,CUST9137,2024-01-12 01:32:00,247.32,Travel,NetBanking,POS,Pune,0,86,92.6,854,No,0,1,12,1,2.670842332613391,1,2.33972602739726,25.750615258408533
T104272,CUST2525,2023-10-26 10:06:00,13.14,Electronics,Debit Card,POS,Kolkata,1,9,318.58,1743,No,0,10,26,10,0.041245527026178674,0,4.7753424657534245,1.558349146110057
T104273,CUST8089,2023-04-05 17:53:00,51.92,Grocery,NetBanking,Desktop,Hyderabad,0,11,228.07,1078,No,0,17,5,4,0.22764940588415838,0,2.9534246575342467,2.782397782397782
T104274,CUST5881,2024-01-21 21:55:00,73.67,Electronics,PayPal,POS,Pune,0,80,93.85,1613,No,0,21,21,1,0.7849760255727225,0,4.419178082191781,14.762386248736096
T104275,CUST3164,2023-07-30 09:37:00,69.73,Entertainment,Debit Card,POS,Hyderabad,0,109,211.85,1333,No,0,9,30,7,0.3291479820627803,0,3.652054794520548,23.430506478209654
T104276,CUST2107,2023-03-06 02:56:00,41.06,Entertainment,PayPal,Mobile,Pune,0,118,124.03,1979,No,0,2,6,3,0.33104893977263566,0,5.421917808219178,18.37457337883959
T104277,CUST8242,2023-02-20 17:10:00,33.01,Electronics,NetBanking,POS,Pune,0,18,330.02,1396,No,0,17,20,2,0.10002424095509363,0,3.824657534246575,3.7308347529812607
T104278,CUST8954,2023-09-30 13:50:00,10.85,Grocery,Debit Card,Mobile,Bengaluru,0,153,154.62,842,Yes,1,13,30,9,0.07017203466563186,0,2.3068493150684932,46.267605633802816
T104279,CUST5568,2023-07-25 13:33:00,39.77,Food,NetBanking,Desktop,Hyderabad,1,97,412.79,1864,No,0,13,25,7,0.09634438818769835,0,5.1068493150684935,15.8838043965904
T104280,CUST8625,2023-02-02 14:36:00,14.2,Travel,Credit Card,Mobile,Bengaluru,0,186,16.94,101,No,0,14,2,2,0.8382526564344746,0,0.27671232876712326,145.68669527896998
T104281,CUST6368,2023-04-04 03:08:00,106.05,Travel,UPI,POS,Kolkata,0,30,207.67,1047,Yes,0,3,4,4,0.5106659604179709,0,2.8684931506849316,7.754957507082152
T104282,CUST4240,2023-02-03 12:11:00,18.74,Electronics,Debit Card,Desktop,Pune,0,115,312.37,981,No,0,12,3,2,0.05999295707014117,0,2.6876712328767125,31.184992570579492
T104283,CUST5421,2023-03-03 04:37:00,4.83,Grocery,UPI,POS,Delhi,0,1,21.08,1254,No,1,4,3,3,0.2291271347248577,0,3.4356164383561643,0.22544780728844965
T104284,CUST4459,2023-08-13 18:02:00,64.3,Utilities,Credit Card,POS,Pune,0,191,115.76,1379,No,0,18,13,8,0.5554595715272979,0,3.778082191780822,39.97419724770642
T104285,CUST9619,2023-09-19 17:02:00,72.35,Entertainment,Debit Card,Mobile,Delhi,0,97,170.44,62,No,0,17,19,9,0.4244895564421497,0,0.16986301369863013,82.91569086651054
T104286,CUST7059,2023-08-11 18:26:00,164.4,Fashion,UPI,POS,Delhi,0,113,20.7,126,No,0,18,11,8,7.942028985507247,1,0.3452054794520548,84.00203665987779
T104287,CUST7675,2023-06-11 22:23:00,68.83,Food,UPI,Mobile,Delhi,0,79,277.88,1610,No,0,22,11,6,0.24769684756009788,0,4.410958904109589,14.6
T104288,CUST7660,2023-12-27 10:49:00,33.91,Utilities,Debit Card,Desktop,Delhi,0,29,319.13,292,No,0,10,27,12,0.10625763795318521,0,0.8,16.11111111111111
T104289,CUST9068,2023-04-05 23:28:00,129.97,Electronics,UPI,Desktop,Hyderabad,0,66,121.49,903,Yes,0,23,5,4,1.0697999835377399,0,2.473972602739726,18.998422712933753
T104290,CUST7172,2024-02-04 03:54:00,62.17,Travel,UPI,POS,Chennai,0,181,276.31,943,No,0,3,4,2,0.22500090478086207,0,2.5835616438356164,50.50840978593272
T104291,CUST2281,2023-05-30 11:25:00,6.61,Entertainment,Debit Card,Mobile,Hyderabad,0,105,499.57,1123,No,0,11,30,5,0.013231378985927899,0,3.0767123287671234,25.756048387096772
T104292,CUST8054,2023-04-07 15:49:00,66.75,Utilities,UPI,POS,Kolkata,0,19,444.59,1866,No,0,15,7,4,0.15013832969702423,0,5.112328767123287,3.108471537427163
T104293,CUST9598,2023-08-31 21:54:00,190.89,Utilities,UPI,POS,Chennai,0,66,38.74,322,No,0,21,31,8,4.9274651522973665,1,0.8821917808219178,35.06550218340611
T104294,CUST6675,2023-03-23 23:41:00,40.38,Health,PayPal,POS,Hyderabad,0,112,72.66,946,No,0,23,23,3,0.5557390586292321,0,2.591780821917808,31.18230358504958
T104295,CUST4614,2023-11-25 20:51:00,28.12,Health,PayPal,POS,Kolkata,0,180,252.26,759,No,0,20,25,11,0.11147229049393484,0,2.0794520547945203,58.45195729537367
T104296,CUST5080,2023-08-23 10:57:00,12.39,Grocery,Credit Card,Mobile,Delhi,0,159,130.15,1260,No,0,10,23,8,0.09519784863618902,0,3.452054794520548,35.713846153846156
T104297,CUST9826,2023-11-24 04:39:00,13.14,Grocery,PayPal,POS,Mumbai,0,60,49.67,201,No,0,4,24,11,0.26454600362391784,0,0.5506849315068493,38.69257950530035
T104298,CUST7235,2023-11-30 06:20:00,45.36,Electronics,PayPal,Desktop,Pune,0,117,134.73,787,No,0,6,30,11,0.3366733466933868,0,2.1561643835616437,37.0703125
T104299,CUST9315,2024-01-19 20:28:00,72.44,Utilities,Credit Card,Mobile,Chennai,0,68,39.98,955,No,0,20,19,1,1.8119059529764883,0,2.6164383561643834,18.803030303030305
T104300,CUST6324,2023-05-22 05:35:00,6.72,Fashion,UPI,POS,Mumbai,0,93,269.66,1448,No,0,5,22,5,0.024920269969591333,0,3.967123287671233,18.723110865968007
T104301,CUST8240,2023-04-06 04:12:00,224.5,Travel,UPI,Mobile,Delhi,0,158,250.22,1309,Yes,1,4,6,4,0.8972104547997762,0,3.5863013698630137,34.45041816009558
T104302,CUST4954,2023-08-27 05:59:00,112.56,Electronics,PayPal,POS,Chennai,0,141,13.1,1317,No,1,5,27,8,8.59236641221374,1,3.6082191780821917,30.597502972651604
T104303,CUST2466,2023-04-14 23:22:00,70.67,Fashion,Credit Card,Desktop,Mumbai,0,143,246.43,930,No,0,23,14,4,0.28677514912957025,0,2.547945205479452,40.30501930501931
T104304,CUST2864,2023-08-13 00:46:00,141.03,Entertainment,UPI,Desktop,Hyderabad,1,148,264.7,1317,No,1,0,13,8,0.5327918398186626,0,3.6082191780821917,32.11652794292509
T104305,CUST4159,2024-01-04 13:01:00,6.69,Grocery,NetBanking,Desktop,Kolkata,0,162,306.79,546,No,0,13,4,1,0.02180644740702109,0,1.4958904109589042,64.90669593852908
T104306,CUST2650,2023-09-29 13:46:00,51.83,Health,Debit Card,Mobile,Delhi,0,148,485.35,1063,No,0,13,29,9,0.10678891521582362,0,2.9123287671232876,37.82913165266107
T104307,CUST4757,2023-07-15 14:18:00,79.56,Food,Debit Card,Desktop,Hyderabad,0,50,491.52,300,No,0,14,15,7,0.161865234375,0,0.821917808219178,27.44360902255639
T104308,CUST1148,2023-05-03 05:57:00,141.13,Utilities,Debit Card,POS,Hyderabad,0,89,268.2,771,No,0,5,3,5,0.5262117822520507,0,2.1123287671232878,28.595950704225352
T104309,CUST4501,2023-07-02 12:03:00,122.4,Entertainment,PayPal,POS,Delhi,0,155,424.14,1365,No,0,12,2,7,0.2885839581270335,0,3.73972602739726,32.702312138728324
T104310,CUST7600,2023-12-18 08:36:00,25.96,Health,Debit Card,POS,Chennai,0,158,51.73,1423,No,0,8,18,12,0.5018364585346995,0,3.8986301369863012,32.253914988814316
T104311,CUST3483,2023-12-15 21:58:00,226.26,Travel,Debit Card,Mobile,Pune,0,184,270.27,596,No,0,21,15,12,0.8371628371628372,0,1.632876712328767,69.88553590010406
T104312,CUST7927,2023-03-22 13:55:00,10.62,Travel,NetBanking,Mobile,Bengaluru,1,193,342.66,1952,No,0,13,22,3,0.030992820872001395,0,5.347945205479452,30.40353905912818
T104313,CUST1985,2024-02-18 18:58:00,166.44,Health,UPI,Desktop,Bengaluru,0,99,286.72,582,No,0,18,18,2,0.5804966517857142,0,1.5945205479452054,38.157338965153116
T104314,CUST6303,2023-01-10 11:17:00,283.07,Entertainment,NetBanking,Mobile,Pune,0,183,123.05,679,No,0,11,10,1,2.3004469727752945,1,1.8602739726027397,63.97988505747126
T104315,CUST2575,2023-11-10 22:57:00,15.6,Health,PayPal,POS,Delhi,0,113,40.7,420,No,0,22,10,11,0.38329238329238324,0,1.1506849315068493,52.54140127388535
T104316,CUST2331,2024-01-19 10:32:00,102.43,Fashion,Debit Card,POS,Bengaluru,0,107,199.47,988,No,0,10,19,1,0.5135108036296185,0,2.706849315068493,28.86548410938655
T104317,CUST9112,2024-01-15 03:17:00,3.29,Electronics,UPI,POS,Pune,0,24,327.34,1168,No,0,3,15,1,0.010050711798130385,0,3.2,5.714285714285714
T104318,CUST5562,2023-01-26 12:40:00,41.59,Grocery,Debit Card,Mobile,Mumbai,0,25,495.94,604,No,0,12,26,1,0.08386095092148245,0,1.6547945205479453,9.416924664602684
T104319,CUST5459,2023-03-17 00:53:00,58.1,Fashion,Debit Card,POS,Pune,0,181,125.9,373,No,0,0,17,3,0.4614773629864972,0,1.021917808219178,89.5189701897019
T104320,CUST2428,2024-02-12 02:06:00,69.52,Food,PayPal,Desktop,Chennai,0,11,459.72,1463,No,0,2,12,2,0.1512224832506743,0,4.008219178082192,2.196389496717724
T104321,CUST1102,2023-01-19 15:57:00,219.83,Health,Debit Card,Mobile,Kolkata,0,94,43.45,1599,No,0,15,19,1,5.059378596087456,1,4.380821917808219,17.469450101832994
T104322,CUST7801,2024-02-01 05:52:00,89.24,Food,Credit Card,POS,Pune,0,60,466.18,1431,No,0,5,1,2,0.19142820369814234,0,3.9205479452054797,12.193763919821826
T104323,CUST1452,2023-12-12 01:30:00,52.51,Food,UPI,POS,Hyderabad,1,175,417.86,1817,No,1,1,12,12,0.12566409802326137,0,4.978082191780822,29.273602199816683
T104324,CUST7712,2023-06-15 05:49:00,132.72,Fashion,UPI,Mobile,Hyderabad,0,153,20.26,485,No,0,5,15,6,6.550839091806515,1,1.3287671232876712,65.7
T104325,CUST4349,2023-06-01 19:30:00,240.52,Grocery,Credit Card,Mobile,Kolkata,0,25,156.11,1476,Yes,1,19,1,6,1.5407084747934148,0,4.043835616438356,4.9565453557848995
T104326,CUST7147,2023-05-01 19:55:00,1.79,Entertainment,PayPal,Desktop,Delhi,0,145,34.97,473,No,0,19,1,5,0.05118673148412926,0,1.295890410958904,63.1563245823389
T104327,CUST8365,2023-05-17 22:47:00,323.74,Travel,Debit Card,Mobile,Hyderabad,1,140,497.8,226,No,1,22,17,5,0.6503415026114906,0,0.6191780821917808,86.46362098138748
T104328,CUST8543,2023-03-08 11:41:00,7.21,Electronics,Debit Card,POS,Mumbai,1,123,219.64,897,No,0,11,8,3,0.03282644327080678,0,2.4575342465753423,35.57448494453249
T104329,CUST2781,2023-05-03 04:34:00,134.73,Utilities,UPI,Desktop,Pune,0,180,334.47,392,No,1,4,3,5,0.4028163960893353,0,1.073972602739726,86.78996036988111
T104330,CUST8180,2023-09-08 04:03:00,26.32,Travel,PayPal,POS,Kolkata,0,11,124.75,1463,No,0,4,8,9,0.2109819639278557,0,4.008219178082192,2.196389496717724
T104331,CUST9047,2023-12-23 14:29:00,11.34,Grocery,PayPal,POS,Mumbai,0,10,467.53,1817,No,0,14,23,12,0.024255128013175625,0,4.978082191780822,1.6727772685609532
T104332,CUST2628,2023-10-19 11:13:00,46.36,Utilities,PayPal,POS,Delhi,0,81,144.35,1627,No,0,11,19,10,0.32116383789400765,0,4.457534246575342,14.841867469879519
T104333,CUST4922,2023-12-21 06:44:00,82.62,Travel,Debit Card,Mobile,Hyderabad,0,188,137.51,1447,No,0,6,21,12,0.6008290306159553,0,3.9643835616438357,37.86975717439294
T104334,CUST4562,2023-07-21 23:31:00,38.37,Health,PayPal,Mobile,Kolkata,0,54,164.15,1790,No,0,23,21,7,0.23374961925068533,0,4.904109589041096,9.146171693735498
T104335,CUST5279,2023-11-25 07:56:00,4.49,Health,Credit Card,POS,Bengaluru,0,109,236.62,1562,No,0,7,25,11,0.0189755726481278,0,4.279452054794521,20.64608199273482
T104336,CUST6550,2023-09-27 12:37:00,73.2,Fashion,NetBanking,Mobile,Pune,0,63,19.08,897,No,0,12,27,9,3.836477987421384,1,2.4575342465753423,18.22107765451664
T104337,CUST9492,2023-03-19 23:34:00,186.15,Food,PayPal,POS,Bengaluru,0,20,302.94,595,Yes,0,23,19,3,0.6144781144781145,0,1.63013698630137,7.604166666666667
T104338,CUST4140,2023-07-08 10:38:00,38.66,Utilities,NetBanking,Mobile,Chennai,0,5,25.52,700,No,0,10,8,7,1.5148902821316614,0,1.917808219178082,1.7136150234741785
T104339,CUST5652,2024-01-05 23:07:00,19.5,Grocery,Debit Card,Mobile,Delhi,0,41,274.21,1347,No,0,23,5,1,0.07111338025600818,0,3.6904109589041094,8.74123831775701
T104340,CUST4671,2023-12-13 11:37:00,46.75,Grocery,PayPal,Mobile,Chennai,0,118,234.36,1935,No,0,11,13,12,0.19947943335040108,0,5.301369863013699,18.726086956521737
T104341,CUST8296,2023-12-13 17:44:00,3.97,Travel,UPI,Desktop,Bengaluru,0,63,128.85,54,No,0,17,13,12,0.030811020566550256,0,0.14794520547945206,54.88066825775656
T104342,CUST9911,2023-03-22 00:32:00,137.4,Fashion,Debit Card,Mobile,Bengaluru,0,184,171.59,266,No,0,0,22,3,0.8007459642170289,0,0.7287671232876712,106.43423137876387
T104343,CUST3363,2023-01-09 19:24:00,140.05,Travel,Credit Card,Desktop,Bengaluru,0,32,355.77,490,No,0,19,9,1,0.39365320291199374,0,1.3424657534246576,13.660818713450292
T104344,CUST2649,2023-10-17 10:39:00,70.94,Travel,Credit Card,Desktop,Chennai,0,27,14.7,1374,No,0,10,17,10,4.825850340136054,1,3.7643835616438355,5.667050028752156
T104345,CUST3715,2023-02-07 09:00:00,34.85,Grocery,NetBanking,Desktop,Kolkata,0,68,165.16,129,No,0,9,7,2,0.21100750787115527,0,0.35342465753424657,50.24291497975709
T104346,CUST8885,2024-01-31 18:48:00,128.67,Travel,NetBanking,POS,Delhi,0,105,343.35,769,No,0,18,31,1,0.37474879860200955,0,2.106849315068493,33.7962962962963
T104347,CUST7665,2023-05-08 11:09:00,64.72,Food,UPI,Mobile,Pune,0,176,84.61,1743,No,0,11,8,5,0.7649214040893512,0,4.7753424657534245,30.474383301707782
T104348,CUST3887,2023-08-30 16:12:00,139.86,Travel,UPI,POS,Kolkata,0,7,284.59,437,Yes,0,16,30,8,0.49144383147686155,0,1.1972602739726028,3.185785536159601
T104349,CUST4214,2023-04-06 19:24:00,79.86,Utilities,Credit Card,Desktop,Pune,0,174,92.78,1208,No,0,19,6,4,0.8607458503987928,0,3.3095890410958906,40.37507946598856
T104350,CUST8851,2023-08-24 11:31:00,122.75,Food,PayPal,Mobile,Mumbai,0,103,85.83,1007,No,0,11,24,8,1.4301526272864966,0,2.758904109589041,27.401603498542272
T104351,CUST4912,2023-04-10 10:54:00,73.02,Grocery,Credit Card,POS,Mumbai,1,112,388.42,1487,No,0,10,10,4,0.18799237938314195,0,4.073972602739726,22.07343412526998
T104352,CUST8327,2023-09-25 16:54:00,42.77,Fashion,Credit Card,Desktop,Bengaluru,0,146,140.6,780,No,0,16,25,9,0.30419630156472266,0,2.136986301369863,46.54148471615721
T104353,CUST1803,2024-01-11 23:16:00,253.5,Health,UPI,POS,Delhi,0,166,194.13,1487,No,0,23,11,1,1.3058259928913616,0,4.073972602739726,32.71598272138229
T104354,CUST3176,2023-08-24 06:45:00,62.32,Utilities,NetBanking,POS,Delhi,0,103,367.71,172,No,0,6,24,8,0.16948138478692448,0,0.4712328767123288,70.00931098696462
T104355,CUST5366,2023-03-18 15:56:00,74.33,Food,UPI,Mobile,Hyderabad,0,193,97.96,558,No,0,15,18,3,0.7587790935075541,0,1.5287671232876712,76.32177681473458
T104356,CUST3144,2023-02-22 20:05:00,19.93,Fashion,UPI,Mobile,Hyderabad,0,17,270.55,1338,No,0,20,22,2,0.07366475697652929,0,3.665753424657534,3.6435701702877274
T104357,CUST4841,2023-06-18 13:48:00,78.61,Fashion,UPI,POS,Kolkata,0,90,459.73,1058,No,0,13,18,6,0.17099166902312227,0,2.8986301369863012,23.08503162333099
T104358,CUST3502,2023-04-17 09:47:00,67.82,Food,Credit Card,Mobile,Chennai,0,115,281.38,552,No,0,9,17,4,0.24102637003340677,0,1.5123287671232877,45.774263904034896
T104359,CUST7309,2024-02-02 17:45:00,16.35,Grocery,PayPal,Mobile,Hyderabad,0,86,33.93,749,No,0,17,2,2,0.48187444739168883,0,2.052054794520548,28.17773788150808
T104360,CUST2885,2024-01-12 01:27:00,4.91,Electronics,Credit Card,POS,Kolkata,0,103,298.95,1489,No,0,1,12,1,0.016424151195852152,0,4.079452054794521,20.27777777777778
T104361,CUST7749,2024-02-02 18:09:00,74.18,Fashion,Debit Card,Mobile,Pune,0,82,54.18,447,No,0,18,2,2,1.3691399040236252,0,1.2246575342465753,36.85960591133004
T104362,CUST3541,2023-09-06 15:56:00,115.41,Fashion,UPI,Mobile,Pune,1,126,148.24,1134,No,0,15,6,9,0.7785348084187803,0,3.106849315068493,30.680453635757175
T104363,CUST5702,2023-06-10 05:14:00,59.29,Grocery,UPI,Desktop,Kolkata,0,38,426.34,574,No,0,5,10,6,0.13906741098653658,0,1.5726027397260274,14.771033013844516
T104364,CUST5845,2023-05-12 11:19:00,20.57,Grocery,Debit Card,Mobile,Chennai,0,92,15.42,1039,No,0,11,12,5,1.3339818417639429,0,2.8465753424657536,23.917378917378915
T104365,CUST2406,2023-07-11 01:55:00,87.85,Travel,UPI,Desktop,Mumbai,0,63,47.74,846,No,0,1,11,7,1.8401759530791786,0,2.317808219178082,18.98843930635838
T104366,CUST4691,2023-02-20 01:52:00,6.68,Grocery,UPI,POS,Bengaluru,0,170,188.05,1430,No,0,1,20,2,0.0355224674288753,0,3.9178082191780823,34.568245125348184
T104367,CUST6410,2023-12-22 14:35:00,46.65,Fashion,UPI,Desktop,Delhi,0,136,499.7,188,No,0,14,22,12,0.0933560136081649,0,0.5150684931506849,89.7649186256781
T104368,CUST3862,2024-01-05 01:52:00,14.27,Food,Debit Card,POS,Mumbai,0,30,153.01,1839,Yes,1,1,5,1,0.09326187830860729,0,5.038356164383561,4.968239564428313
T104369,CUST2046,2023-05-27 02:48:00,16.31,Electronics,Credit Card,Mobile,Kolkata,0,64,87.06,656,No,0,2,27,5,0.1873420629450953,0,1.7972602739726027,22.879529872673853
T104370,CUST9740,2023-03-18 08:04:00,18.08,Entertainment,UPI,Mobile,Pune,0,9,279.22,1270,No,0,8,18,3,0.06475180860969844,0,3.4794520547945207,2.0091743119266052
T104371,CUST8120,2023-05-23 14:55:00,39.11,Travel,PayPal,Desktop,Mumbai,0,57,264.43,802,No,0,14,23,5,0.14790303672049313,0,2.197260273972603,17.82776349614396
T104372,CUST2846,2023-11-28 19:09:00,4.2,Entertainment,Debit Card,POS,Chennai,0,107,230.31,1723,Yes,0,19,28,11,0.01823629021753289,0,4.720547945205479,18.704501915708814
T104373,CUST3908,2023-10-08 21:54:00,40.57,Food,NetBanking,Mobile,Bengaluru,0,187,473.86,1098,No,0,21,8,10,0.0856160047271346,0,3.0082191780821916,46.654135338345874
T104374,CUST8738,2023-09-21 10:37:00,57.35,Electronics,Debit Card,Desktop,Pune,0,95,147.27,1685,No,0,10,21,9,0.38942079174305694,0,4.616438356164384,16.914634146341463
T104375,CUST1530,2023-05-04 13:31:00,52.82,Electronics,Credit Card,Desktop,Chennai,0,195,153.73,1268,No,0,13,4,5,0.34358941000455345,0,3.473972602739726,43.58542559706062
T104376,CUST1580,2023-05-01 04:22:00,38.6,Electronics,Debit Card,Desktop,Kolkata,0,75,78.73,1564,No,0,4,1,5,0.4902832465388035,0,4.284931506849315,14.191290824261277
T104377,CUST9887,2023-10-18 00:35:00,146.18,Health,NetBanking,Mobile,Mumbai,0,5,351.67,157,No,0,0,18,10,0.41567378508260583,0,0.4301369863013699,3.4961685823754785
T104378,CUST1015,2023-02-26 13:46:00,12.56,Food,PayPal,POS,Delhi,0,95,167.47,1307,No,0,13,26,2,0.07499850719531857,0,3.580821917808219,20.738636363636363
T104379,CUST8556,2023-03-10 22:36:00,56.37,Utilities,NetBanking,Mobile,Hyderabad,0,4,403.34,1603,Yes,0,22,10,3,0.1397580205285863,0,4.391780821917808,0.741869918699187
T104380,CUST6555,2024-02-13 12:56:00,5.12,Travel,Debit Card,Mobile,Chennai,0,8,486.16,906,No,0,12,13,2,0.01053151225933849,0,2.4821917808219176,2.2974036191974823
T104381,CUST5166,2023-10-29 15:58:00,5.91,Travel,NetBanking,POS,Pune,0,170,31.41,1775,No,0,15,29,10,0.18815663801337154,0,4.863013698630137,28.995327102803735
T104382,CUST6332,2023-01-24 02:36:00,68.24,Electronics,Debit Card,Desktop,Mumbai,0,163,496.63,1405,No,0,2,24,1,0.13740611723013108,0,3.8493150684931505,33.612994350282484
T104383,CUST5294,2023-12-31 04:31:00,66.78,Food,PayPal,Mobile,Hyderabad,0,141,134.51,635,No,0,4,31,12,0.4964686640398484,0,1.7397260273972603,51.464999999999996
T104384,CUST8451,2023-11-13 02:48:00,168.32,Health,PayPal,Desktop,Hyderabad,0,133,215.85,570,No,0,2,13,11,0.7798007875839703,0,1.5616438356164384,51.919786096256686
T104385,CUST7885,2023-10-20 13:30:00,65.29,Electronics,Credit Card,Desktop,Mumbai,0,40,391.09,193,No,0,13,20,10,0.16694367025492857,0,0.5287671232876713,26.164874551971323
T104386,CUST8916,2023-03-06 09:19:00,257.09,Grocery,PayPal,POS,Bengaluru,0,19,336.01,678,No,0,9,6,3,0.7651260379155381,0,1.8575342465753424,6.649089165867689
T104387,CUST6778,2023-12-03 02:28:00,3.99,Utilities,UPI,POS,Mumbai,0,82,391.43,1588,No,1,2,3,12,0.010193393454768414,0,4.35068493150685,15.325140809011776
T104388,CUST1280,2024-02-05 00:44:00,8.25,Entertainment,NetBanking,POS,Pune,0,125,238.5,160,Yes,1,0,5,2,0.03459119496855346,0,0.4383561643835616,86.90476190476191
T104389,CUST2420,2023-08-12 13:30:00,3.61,Travel,NetBanking,Desktop,Kolkata,0,4,458.87,1651,No,0,13,12,8,0.007867151916664851,0,4.523287671232877,0.7242063492063492
T104390,CUST3918,2023-06-10 07:00:00,16.39,Entertainment,Debit Card,Desktop,Delhi,0,128,397.07,725,No,0,7,10,6,0.04127735663736873,0,1.9863013698630136,42.862385321100916
T104391,CUST5472,2023-07-21 22:30:00,62.34,Fashion,PayPal,Mobile,Pune,0,187,161.52,533,No,0,22,21,7,0.3859583952451709,0,1.4602739726027398,76.00779510022272
T104392,CUST7767,2023-04-16 14:44:00,82.98,Electronics,Credit Card,Desktop,Kolkata,0,146,474.76,1477,No,0,14,16,4,0.1747830482770242,0,4.046575342465753,28.930510314875136
T104393,CUST1551,2023-10-17 18:32:00,3.73,Grocery,Credit Card,POS,Hyderabad,0,152,480.92,1802,No,0,18,17,10,0.007755967728520336,0,4.936986301369863,25.602215043839408
T104394,CUST1226,2023-02-13 18:16:00,233.46,Travel,Credit Card,POS,Delhi,0,107,213.38,213,No,0,18,13,2,1.0941044146592933,0,0.5835616438356165,67.56920415224914
T104395,CUST8771,2023-05-02 07:14:00,147.7,Entertainment,UPI,POS,Chennai,0,93,329.46,855,No,0,7,2,5,0.44830935470163297,0,2.3424657534246576,27.823770491803277
T104396,CUST4840,2023-01-21 08:39:00,28.15,Utilities,PayPal,POS,Hyderabad,0,31,409.24,700,No,0,8,21,1,0.06878604242009578,0,1.917808219178082,10.624413145539908
T104397,CUST2384,2024-01-03 08:40:00,6.43,Health,Credit Card,Desktop,Bengaluru,0,58,410.48,1011,No,0,8,3,1,0.01566458779964919,0,2.76986301369863,15.38517441860465
T104398,CUST7817,2023-02-12 09:15:00,14.9,Food,UPI,POS,Mumbai,0,28,16.92,1576,No,0,9,12,2,0.8806146572104018,0,4.317808219178082,5.265327150953117
T104399,CUST7557,2023-06-14 10:37:00,10.86,Travel,NetBanking,Mobile,Chennai,0,137,318.22,1052,No,0,10,14,6,0.034127333291433595,0,2.882191780821918,35.28934368383909
T104400,CUST1738,2023-08-30 15:21:00,10.53,Utilities,Debit Card,Desktop,Pune,0,173,487.11,583,No,0,15,30,8,0.021617293835068052,0,1.5972602739726027,66.60864978902954
T104401,CUST8378,2023-07-12 11:59:00,58.48,Entertainment,PayPal,POS,Delhi,0,90,123.36,1288,Yes,1,11,12,7,0.47405966277561606,0,3.5287671232876714,19.872958257713247
T104402,CUST3432,2023-12-30 08:11:00,22.57,Food,PayPal,Mobile,Chennai,0,49,399.85,160,No,0,8,30,12,0.056446167312742275,0,0.4383561643835616,34.06666666666667
T104403,CUST4819,2023-02-05 19:07:00,35.47,Entertainment,NetBanking,POS,Bengaluru,0,111,271.78,726,No,0,19,5,2,0.13050997130031644,0,1.989041095890411,37.135655362053164
T104404,CUST1922,2023-05-18 06:02:00,364.55,Food,PayPal,Desktop,Mumbai,0,2,118.52,1067,No,0,6,18,5,3.0758521768477896,1,2.9232876712328766,0.5097765363128491
T104405,CUST8493,2023-02-28 11:21:00,92.24,Health,PayPal,Desktop,Chennai,1,6,35.01,843,No,1,11,28,2,2.634675806912311,1,2.3095890410958906,1.8129139072847682
T104406,CUST3185,2023-03-02 05:26:00,238.04,Health,PayPal,Mobile,Pune,0,29,382.36,1819,No,1,5,2,3,0.622554660529344,0,4.983561643835617,4.846611721611722
T104407,CUST1694,2023-03-07 05:20:00,12.3,Electronics,PayPal,Desktop,Delhi,0,154,165.07,688,No,0,5,7,3,0.07451384261222513,0,1.884931506849315,53.38081671415004
T104408,CUST2893,2023-02-28 02:07:00,38.52,Electronics,UPI,Mobile,Chennai,1,156,194.04,409,No,1,2,28,2,0.1985157699443414,0,1.1205479452054794,73.56589147286822
T104409,CUST4905,2023-11-09 01:23:00,64.73,Travel,UPI,POS,Mumbai,1,7,247.76,1113,No,0,1,9,11,0.26126089764288024,0,3.0493150684931507,1.7286874154262517
T104410,CUST2750,2023-10-25 17:23:00,6.39,Health,Debit Card,Desktop,Pune,0,34,258.53,956,No,0,17,25,10,0.024716667311337176,0,2.6191780821917807,9.39439818319455
T104411,CUST5672,2023-10-14 21:46:00,0.34,Grocery,PayPal,POS,Chennai,0,184,111.03,1345,No,0,21,14,10,0.003062235431865262,0,3.684931506849315,39.27485380116959
T104412,CUST1335,2023-01-17 05:47:00,88.8,Entertainment,NetBanking,POS,Delhi,1,138,338.61,1213,Yes,1,5,17,1,0.26224860458935056,0,3.3232876712328765,31.920152091254756
T104413,CUST2597,2023-03-05 00:48:00,82.14,Entertainment,Credit Card,Desktop,Mumbai,0,112,349.34,1500,No,1,0,5,3,0.23512910058968342,0,4.109589041095891,21.919571045576404
T104414,CUST6321,2024-01-02 15:02:00,42.32,Entertainment,Debit Card,POS,Bengaluru,0,57,79.73,567,Yes,0,15,2,1,0.5307914210460303,0,1.5534246575342465,22.32296137339056
T104415,CUST6963,2023-05-22 00:23:00,53.81,Travel,Credit Card,Mobile,Bengaluru,0,175,271.13,606,No,0,0,22,5,0.19846568066978942,0,1.6602739726027398,65.7826982492276
T104416,CUST1665,2023-08-26 18:10:00,42.95,Entertainment,Credit Card,Mobile,Hyderabad,1,27,308.54,1439,No,0,18,26,8,0.13920399299928696,0,3.9424657534246577,5.462860310421285
T104417,CUST9449,2023-10-20 04:06:00,1.94,Fashion,PayPal,Mobile,Chennai,0,39,101.26,1123,Yes,1,4,20,10,0.019158601619593124,0,3.0767123287671234,9.566532258064516
T104418,CUST4059,2024-01-17 01:43:00,32.68,Food,NetBanking,Desktop,Delhi,0,150,448.29,1435,No,0,1,17,1,0.07289923933168262,0,3.9315068493150687,30.416666666666664
T104419,CUST1701,2023-07-06 01:04:00,15.59,Entertainment,Credit Card,POS,Chennai,0,119,246.58,714,No,0,1,6,7,0.06322491686268147,0,1.9561643835616438,40.2548656163114
T104420,CUST1007,2023-12-08 19:54:00,8.29,Utilities,Credit Card,POS,Mumbai,0,147,66.36,1278,No,0,19,8,12,0.12492465340566605,0,3.5013698630136987,32.65672550213025
T104421,CUST6916,2023-07-13 04:06:00,251.21,Food,Debit Card,POS,Hyderabad,1,100,173.85,1561,No,1,4,13,7,1.4449813057233247,0,4.276712328767124,18.951194184839043
T104422,CUST9347,2023-01-18 11:28:00,73.18,Electronics,NetBanking,POS,Delhi,0,9,243.71,1718,No,0,11,18,1,0.3002749169094416,0,4.706849315068493,1.5770523283725395
T104423,CUST3692,2023-02-14 00:27:00,104.35,Entertainment,NetBanking,Mobile,Chennai,0,147,14.97,69,No,1,0,14,2,6.970607882431529,1,0.18904109589041096,123.62903225806451
T104424,CUST9028,2023-12-09 02:57:00,30.31,Utilities,Credit Card,Desktop,Delhi,0,2,25.64,1199,No,0,2,9,12,1.1821372854914196,0,3.2849315068493152,0.4667519181585678
T104425,CUST1963,2023-02-03 15:48:00,39.96,Grocery,NetBanking,Mobile,Mumbai,0,92,37.21,395,No,0,15,3,2,1.0739048642837947,0,1.082191780821918,44.18421052631578
T104426,CUST2836,2023-08-13 05:58:00,21.63,Utilities,Debit Card,Mobile,Hyderabad,0,189,273.69,1663,No,0,5,13,8,0.07903102049764332,0,4.556164383561644,34.01627218934912
T104427,CUST8572,2023-08-01 06:26:00,8.16,Health,Debit Card,Desktop,Delhi,0,59,174.68,277,No,0,6,1,8,0.04671399129837417,0,0.7589041095890411,33.54361370716511
T104428,CUST2691,2023-05-19 21:48:00,15.78,Health,Debit Card,Desktop,Mumbai,0,198,447.62,41,No,0,21,19,5,0.035253116482730884,0,0.11232876712328767,178.00492610837438
T104429,CUST9946,2023-03-01 21:45:00,127.77,Electronics,PayPal,Mobile,Bengaluru,0,71,284.02,1589,No,0,21,1,3,0.4498626857263573,0,4.353424657534247,13.262538382804502
T104430,CUST2930,2023-01-05 21:39:00,90.54,Fashion,Credit Card,POS,Delhi,0,70,382.35,766,No,0,21,5,1,0.23679874460572775,0,2.0986301369863014,22.590627763041557
T104431,CUST1453,2024-02-09 12:09:00,63.34,Travel,NetBanking,Desktop,Hyderabad,0,161,346.7,539,No,0,12,9,2,0.18269397173348717,0,1.4767123287671233,65.00553097345133
T104432,CUST5759,2023-05-13 22:33:00,51.56,Travel,Debit Card,Desktop,Kolkata,0,193,264.96,1298,No,0,22,13,5,0.19459541062801936,0,3.5561643835616437,42.360192423331334
T104433,CUST9303,2023-07-18 10:13:00,204.53,Grocery,Credit Card,Mobile,Pune,0,25,374.91,200,No,0,10,18,7,0.5455442639566829,0,0.547945205479452,16.150442477876105
T104434,CUST1338,2023-10-12 06:05:00,6.04,Electronics,Credit Card,POS,Pune,0,70,276.91,1085,No,0,6,12,10,0.02181214112888664,0,2.9726027397260273,17.620689655172413
T104435,CUST4372,2023-04-15 08:11:00,26.35,Electronics,PayPal,Desktop,Delhi,0,156,198.87,1679,No,0,8,15,4,0.13249861718710715,0,4.6,27.857142857142858
T104436,CUST3313,2023-07-14 06:35:00,34.45,Fashion,NetBanking,Mobile,Delhi,0,146,223.54,750,No,0,6,14,7,0.1541111210521607,0,2.0547945205479454,47.793721973094165
T104437,CUST5300,2023-12-27 02:46:00,122.02,Entertainment,NetBanking,Desktop,Mumbai,0,63,420.87,1024,No,0,2,27,12,0.2899232542115142,0,2.8054794520547945,16.555075593952484
T104438,CUST9452,2023-08-20 02:15:00,391.58,Travel,Debit Card,POS,Chennai,1,49,286.0,844,No,0,2,20,8,1.3691608391608392,0,2.3123287671232875,14.793217535153019
T104439,CUST1900,2023-04-02 23:59:00,22.03,Entertainment,Debit Card,Mobile,Pune,0,123,194.88,458,No,0,23,2,4,0.11304392446633826,0,1.2547945205479452,54.55042527339004
T104440,CUST2345,2023-03-10 22:33:00,165.91,Electronics,Credit Card,Mobile,Chennai,0,124,98.07,1088,No,0,22,10,3,1.691750790251861,0,2.9808219178082194,31.149346180316584
T104441,CUST4221,2023-04-01 06:59:00,142.05,Entertainment,NetBanking,POS,Pune,0,194,252.73,234,No,0,6,1,4,0.5620622799034544,0,0.6410958904109589,118.21368948247078
T104442,CUST9984,2023-04-17 09:05:00,20.36,Health,NetBanking,Mobile,Delhi,0,40,133.68,919,No,0,9,17,4,0.1523040095751047,0,2.5178082191780824,11.370716510903426
T104443,CUST3052,2023-07-08 15:09:00,40.78,Grocery,Debit Card,POS,Hyderabad,0,85,478.23,1437,No,0,15,8,7,0.08527277669740502,0,3.936986301369863,17.21698113207547
T104444,CUST9656,2023-09-21 04:52:00,42.17,Travel,UPI,Mobile,Hyderabad,0,87,250.58,934,No,0,4,21,9,0.16828956820177188,0,2.558904109589041,24.445727482678983
T104445,CUST1907,2023-12-11 16:46:00,306.14,Fashion,Credit Card,POS,Kolkata,0,194,14.38,1319,No,0,16,11,12,21.289290681502084,1,3.6136986301369864,42.048693586698334
T104446,CUST6535,2023-06-18 01:14:00,15.96,Grocery,NetBanking,Desktop,Pune,1,80,55.51,1630,No,0,1,18,6,0.287515762925599,0,4.465753424657534,14.636591478696742
T104447,CUST5859,2023-12-05 22:55:00,128.42,Food,PayPal,Desktop,Pune,0,4,149.32,1496,Yes,1,22,5,12,0.860032145727297,0,4.098630136986301,0.784524449220849
T104448,CUST6763,2023-01-27 01:59:00,32.54,Health,PayPal,Desktop,Mumbai,1,34,55.16,1663,No,0,1,27,1,0.5899202320522118,0,4.556164383561644,6.119329388560158
T104449,CUST8821,2023-05-01 23:26:00,105.0,Fashion,UPI,Mobile,Delhi,0,5,448.04,726,No,0,23,1,5,0.2343540755289706,0,1.989041095890411,1.6727772685609532
T104450,CUST7582,2023-10-24 10:50:00,43.58,Utilities,Debit Card,POS,Delhi,0,150,428.63,779,No,0,10,24,10,0.10167277138791031,0,2.1342465753424658,47.85839160839161
T104451,CUST4220,2023-08-01 08:02:00,69.09,Grocery,Debit Card,POS,Kolkata,0,148,485.72,1538,No,0,8,1,8,0.14224244420653875,0,4.213698630136986,28.386757750919603
T104452,CUST9278,2023-05-07 20:49:00,143.0,Electronics,Debit Card,Desktop,Chennai,0,103,356.17,1014,No,0,20,7,5,0.40149366875368503,0,2.778082191780822,27.262509064539522
T104453,CUST6265,2023-12-06 12:27:00,130.44,Food,PayPal,Desktop,Mumbai,0,175,326.28,1523,No,0,12,6,12,0.39977933063626336,0,4.1726027397260275,33.83209745762712
T104454,CUST3859,2023-07-15 22:07:00,161.05,Fashion,Debit Card,Desktop,Bengaluru,0,34,462.51,1319,No,0,22,15,7,0.3482086873797324,0,3.6136986301369864,7.369358669833729
T104455,CUST3425,2024-02-12 13:59:00,4.92,Electronics,PayPal,POS,Hyderabad,0,172,473.73,1015,No,0,13,12,2,0.01038566271927047,0,2.780821917808219,45.492753623188406
T104456,CUST3198,2023-11-03 04:19:00,94.23,Health,UPI,Desktop,Hyderabad,0,6,439.97,1968,No,0,4,3,11,0.21417369366093142,0,5.391780821917808,0.9387055293613373
T104457,CUST3392,2023-10-15 08:10:00,12.06,Utilities,Credit Card,Mobile,Delhi,0,184,432.12,1797,No,0,8,15,10,0.027908914190502638,0,4.923287671232877,31.06382978723404
T104458,CUST6465,2023-03-02 05:22:00,43.0,Food,NetBanking,Desktop,Kolkata,0,29,339.13,1162,No,0,5,2,3,0.12679503435260814,0,3.1835616438356165,6.931892599869023
T104459,CUST7764,2023-11-23 07:00:00,63.63,Travel,UPI,Desktop,Mumbai,1,53,10.79,1542,No,0,7,23,11,5.897126969416127,1,4.2246575342465755,10.1442055584688
T104460,CUST1104,2023-04-30 01:10:00,41.23,Utilities,PayPal,POS,Bengaluru,0,1,220.46,1231,No,0,1,30,4,0.18701805316157125,0,3.372602739726027,0.22869674185463662
T104461,CUST1973,2023-06-26 22:36:00,58.65,Electronics,UPI,Mobile,Hyderabad,0,59,321.47,278,No,0,22,26,6,0.18244315177154943,0,0.7616438356164383,33.49144634525661
T104462,CUST5039,2023-08-12 12:11:00,453.0,Grocery,NetBanking,POS,Mumbai,0,176,278.09,1889,No,0,12,12,8,1.6289690388003886,0,5.175342465753425,28.500443655723156
T104463,CUST1922,2023-01-10 13:15:00,11.62,Entertainment,Credit Card,Mobile,Bengaluru,0,7,412.35,1925,No,0,13,10,1,0.02817994422214138,0,5.273972602739726,1.1157205240174672
T104464,CUST2788,2023-11-08 19:17:00,90.03,Fashion,NetBanking,Mobile,Pune,0,160,411.26,1058,No,0,19,8,11,0.2189126100277197,0,2.8986301369863012,41.0400562192551
T104465,CUST9172,2024-01-26 22:17:00,40.33,Food,PayPal,Desktop,Delhi,0,78,303.35,1210,No,0,22,26,1,0.1329487390802703,0,3.315068493150685,18.076190476190476
T104466,CUST5217,2024-02-06 14:01:00,11.42,Electronics,NetBanking,Desktop,Chennai,0,189,20.78,259,No,0,14,6,2,0.5495668912415784,0,0.7095890410958904,110.55288461538461
T104467,CUST4972,2023-04-03 12:58:00,13.83,Travel,UPI,POS,Hyderabad,0,185,190.97,657,No,0,12,3,4,0.07241975179347541,0,1.8,66.07142857142857
T104468,CUST5575,2023-08-14 22:40:00,238.5,Entertainment,Debit Card,POS,Hyderabad,0,51,122.12,1314,No,0,22,14,8,1.9529970520799214,0,3.6,11.08695652173913
T104469,CUST4063,2023-03-14 01:37:00,169.36,Fashion,UPI,POS,Bengaluru,0,147,176.01,857,No,0,1,14,3,0.9622180557922847,0,2.347945205479452,43.9075286415712
T104470,CUST1503,2023-05-14 11:43:00,190.05,Fashion,PayPal,Mobile,Chennai,0,27,312.47,350,No,0,11,14,5,0.6082183889653406,0,0.958904109589041,13.783216783216785
T104471,CUST2893,2023-10-12 20:55:00,381.72,Electronics,Credit Card,POS,Pune,0,63,42.57,1180,No,0,20,12,10,8.966878083157154,1,3.232876712328767,14.883495145631066
T104472,CUST8066,2023-03-25 13:29:00,18.69,Travel,NetBanking,Mobile,Mumbai,0,188,20.9,57,No,0,13,25,3,0.8942583732057418,0,0.15616438356164383,162.60663507109007
T104473,CUST8411,2024-02-08 09:54:00,35.13,Health,Credit Card,Mobile,Delhi,0,61,224.07,880,No,0,9,8,2,0.15678136296693,0,2.410958904109589,17.883534136546185
T104474,CUST7098,2023-04-20 06:19:00,88.5,Entertainment,PayPal,Mobile,Mumbai,1,61,398.85,539,No,1,6,20,4,0.22188792779240316,0,1.4767123287671233,24.629424778761063
T104475,CUST7421,2024-02-21 09:29:00,52.9,Health,NetBanking,Mobile,Bengaluru,0,126,25.04,257,No,0,9,21,2,2.112619808306709,1,0.7041095890410959,73.93890675241158
T104476,CUST3457,2023-03-22 22:59:00,43.36,Food,UPI,Mobile,Hyderabad,0,45,426.03,670,No,0,22,22,3,0.10177687017346197,0,1.8356164383561644,15.869565217391303
T104477,CUST2905,2023-10-05 05:21:00,35.43,Electronics,UPI,Desktop,Pune,0,149,198.1,570,No,1,5,5,10,0.17884906612821808,0,1.5616438356164384,58.16577540106952
T104478,CUST8005,2024-01-01 10:02:00,72.07,Entertainment,PayPal,Mobile,Hyderabad,0,172,67.94,1232,No,0,10,1,1,1.0607889314100676,0,3.3753424657534246,39.31120851596744
T104479,CUST6579,2024-02-04 03:01:00,68.57,Food,NetBanking,Mobile,Mumbai,0,129,288.07,1729,Yes,1,3,4,2,0.23803242267504424,0,4.736986301369863,22.48567335243553
T104480,CUST8977,2023-05-08 19:26:00,14.09,Utilities,UPI,Desktop,Pune,0,95,476.66,701,No,0,19,8,5,0.0295598539839718,0,1.9205479452054794,32.528142589118204
T104481,CUST7756,2023-11-06 05:43:00,51.05,Health,PayPal,Desktop,Kolkata,0,91,275.83,1885,No,0,5,6,11,0.185077765290215,0,5.164383561643835,14.762222222222222
T104482,CUST4259,2023-09-21 05:07:00,64.5,Utilities,PayPal,Desktop,Delhi,1,44,346.45,939,No,0,5,21,9,0.18617405108962332,0,2.5726027397260274,12.315950920245399
T104483,CUST7648,2023-05-16 10:02:00,67.57,Utilities,Credit Card,POS,Bengaluru,0,62,410.05,1341,No,0,10,16,5,0.1647847823436166,0,3.673972602739726,13.264947245017586
T104484,CUST4279,2023-08-20 07:38:00,18.87,Entertainment,UPI,POS,Delhi,0,61,401.68,1547,No,0,7,20,8,0.04697769368651663,0,4.238356164383561,11.644874476987448
T104485,CUST7641,2023-03-11 08:16:00,108.47,Fashion,NetBanking,Mobile,Bengaluru,0,79,45.83,1318,No,0,8,11,3,2.3667903120226925,1,3.610958904109589,17.133095662507426
T104486,CUST4757,2023-02-26 04:15:00,2.04,Food,UPI,Mobile,Delhi,0,89,373.09,1520,No,0,4,26,2,0.005467849580530168,0,4.164383561643835,17.23342175066313
T104487,CUST6605,2023-02-02 23:49:00,35.06,Utilities,UPI,Mobile,Kolkata,0,112,475.23,1448,No,0,23,2,2,0.0737748037792227,0,3.967123287671233,22.548262548262546
T104488,CUST5374,2023-12-18 11:30:00,121.21,Travel,UPI,Mobile,Mumbai,0,111,353.32,1485,No,0,11,18,12,0.3430601154760557,0,4.068493150684931,21.900000000000002
T104489,CUST9945,2023-01-25 19:49:00,66.39,Grocery,PayPal,Desktop,Chennai,0,50,419.86,1488,No,0,19,25,1,0.15812413661696756,0,4.076712328767123,9.848893685914733
T104490,CUST8780,2024-01-17 18:14:00,24.21,Health,Debit Card,POS,Pune,0,41,247.92,1441,No,0,18,17,1,0.09765246853823815,0,3.947945205479452,8.286267995570322
T104491,CUST9887,2023-02-11 01:05:00,94.98,Health,Debit Card,Desktop,Bengaluru,0,33,166.34,838,No,0,1,11,2,0.5709991583503667,0,2.2958904109589042,10.012468827930174
T104492,CUST2041,2023-12-31 08:54:00,67.03,Travel,Credit Card,POS,Mumbai,0,12,341.36,1590,No,0,8,31,12,0.19636161237403327,0,4.3561643835616435,2.2404092071611257
T104493,CUST3870,2023-01-11 15:02:00,127.27,Entertainment,UPI,Desktop,Hyderabad,0,2,251.18,1198,No,0,15,11,1,0.5066884306075324,0,3.282191780821918,0.4670505438259756
T104494,CUST1372,2023-03-28 15:19:00,106.25,Entertainment,Debit Card,Mobile,Hyderabad,0,107,448.69,1228,No,0,15,28,3,0.23680046357173104,0,3.3643835616438356,24.516635279347145
T104495,CUST7383,2023-11-04 01:19:00,75.35,Entertainment,Credit Card,POS,Delhi,0,149,487.45,549,No,0,1,4,11,0.1545799569186583,0,1.5041095890410958,59.50218818380745
T104496,CUST4198,2023-12-28 02:31:00,53.58,Food,PayPal,Mobile,Hyderabad,0,142,411.7,1367,No,0,2,28,12,0.13014330823415107,0,3.745205479452055,29.924942263279444
T104497,CUST6033,2023-08-16 18:06:00,11.43,Electronics,UPI,POS,Chennai,0,34,496.41,1674,No,0,18,16,8,0.023025321810600106,0,4.586301369863014,6.086316821971555
T104498,CUST7320,2023-06-01 10:49:00,24.23,Utilities,NetBanking,POS,Bengaluru,0,85,180.7,1182,No,0,10,1,6,0.13408965135583842,0,3.2383561643835614,20.054945054945055
T104499,CUST1931,2023-01-19 23:58:00,43.45,Fashion,PayPal,Mobile,Delhi,0,192,448.92,543,Yes,1,23,19,1,0.09678784638688408,0,1.4876712328767123,77.18061674008811
T104500,CUST6904,2023-03-05 21:12:00,73.16,Grocery,Credit Card,Mobile,Bengaluru,0,151,171.67,1063,No,0,21,5,3,0.42616648220422904,0,2.9123287671232876,38.595938375350144
T104501,CUST3443,2023-01-05 18:32:00,57.68,Electronics,PayPal,Mobile,Bengaluru,0,85,67.84,376,No,0,18,5,1,0.8502358490566038,0,1.0301369863013699,41.86909581646423
T104502,CUST4601,2024-01-25 17:53:00,27.19,Electronics,NetBanking,Desktop,Kolkata,0,50,314.47,146,No,0,17,25,1,0.08646293764111043,0,0.4,35.714285714285715
T104503,CUST7004,2024-01-31 16:55:00,0.52,Travel,PayPal,POS,Mumbai,0,142,232.94,440,No,0,16,31,1,0.0022323345067399333,0,1.2054794520547945,64.38509316770187
T104504,CUST2500,2023-04-27 20:57:00,54.85,Food,Credit Card,POS,Hyderabad,0,106,461.63,1450,No,0,20,27,4,0.1188181010766198,0,3.9726027397260273,21.316804407713498
T104505,CUST1318,2023-10-22 17:49:00,26.91,Health,NetBanking,POS,Pune,0,46,251.18,1884,No,0,17,22,10,0.10713432598136795,0,5.161643835616438,7.465540240106715
T104506,CUST1275,2023-02-14 02:30:00,106.12,Health,NetBanking,Mobile,Bengaluru,0,118,464.54,1064,No,0,2,14,2,0.22844103844663538,0,2.915068493150685,30.13995801259622
T104507,CUST1753,2023-07-04 16:47:00,1.94,Travel,PayPal,POS,Chennai,0,5,48.53,1451,No,0,16,4,7,0.03997527302699361,0,3.9753424657534246,1.0049559471365639
T104508,CUST8090,2023-03-22 04:57:00,70.32,Food,NetBanking,POS,Kolkata,0,66,416.95,1661,No,1,4,22,3,0.1686533157452932,0,4.550684931506849,11.890424481737414
T104509,CUST2353,2023-08-25 10:36:00,227.06,Travel,PayPal,Mobile,Chennai,1,150,381.97,1945,No,0,10,25,8,0.5944445898892583,0,5.328767123287672,23.7012987012987
T104510,CUST4070,2024-02-08 12:02:00,15.33,Health,UPI,Mobile,Pune,0,70,362.79,1146,No,0,12,8,2,0.04225585049202017,0,3.1397260273972605,16.90933156849768
T104511,CUST6527,2023-06-11 05:29:00,51.04,Electronics,NetBanking,POS,Hyderabad,0,108,184.02,1155,No,0,5,11,6,0.27736115639604386,0,3.164383561643836,25.934210526315784
T104512,CUST3651,2023-10-08 06:25:00,7.67,Fashion,PayPal,Desktop,Hyderabad,0,2,394.04,127,No,0,6,8,10,0.019465028931072985,0,0.34794520547945207,1.483739837398374
T104513,CUST3851,2023-12-16 12:46:00,78.61,Utilities,UPI,Mobile,Delhi,1,29,246.82,311,No,0,12,16,12,0.3184912081678956,0,0.852054794520548,15.658284023668639
T104514,CUST5707,2023-10-24 18:13:00,63.98,Entertainment,NetBanking,Desktop,Delhi,0,61,360.45,836,Yes,0,18,24,10,0.1775003467887363,0,2.2904109589041095,18.53871773522065
T104515,CUST7804,2023-03-13 10:05:00,41.85,Food,UPI,Desktop,Delhi,0,100,280.59,889,No,0,10,13,3,0.14915000534587836,0,2.4356164383561643,29.106858054226475
T104516,CUST2662,2024-02-19 02:48:00,58.95,Utilities,NetBanking,Desktop,Hyderabad,0,128,87.15,1721,No,0,2,19,2,0.6764199655765921,0,4.715068493150685,22.39693192713327
T104517,CUST8078,2023-02-19 16:37:00,181.51,Grocery,Credit Card,Desktop,Bengaluru,0,199,41.63,686,Yes,1,16,19,2,4.360076867643526,1,1.8794520547945206,69.11037107516651
T104518,CUST9584,2023-03-17 21:11:00,17.48,Grocery,Credit Card,Mobile,Mumbai,0,144,189.43,1474,Yes,1,21,17,3,0.09227683049147442,0,4.038356164383561,28.580750407830344
T104519,CUST9115,2023-05-12 04:52:00,1.83,Electronics,PayPal,POS,Pune,0,192,467.07,1417,No,0,4,12,5,0.003918042263472285,0,3.882191780821918,39.32659932659933
T104520,CUST7053,2023-12-02 04:17:00,158.25,Travel,Debit Card,POS,Kolkata,0,97,269.57,240,No,0,4,2,12,0.5870460362800015,0,0.6575342465753424,58.5206611570248
T104521,CUST9211,2023-10-15 03:58:00,68.85,Travel,Credit Card,Mobile,Pune,0,97,403.07,1720,No,0,3,15,10,0.1708140025305778,0,4.712328767123288,16.980815347721823
T104522,CUST3420,2023-04-26 13:15:00,177.06,Health,Debit Card,Mobile,Pune,0,14,292.22,1807,No,0,13,26,4,0.6059133529532543,0,4.950684931506849,2.352670349907919
T104523,CUST4057,2023-08-16 11:06:00,72.69,Electronics,UPI,Desktop,Delhi,0,43,479.37,537,No,0,11,16,8,0.15163652293635396,0,1.4712328767123288,17.40022172949002
T104524,CUST6089,2023-12-14 10:22:00,132.93,Health,UPI,Desktop,Mumbai,0,171,191.03,1129,No,0,10,14,12,0.6958592891168927,0,3.0931506849315067,41.77710843373494
T104525,CUST5167,2024-02-02 13:00:00,44.92,Health,Debit Card,Mobile,Chennai,0,70,37.95,1376,No,0,13,2,2,1.1836627140974967,0,3.76986301369863,14.675473865594485
T104526,CUST9174,2023-08-17 14:54:00,110.86,Grocery,PayPal,POS,Hyderabad,0,55,392.53,1943,No,0,14,17,8,0.2824242733039513,0,5.323287671232877,8.698006932409012
T104527,CUST8325,2023-09-09 13:45:00,195.39,Health,NetBanking,Desktop,Chennai,0,31,355.67,481,No,0,13,9,9,0.5493575505384204,0,1.3178082191780822,13.374704491725769
T104528,CUST5952,2023-04-26 09:52:00,67.91,Utilities,Debit Card,Mobile,Delhi,0,76,268.49,716,No,0,9,26,4,0.25293307013296584,0,1.9616438356164383,25.661424606845515
T104529,CUST9540,2023-04-07 15:57:00,15.95,Entertainment,Debit Card,Mobile,Bengaluru,0,168,169.93,652,No,0,15,7,4,0.09386217854410639,0,1.7863013698630137,60.29498525073746
T104530,CUST4744,2023-09-08 12:16:00,25.05,Health,Debit Card,Mobile,Kolkata,0,155,102.25,1000,No,0,12,8,9,0.2449877750611247,0,2.73972602739726,41.446886446886445
T104531,CUST3239,2023-11-21 17:08:00,17.72,Grocery,Debit Card,Desktop,Kolkata,0,52,246.32,959,No,0,17,21,11,0.07193894121468009,0,2.627397260273973,14.335347432024168
T104532,CUST1613,2023-11-17 05:31:00,22.68,Entertainment,Debit Card,Mobile,Delhi,0,128,336.44,47,No,0,5,17,11,0.06741172274402568,0,0.12876712328767123,113.39805825242718
T104533,CUST1739,2023-07-08 03:26:00,29.27,Travel,PayPal,POS,Mumbai,0,7,293.65,1344,No,0,3,8,7,0.09967648561212328,0,3.682191780821918,1.4950263311878291
T104534,CUST5150,2024-02-11 08:18:00,64.8,Food,Credit Card,Mobile,Kolkata,0,174,224.37,815,No,0,8,11,2,0.2888086642599278,0,2.232876712328767,53.82203389830509
T104535,CUST1935,2023-07-17 10:16:00,70.94,Fashion,NetBanking,Desktop,Delhi,0,100,274.45,1803,No,0,10,17,7,0.25848059755875386,0,4.93972602739726,16.835793357933582
T104536,CUST6185,2023-01-29 06:35:00,44.48,Health,Credit Card,POS,Pune,1,161,62.9,227,No,0,6,29,1,0.7071542130365659,0,0.6219178082191781,99.26520270270271
T104537,CUST8274,2023-11-11 00:32:00,76.45,Utilities,Debit Card,POS,Bengaluru,0,136,350.96,1215,No,1,0,11,11,0.21783109186232053,0,3.328767123287671,31.417721518987346
T104538,CUST8466,2024-01-30 06:44:00,6.81,Entertainment,Credit Card,Mobile,Bengaluru,0,133,369.79,446,No,0,6,30,1,0.01841585764893588,0,1.2219178082191782,59.85819975339087
T104539,CUST4879,2023-12-18 02:52:00,7.35,Food,PayPal,Mobile,Hyderabad,0,61,15.61,413,No,0,2,18,12,0.4708520179372197,0,1.1315068493150684,28.618251928020566
T104540,CUST9676,2023-02-21 00:12:00,15.08,Grocery,UPI,POS,Hyderabad,0,104,142.55,229,No,0,0,21,2,0.10578744300245527,0,0.6273972602739726,63.90572390572391
T104541,CUST9199,2023-11-17 23:22:00,58.4,Food,Credit Card,Mobile,Pune,0,188,55.14,1799,No,0,23,17,11,1.0591222343126587,0,4.928767123287671,31.709796672828094
T104542,CUST5621,2023-03-24 11:37:00,19.26,Fashion,NetBanking,Desktop,Bengaluru,0,152,499.13,924,No,0,11,24,3,0.03858714162642999,0,2.5315068493150683,43.041117145073706
T104543,CUST4519,2024-02-12 17:17:00,26.65,Utilities,PayPal,POS,Pune,0,7,300.74,1905,No,0,17,12,2,0.08861475028263616,0,5.219178082191781,1.1255506607929515
T104544,CUST7522,2024-02-19 02:04:00,40.91,Food,UPI,Mobile,Bengaluru,1,189,238.21,1551,No,0,2,19,2,0.1717392216951429,0,4.249315068493151,36.00469728601252
T104545,CUST9053,2023-11-26 10:55:00,133.65,Utilities,PayPal,POS,Mumbai,0,83,236.87,1009,No,0,10,26,11,0.5642335458268248,0,2.7643835616438355,22.048762736535664
T104546,CUST1189,2023-09-13 09:17:00,1.12,Entertainment,Debit Card,Mobile,Delhi,0,95,482.74,1096,No,0,9,13,9,0.0023200894891660107,0,3.0027397260273974,23.7337440109514
T104547,CUST1740,2023-09-21 04:24:00,83.84,Food,UPI,Mobile,Hyderabad,0,164,333.33,111,No,1,4,21,9,0.2515225152251523,0,0.3041095890410959,125.75630252100841
T104548,CUST2224,2023-08-16 10:55:00,88.42,Utilities,NetBanking,Desktop,Mumbai,0,27,92.64,1592,No,0,10,16,8,0.9544473229706391,0,4.361643835616438,5.0357690342360755
T104549,CUST2853,2023-06-13 07:15:00,128.22,Food,UPI,Mobile,Kolkata,0,124,229.6,1357,No,0,7,13,6,0.5584494773519164,0,3.717808219178082,26.283391405342627
T104550,CUST9069,2023-07-22 23:01:00,215.95,Food,NetBanking,Mobile,Delhi,0,157,389.36,1634,No,0,23,22,7,0.5546281076638586,0,4.476712328767123,28.666833416708357
T104551,CUST7852,2023-10-06 20:43:00,1.63,Electronics,Debit Card,Mobile,Hyderabad,0,87,217.44,1252,No,0,20,6,10,0.0074963208241353935,0,3.43013698630137,19.638218923933206
T104552,CUST9970,2023-06-25 04:37:00,13.36,Health,NetBanking,Desktop,Kolkata,0,148,161.67,1459,No,0,4,25,6,0.08263747139234243,0,3.9972602739726026,29.61622807017544
T104553,CUST2814,2023-07-26 02:32:00,173.84,Grocery,PayPal,Mobile,Pune,0,70,495.7,1983,No,0,2,26,7,0.35069598547508574,0,5.432876712328767,10.88160136286201
T104554,CUST4893,2023-03-29 15:42:00,49.08,Fashion,Credit Card,Mobile,Kolkata,0,114,468.46,1480,No,0,15,29,3,0.10476881697476839,0,4.054794520547945,22.552845528455283
T104555,CUST7424,2023-04-01 22:01:00,66.52,Grocery,PayPal,Mobile,Mumbai,0,76,471.36,1514,No,0,22,1,4,0.1411235573659199,0,4.147945205479452,14.76317189994678
T104556,CUST5942,2024-02-06 18:58:00,87.02,Electronics,PayPal,POS,Chennai,0,114,74.52,913,No,0,18,6,2,1.167740203972088,0,2.5013698630136987,32.55868544600939
T104557,CUST8361,2023-02-15 05:30:00,90.92,Electronics,UPI,Desktop,Kolkata,0,3,124.79,509,No,0,5,15,2,0.7285840211555413,0,1.3945205479452054,1.2528604118993134
T104558,CUST3040,2023-06-02 21:52:00,214.75,Entertainment,Debit Card,POS,Chennai,0,167,226.61,757,No,0,21,2,6,0.9476633864348439,0,2.073972602739726,54.3270944741533
T104559,CUST2951,2023-07-23 03:23:00,463.39,Electronics,Credit Card,Desktop,Hyderabad,0,99,417.74,153,No,1,3,23,7,1.1092784985876383,0,0.4191780821917808,69.75868725868726
T104560,CUST6063,2023-08-03 16:47:00,101.88,Health,NetBanking,Desktop,Mumbai,0,124,371.05,557,No,0,16,3,8,0.27457216008624175,0,1.526027397260274,49.08893709327549
T104561,CUST5875,2023-08-05 18:00:00,27.09,Electronics,UPI,POS,Kolkata,0,45,426.34,1691,No,0,18,5,8,0.06354083595252616,0,4.632876712328767,7.988813229571985
T104562,CUST9406,2023-08-03 06:36:00,169.46,Food,Debit Card,Desktop,Delhi,0,126,461.17,555,No,0,6,3,8,0.36745668625452654,0,1.5205479452054795,49.9891304347826
T104563,CUST8741,2023-12-07 21:12:00,4.04,Grocery,Credit Card,Desktop,Kolkata,0,68,392.58,68,No,0,21,7,12,0.010290896123083194,0,0.1863013698630137,57.32101616628175
T104564,CUST4526,2023-11-22 05:55:00,21.02,Travel,PayPal,POS,Delhi,1,31,138.27,1252,No,1,5,22,11,0.15202140739133577,0,3.43013698630137,6.9975262832405685
T104565,CUST3810,2024-02-19 05:32:00,182.14,Fashion,Debit Card,Mobile,Mumbai,0,106,149.87,137,Yes,1,5,19,2,1.2153199439514244,0,0.37534246575342467,77.07171314741036
T104566,CUST5080,2023-03-19 09:56:00,23.68,Electronics,Debit Card,Desktop,Chennai,0,38,182.72,297,No,0,9,19,3,0.1295971978984238,0,0.8136986301369863,20.95166163141994
T104567,CUST9598,2023-05-17 02:15:00,19.94,Grocery,Debit Card,POS,Mumbai,1,134,158.51,1406,No,0,2,17,5,0.12579647971736801,0,3.852054794520548,27.6171654432524
T104568,CUST1085,2023-01-29 09:17:00,11.89,Entertainment,PayPal,Desktop,Chennai,1,8,132.06,340,No,0,9,29,1,0.09003483265182494,0,0.9315068493150684,4.141843971631205
T104569,CUST4221,2023-02-03 05:13:00,156.78,Electronics,NetBanking,POS,Chennai,0,28,378.72,1443,No,0,5,3,2,0.4139733840304182,0,3.9534246575342467,5.652654867256637
T104570,CUST8673,2024-01-18 08:00:00,55.46,Health,UPI,Mobile,Pune,0,15,26.66,69,No,0,8,18,1,2.0802700675168793,1,0.18904109589041096,12.61520737327189
T104571,CUST2798,2023-04-20 03:06:00,89.89,Electronics,NetBanking,Desktop,Pune,1,8,366.91,1912,No,1,3,20,4,0.24499195988116976,0,5.238356164383561,1.282389108476065
T104572,CUST6689,2024-02-20 23:37:00,21.86,Electronics,Credit Card,Mobile,Delhi,0,54,413.55,810,No,0,23,20,2,0.05285938822391488,0,2.219178082191781,16.774468085106385
T104573,CUST8123,2023-05-10 08:19:00,113.52,Utilities,UPI,Mobile,Hyderabad,0,134,42.36,610,No,0,8,10,5,2.679886685552408,1,1.6712328767123288,50.16410256410256
T104574,CUST1205,2023-10-30 08:31:00,114.17,Utilities,Credit Card,POS,Bengaluru,0,29,40.31,181,No,0,8,30,10,2.8322996774993796,1,0.4958904109589041,19.386446886446887
T104575,CUST7336,2023-12-20 19:51:00,29.99,Electronics,PayPal,Desktop,Mumbai,0,115,149.88,216,No,0,19,20,12,0.20009340805978115,0,0.5917808219178082,72.2461273666093
T104576,CUST7397,2024-02-16 03:30:00,42.3,Entertainment,NetBanking,Desktop,Chennai,0,34,112.07,459,No,0,3,16,2,0.3774426697599714,0,1.2575342465753425,15.060679611650485
T104577,CUST6635,2023-03-31 00:14:00,18.83,Utilities,Debit Card,Desktop,Mumbai,0,7,294.76,1917,No,1,0,31,3,0.06388248066223368,0,5.252054794520548,1.1196319018404908
T104578,CUST9908,2023-02-02 16:00:00,300.27,Electronics,UPI,Desktop,Hyderabad,0,40,340.97,486,No,0,16,2,2,0.8806346599407572,0,1.3315068493150686,17.156286721504113
T104579,CUST3088,2024-02-20 18:41:00,82.99,Fashion,Debit Card,Desktop,Hyderabad,0,74,320.73,782,No,0,18,20,2,0.258753468649643,0,2.1424657534246574,23.548387096774196
T104580,CUST1496,2023-03-17 11:02:00,218.11,Grocery,Credit Card,POS,Bengaluru,0,141,185.1,1280,No,0,11,17,3,1.178336034575905,0,3.506849315068493,31.28571428571429
T104581,CUST7419,2023-04-05 07:06:00,28.92,Utilities,Debit Card,Desktop,Kolkata,0,62,254.21,1481,No,0,7,5,4,0.1137642106919476,0,4.057534246575343,12.258938244853738
T104582,CUST9750,2023-02-01 03:30:00,121.82,Utilities,Debit Card,Mobile,Bengaluru,0,86,323.6,233,Yes,1,3,1,2,0.37645241038318905,0,0.6383561643835617,52.49163879598662
T104583,CUST8356,2023-09-20 21:01:00,116.15,Health,PayPal,Mobile,Chennai,0,116,68.52,808,No,0,21,20,9,1.6951255107997667,0,2.213698630136986,36.095481670929246
T104584,CUST9856,2023-10-16 06:28:00,94.12,Electronics,PayPal,Desktop,Pune,0,65,122.46,147,No,0,6,16,10,0.7685774946921444,0,0.40273972602739727,46.337890625
T104585,CUST3817,2023-01-15 23:00:00,269.67,Electronics,NetBanking,POS,Kolkata,0,41,446.34,1882,No,0,23,15,1,0.604180669444818,0,5.156164383561644,6.6599910992434355
T104586,CUST5300,2024-02-17 16:59:00,40.01,Electronics,Credit Card,POS,Bengaluru,0,123,177.74,1857,No,0,16,17,2,0.2251040846179813,0,5.087671232876712,20.204770477047706
T104587,CUST2066,2023-04-07 06:19:00,11.21,Electronics,PayPal,Desktop,Pune,0,170,402.57,1447,No,0,6,7,4,0.02784608887895273,0,3.9643835616438357,34.243929359823404
T104588,CUST5885,2023-08-13 00:41:00,89.11,Utilities,PayPal,Mobile,Kolkata,0,116,132.98,251,No,0,0,13,8,0.6701007670326365,0,0.6876712328767123,68.73376623376623
T104589,CUST2634,2023-12-07 23:44:00,104.54,Food,NetBanking,Desktop,Pune,0,66,30.4,926,No,0,23,7,12,3.4388157894736846,1,2.536986301369863,18.65995352439969
T104590,CUST8076,2024-02-07 01:46:00,68.46,Food,UPI,Desktop,Chennai,0,116,255.2,92,No,0,1,7,2,0.2682601880877743,0,0.25205479452054796,92.64770240700219
T104591,CUST6398,2023-05-16 14:54:00,18.54,Travel,NetBanking,Desktop,Delhi,0,139,447.32,425,No,0,14,16,5,0.04144683895198068,0,1.1643835616438356,64.22151898734178
T104592,CUST6886,2023-05-12 22:24:00,56.17,Electronics,Debit Card,POS,Pune,0,101,411.45,34,No,0,22,12,5,0.1365171952849678,0,0.09315068493150686,92.39348370927318
T104593,CUST6991,2023-02-26 02:00:00,29.94,Travel,Debit Card,POS,Chennai,0,50,133.94,1387,No,1,2,26,2,0.22353292519038376,0,3.8,10.416666666666668
T104594,CUST6354,2023-04-24 14:32:00,44.61,Fashion,PayPal,Mobile,Bengaluru,0,71,455.87,1345,No,0,14,24,4,0.0978568451532235,0,3.684931506849315,15.154970760233917
T104595,CUST7483,2023-05-15 18:25:00,82.9,Travel,PayPal,Mobile,Mumbai,0,163,245.06,537,No,0,18,15,5,0.33828450175467234,0,1.4712328767123288,65.95898004434589
T104596,CUST5737,2023-09-27 22:05:00,109.39,Grocery,NetBanking,Desktop,Bengaluru,0,80,34.01,174,Yes,1,22,27,9,3.2164069391355485,1,0.4767123287671233,54.17439703153989
T104597,CUST4691,2023-04-10 12:30:00,21.14,Food,NetBanking,Mobile,Hyderabad,0,79,23.68,983,No,0,12,10,4,0.8927364864864865,0,2.6931506849315068,21.390949554896142
T104598,CUST4071,2023-09-10 02:09:00,41.58,Food,Credit Card,Desktop,Bengaluru,0,20,247.71,691,No,0,2,10,9,0.1678575753905777,0,1.893150684931507,6.912878787878788
T104599,CUST3107,2023-09-27 12:23:00,25.09,Electronics,Debit Card,Mobile,Delhi,0,156,277.7,1212,No,0,12,27,9,0.09034929780338495,0,3.3205479452054796,36.106531388712746
T104600,CUST3868,2023-07-29 06:59:00,17.71,Utilities,NetBanking,Desktop,Chennai,0,123,49.16,1975,No,0,6,29,7,0.3602522375915379,0,5.410958904109589,19.185897435897438
T104601,CUST2106,2023-08-14 07:13:00,122.37,Electronics,UPI,POS,Pune,0,37,461.9,810,No,0,7,14,8,0.26492747347910806,0,2.219178082191781,11.493617021276595
T104602,CUST2083,2023-06-17 19:13:00,191.97,Fashion,Credit Card,Desktop,Hyderabad,1,3,361.93,988,No,0,19,17,6,0.5304064321830188,0,2.706849315068493,0.8093126385809313
T104603,CUST7723,2023-06-30 06:31:00,36.99,Health,NetBanking,POS,Chennai,0,93,402.63,992,No,0,6,30,6,0.09187094851352359,0,2.717808219178082,25.014738393515106
T104604,CUST2580,2023-04-05 01:55:00,111.31,Fashion,PayPal,POS,Chennai,0,187,296.17,1884,No,0,1,5,4,0.375831448154776,0,5.161643835616438,30.349044019564253
T104605,CUST6942,2023-10-24 04:30:00,181.84,Grocery,NetBanking,Mobile,Pune,0,101,335.14,40,No,0,4,24,10,0.5425792206242168,0,0.1095890410958904,91.0246913580247
T104606,CUST9535,2023-10-23 00:06:00,149.73,Electronics,PayPal,Mobile,Kolkata,0,155,200.05,98,No,0,0,23,10,0.7484628842789302,0,0.2684931506849315,122.19222462203024
T104607,CUST8126,2024-01-29 12:21:00,16.15,Electronics,PayPal,POS,Bengaluru,0,32,342.86,1757,No,0,12,29,1,0.047103774135215534,0,4.813698630136987,5.504241281809613
T104608,CUST2343,2023-11-19 12:48:00,250.42,Fashion,Debit Card,Desktop,Mumbai,1,48,489.31,1667,No,0,12,19,11,0.5117818969569393,0,4.567123287671233,8.622047244094487
T104609,CUST4869,2023-10-30 19:09:00,37.82,Fashion,Debit Card,Desktop,Kolkata,0,46,327.38,993,No,0,19,30,10,0.11552324515853138,0,2.7205479452054795,12.363770250368189
T104610,CUST1190,2024-01-22 04:52:00,33.15,Fashion,NetBanking,Mobile,Hyderabad,0,114,177.4,1597,No,0,4,22,1,0.18686583990980832,0,4.375342465753425,21.20795107033639
T104611,CUST3870,2023-12-13 06:29:00,5.16,Food,NetBanking,Desktop,Pune,0,95,149.77,231,No,0,6,13,12,0.034452827669092606,0,0.6328767123287671,58.17953020134228
T104612,CUST9572,2023-04-21 23:38:00,53.27,Travel,UPI,Desktop,Delhi,0,47,482.04,295,Yes,0,23,21,4,0.11050950128620032,0,0.8082191780821918,25.992424242424242
T104613,CUST5699,2023-04-28 10:02:00,9.23,Travel,Credit Card,Desktop,Delhi,0,40,100.65,137,No,0,10,28,4,0.09170392449080973,0,0.37534246575342467,29.08366533864542
T104614,CUST2232,2023-04-23 22:28:00,22.86,Electronics,Credit Card,POS,Mumbai,0,131,405.04,1107,No,0,22,23,4,0.05643887023503851,0,3.032876712328767,32.48301630434783
T104615,CUST2922,2023-07-30 17:06:00,30.49,Food,NetBanking,POS,Mumbai,1,116,237.98,980,Yes,1,17,30,7,0.12812001008488108,0,2.684931506849315,31.479553903345725
T104616,CUST3222,2023-05-03 09:47:00,132.37,Fashion,Debit Card,Desktop,Bengaluru,0,157,227.44,1391,No,0,9,3,5,0.5819996482588815,0,3.8109589041095893,32.63382687927107
T104617,CUST3944,2024-01-23 12:59:00,166.67,Electronics,UPI,Mobile,Delhi,0,91,376.29,219,No,0,12,23,1,0.4429296553190358,0,0.6,56.875
T104618,CUST3657,2023-05-13 09:34:00,28.82,Food,Credit Card,Desktop,Hyderabad,0,58,82.54,268,No,0,9,13,5,0.34916404167676274,0,0.7342465753424657,33.443917851500785
T104619,CUST7974,2024-01-20 20:49:00,156.55,Grocery,NetBanking,Mobile,Pune,0,178,238.49,980,No,0,20,20,1,0.6564216528994926,0,2.684931506849315,48.30483271375465
T104620,CUST6642,2023-07-27 22:04:00,155.72,Health,Debit Card,POS,Mumbai,0,10,27.56,372,No,0,22,27,7,5.650217706821481,1,1.0191780821917809,4.952510176390774
T104621,CUST6830,2023-09-30 12:57:00,115.73,Food,Debit Card,Desktop,Mumbai,0,61,338.5,1903,No,0,12,30,9,0.341890694239291,0,5.213698630136986,9.817019400352734
T104622,CUST1770,2024-02-11 22:45:00,12.69,Entertainment,Debit Card,Desktop,Mumbai,0,111,38.6,320,No,0,22,11,2,0.3287564766839378,0,0.8767123287671232,59.14598540145985
T104623,CUST7826,2023-02-19 19:51:00,93.78,Electronics,PayPal,Mobile,Pune,0,121,52.77,1376,No,0,19,19,2,1.7771461057418987,0,3.76986301369863,25.367604824813323
T104624,CUST5558,2023-10-09 21:19:00,232.07,Utilities,Debit Card,Mobile,Hyderabad,0,61,423.96,350,No,0,21,9,10,0.5473865459005567,0,0.958904109589041,31.139860139860144
T104625,CUST4829,2024-01-07 11:42:00,91.79,Travel,NetBanking,Desktop,Delhi,0,151,227.05,1838,No,0,11,7,1,0.40427218674300813,0,5.035616438356165,25.01815705855651
T104626,CUST8937,2023-09-21 03:30:00,32.23,Entertainment,UPI,Desktop,Kolkata,0,6,108.48,71,No,0,3,21,9,0.2971054572271386,0,0.19452054794520549,5.022935779816514
T104627,CUST3450,2023-01-11 13:15:00,55.54,Fashion,NetBanking,Mobile,Hyderabad,0,75,300.37,984,No,0,13,11,1,0.18490528348370341,0,2.695890410958904,20.292809488510006
T104628,CUST6303,2023-08-13 12:35:00,83.01,Health,Debit Card,POS,Pune,1,188,264.45,1251,No,0,12,13,8,0.3138967668746455,0,3.4273972602739726,42.46287128712871
T104629,CUST9254,2023-03-26 07:03:00,57.16,Utilities,UPI,Mobile,Hyderabad,1,115,211.35,918,No,0,7,26,3,0.2704518571090608,0,2.515068493150685,32.71628994544037
T104630,CUST1962,2023-02-13 20:00:00,10.22,Grocery,Credit Card,Desktop,Bengaluru,0,155,453.65,662,No,0,20,13,2,0.022528380910393477,0,1.8136986301369864,55.087633885102235
T104631,CUST4617,2023-09-26 12:46:00,29.92,Utilities,Credit Card,POS,Kolkata,0,183,377.23,1960,No,0,12,26,9,0.07931500675980171,0,5.36986301369863,28.729032258064514
T104632,CUST5843,2023-03-02 03:54:00,129.72,Health,NetBanking,POS,Pune,0,31,84.28,875,No,1,3,2,3,1.539155196962506,0,2.3972602739726026,9.125
T104633,CUST5319,2023-10-11 14:47:00,158.1,Utilities,UPI,POS,Kolkata,0,123,289.68,313,No,0,14,11,10,0.5457746478873239,0,0.8575342465753425,66.21681415929203
T104634,CUST9102,2023-05-06 10:04:00,11.82,Health,NetBanking,POS,Kolkata,0,158,53.48,836,No,0,10,6,5,0.2210172026925954,0,2.2904109589041095,48.018318068276436
T104635,CUST9712,2023-07-29 08:01:00,243.57,Food,UPI,Desktop,Mumbai,0,67,129.88,211,No,0,8,29,7,1.8753464736680012,0,0.5780821917808219,42.45659722222222
T104636,CUST6699,2023-05-19 00:18:00,31.9,Electronics,UPI,POS,Delhi,0,13,455.83,1665,No,0,0,19,5,0.06998223021740561,0,4.561643835616438,2.3374384236453203
T104637,CUST8026,2023-07-03 02:33:00,86.85,Utilities,NetBanking,Mobile,Kolkata,0,59,236.42,1064,No,0,2,3,7,0.36735470772354284,0,2.915068493150685,15.06997900629811
T104638,CUST2443,2023-04-28 18:45:00,111.49,Utilities,UPI,Mobile,Bengaluru,0,54,447.13,1936,No,0,18,28,4,0.24934582783530515,0,5.304109589041096,8.565840938722294
T104639,CUST3896,2023-03-04 01:11:00,133.68,Electronics,Debit Card,Mobile,Bengaluru,0,104,91.34,774,No,0,1,4,3,1.4635428070943728,0,2.1205479452054794,33.327480245829676
T104640,CUST4025,2023-03-25 10:18:00,233.13,Health,UPI,Desktop,Pune,0,21,110.62,471,Yes,1,10,25,3,2.1074850840715964,1,1.2904109589041095,9.16866028708134
T104641,CUST1398,2023-03-30 11:09:00,30.02,Fashion,UPI,POS,Chennai,0,43,182.88,658,No,0,11,30,3,0.16415135608048995,0,1.8027397260273972,15.342130987292277
T104642,CUST5964,2024-01-10 06:57:00,156.44,Electronics,NetBanking,Mobile,Mumbai,0,11,189.5,1477,Yes,1,6,10,1,0.8255408970976253,0,4.046575342465753,2.1796959826275786
T104643,CUST5814,2023-11-15 13:51:00,11.3,Health,Credit Card,Mobile,Delhi,0,109,375.19,1553,No,0,13,15,11,0.030118073509421896,0,4.254794520547946,20.7429614181439
T104644,CUST9076,2023-05-30 15:33:00,97.67,Electronics,PayPal,Mobile,Delhi,0,67,303.71,417,No,0,15,30,5,0.32158967436040964,0,1.1424657534246576,31.272378516624045
T104645,CUST4131,2023-05-24 12:12:00,108.38,Fashion,UPI,POS,Delhi,0,166,281.09,605,No,0,12,24,5,0.3855704578604717,0,1.6575342465753424,62.4639175257732
T104646,CUST2523,2023-02-09 00:32:00,90.59,Grocery,PayPal,Mobile,Pune,0,95,305.16,1741,No,0,0,9,2,0.29686066325861843,0,4.76986301369863,16.464862298195634
T104647,CUST8385,2023-07-24 03:12:00,23.26,Entertainment,UPI,POS,Mumbai,0,152,368.77,483,No,0,3,24,7,0.0630745451094178,0,1.3232876712328767,65.42452830188678
T104648,CUST3590,2023-06-25 14:30:00,165.11,Health,NetBanking,POS,Kolkata,0,106,447.48,1648,No,0,14,25,6,0.36897738446411016,0,4.515068493150685,19.2200695479384
T104649,CUST1547,2023-12-17 19:34:00,14.8,Travel,NetBanking,POS,Kolkata,0,51,213.22,956,No,0,19,17,12,0.0694118750586249,0,2.6191780821917807,14.091597274791825
T104650,CUST3548,2024-01-03 00:33:00,4.41,Travel,UPI,Desktop,Pune,0,189,403.43,1055,No,0,0,3,1,0.01093126440770394,0,2.8904109589041096,48.58098591549296
T104651,CUST9393,2023-09-23 14:45:00,101.12,Health,NetBanking,Desktop,Delhi,0,46,252.6,840,No,0,14,23,9,0.4003167062549486,0,2.3013698630136985,13.933609958506224
T104652,CUST8039,2023-08-23 20:36:00,51.62,Food,NetBanking,POS,Kolkata,1,43,363.82,1782,No,0,20,23,8,0.14188334890880105,0,4.882191780821918,7.310200279459711
T104653,CUST1352,2023-10-09 02:31:00,151.29,Grocery,UPI,POS,Hyderabad,0,27,438.66,1295,No,1,2,9,10,0.3448912597455888,0,3.547945205479452,5.936746987951807
T104654,CUST8173,2023-03-22 20:33:00,38.68,Food,Credit Card,Desktop,Hyderabad,0,85,25.79,838,No,0,20,22,3,1.4998061264055835,0,2.2958904109589042,25.78969243557772
T104655,CUST2155,2023-05-10 09:13:00,14.74,Entertainment,UPI,Desktop,Mumbai,0,158,277.85,1113,No,0,9,10,5,0.05305020694619399,0,3.0493150684931507,39.01894451962111
T104656,CUST6214,2023-02-04 14:41:00,144.85,Travel,Credit Card,POS,Delhi,1,94,494.8,397,No,0,14,4,2,0.2927445432497979,0,1.0876712328767124,45.026246719160106
T104657,CUST3556,2023-02-11 09:27:00,63.69,Fashion,NetBanking,Desktop,Pune,0,127,253.15,1768,No,0,9,11,2,0.2515899664230693,0,4.843835616438356,21.732301922175342
T104658,CUST5929,2023-03-21 23:14:00,16.78,Health,Credit Card,Mobile,Chennai,0,191,433.51,971,No,0,23,21,3,0.03870729625614173,0,2.66027397260274,52.18188622754491
T104659,CUST4742,2023-08-09 20:22:00,101.95,Entertainment,NetBanking,POS,Chennai,0,10,101.09,69,No,0,20,9,8,1.0085072707488376,0,0.18904109589041096,8.410138248847927
T104660,CUST2575,2023-08-21 17:27:00,57.25,Utilities,Credit Card,POS,Chennai,0,131,306.1,1368,No,0,17,21,8,0.18703038222803003,0,3.747945205479452,27.590882862088865
T104661,CUST1622,2024-01-23 02:25:00,74.17,Utilities,Credit Card,Desktop,Hyderabad,0,60,436.45,586,No,1,2,23,1,0.1699392828502692,0,1.6054794520547946,23.02839116719243
T104662,CUST3647,2023-10-23 11:06:00,49.43,Electronics,UPI,Mobile,Pune,0,27,221.45,1351,No,0,11,23,10,0.22321065703319035,0,3.7013698630136984,5.743006993006993
T104663,CUST8658,2023-09-23 03:32:00,141.15,Travel,Credit Card,Desktop,Chennai,0,123,248.49,1684,No,0,3,23,9,0.568030906676325,0,4.6136986301369864,21.910688140556367
T104664,CUST9413,2023-09-06 18:52:00,141.55,Grocery,NetBanking,Mobile,Delhi,0,173,50.19,946,No,0,18,6,9,2.8202829248854355,1,2.591780821917808,48.16552250190694
T104665,CUST8128,2023-03-06 20:15:00,98.86,Travel,UPI,Mobile,Delhi,0,62,30.66,1050,No,0,20,6,3,3.224396607958252,1,2.8767123287671232,15.992932862190813
T104666,CUST8610,2023-09-20 02:53:00,8.91,Grocery,Credit Card,POS,Chennai,0,152,239.67,672,Yes,1,2,20,9,0.03717611716109651,0,1.841095890410959,53.50048216007715
T104667,CUST3729,2023-12-20 13:17:00,146.04,Grocery,UPI,Mobile,Bengaluru,0,46,423.3,479,No,0,13,20,12,0.34500354358610913,0,1.3123287671232877,19.893364928909953
T104668,CUST2797,2023-08-11 16:00:00,88.94,Health,PayPal,POS,Chennai,0,126,466.35,424,No,0,16,11,8,0.19071512812265465,0,1.1616438356164382,58.28897338403043
T104669,CUST2934,2023-08-28 05:54:00,95.53,Grocery,UPI,Mobile,Bengaluru,0,172,332.74,821,No,0,5,28,8,0.28710103985093466,0,2.249315068493151,52.93423271500843
T104670,CUST2832,2023-06-02 19:55:00,36.08,Food,PayPal,POS,Mumbai,0,63,414.94,1615,No,0,19,2,6,0.08695233045741553,0,4.424657534246576,11.613636363636363
T104671,CUST4463,2023-12-25 01:10:00,169.14,Utilities,PayPal,Mobile,Mumbai,0,4,370.08,117,No,1,1,25,12,0.4570363164721141,0,0.32054794520547947,3.029045643153527
T104672,CUST3777,2023-04-13 21:56:00,103.39,Entertainment,UPI,Desktop,Delhi,0,16,353.73,562,No,0,21,13,4,0.292285076188053,0,1.5397260273972602,6.299892125134844
T104673,CUST3860,2023-09-17 13:15:00,9.56,Fashion,NetBanking,Mobile,Pune,0,179,386.83,1974,No,0,13,17,9,0.02471369852389939,0,5.4082191780821915,27.932877297990597
T104674,CUST2315,2024-01-05 02:22:00,41.91,Travel,NetBanking,Desktop,Hyderabad,0,74,257.6,1441,No,0,2,5,1,0.16269409937888196,0,3.947945205479452,14.955703211517166
T104675,CUST7256,2023-10-09 23:25:00,173.99,Fashion,NetBanking,Mobile,Pune,0,112,234.39,773,No,0,23,9,10,0.7423098255045011,0,2.117808219178082,35.92267135325132
T104676,CUST3462,2023-04-20 05:34:00,3.87,Entertainment,Debit Card,Mobile,Delhi,0,101,87.98,410,No,1,5,20,4,0.04398726983405319,0,1.1232876712328768,47.56774193548387
T104677,CUST5436,2023-01-19 04:25:00,260.39,Electronics,PayPal,POS,Delhi,1,176,423.47,1608,No,0,4,19,1,0.6148959784636455,0,4.405479452054794,32.55955397871262
T104678,CUST2881,2023-09-28 21:24:00,90.95,Entertainment,UPI,Mobile,Pune,0,193,31.86,460,No,0,21,28,9,2.854676710608914,1,1.2602739726027397,85.3878787878788
T104679,CUST2005,2023-09-11 17:18:00,79.84,Travel,NetBanking,Mobile,Hyderabad,0,197,141.05,1588,No,0,17,11,9,0.5660404112017015,0,4.35068493150685,36.81771633384536
T104680,CUST4433,2024-02-06 20:31:00,25.24,Utilities,NetBanking,Mobile,Delhi,0,45,264.76,1269,No,0,20,6,2,0.0953316210907992,0,3.4767123287671233,10.05201958384333
T104681,CUST8208,2023-05-18 06:57:00,22.89,Fashion,UPI,Desktop,Kolkata,0,131,486.08,306,No,0,6,18,5,0.04709101382488479,0,0.8383561643835616,71.25931445603577
T104682,CUST4344,2023-10-24 13:22:00,227.87,Fashion,PayPal,POS,Kolkata,1,17,395.13,223,No,0,13,24,10,0.5766962771746008,0,0.6109589041095891,10.552721088435375
T104683,CUST7478,2023-11-28 16:56:00,28.34,Health,UPI,POS,Hyderabad,0,165,190.65,1780,No,0,16,28,11,0.14864935746131655,0,4.876712328767123,28.076923076923077
T104684,CUST4108,2024-02-08 01:27:00,119.51,Health,Debit Card,Mobile,Delhi,0,5,359.83,208,No,0,1,8,2,0.3321290609454465,0,0.5698630136986301,3.18499127399651
T104685,CUST6105,2023-04-23 11:14:00,39.95,Entertainment,Debit Card,Mobile,Kolkata,0,175,466.37,1196,No,0,11,23,4,0.08566159915946567,0,3.276712328767123,40.91928251121076
T104686,CUST4925,2023-08-02 07:04:00,12.0,Entertainment,UPI,Desktop,Mumbai,0,44,274.05,1879,No,0,7,2,8,0.043787629994526546,0,5.147945205479452,7.1568627450980395
T104687,CUST1131,2023-06-23 00:29:00,0.86,Electronics,PayPal,Mobile,Bengaluru,0,161,236.35,1591,No,0,0,23,6,0.003638671461815105,0,4.358904109589041,30.04345603271984
T104688,CUST8183,2024-01-09 21:23:00,62.87,Grocery,NetBanking,POS,Delhi,0,21,280.97,247,No,0,21,9,1,0.22376054383030214,0,0.6767123287671233,12.52450980392157
T104689,CUST1969,2023-10-21 19:41:00,297.64,Travel,Debit Card,POS,Bengaluru,0,195,162.65,1564,No,0,19,21,10,1.8299415923762679,0,4.284931506849315,36.89735614307932
T104690,CUST8944,2023-03-27 10:14:00,36.85,Health,Debit Card,Desktop,Chennai,0,68,454.6,1017,No,0,10,27,3,0.08106027276726793,0,2.786301369863014,17.95947901591896
T104691,CUST7741,2023-11-26 03:52:00,35.35,Travel,PayPal,Desktop,Kolkata,0,32,400.67,1112,Yes,0,3,26,11,0.08822721940749245,0,3.0465753424657533,7.9079214624238325
T104692,CUST2246,2023-02-25 23:25:00,33.74,Electronics,Debit Card,POS,Delhi,1,24,355.69,1399,No,1,23,25,2,0.0948578818634204,0,3.8328767123287673,4.965986394557823
T104693,CUST9928,2023-03-12 16:12:00,58.81,Health,Debit Card,Desktop,Mumbai,0,163,298.66,586,No,0,16,12,3,0.19691287751958747,0,1.6054794520547946,62.56046267087277
T104694,CUST4957,2023-08-17 01:25:00,46.48,Health,PayPal,Mobile,Hyderabad,0,146,485.04,1472,No,1,1,17,8,0.0958271482764308,0,4.032876712328767,29.009254218835057
T104695,CUST8487,2024-02-14 21:52:00,169.56,Grocery,UPI,Mobile,Mumbai,0,67,155.88,1277,No,0,21,14,2,1.0877598152424943,0,3.4986301369863013,14.893422655298416
T104696,CUST9042,2023-05-03 13:33:00,56.34,Travel,NetBanking,Desktop,Bengaluru,0,103,148.74,1403,Yes,1,13,3,5,0.37878176684146836,0,3.8438356164383563,21.26414027149321
T104697,CUST8521,2023-11-08 03:19:00,56.7,Utilities,NetBanking,POS,Hyderabad,0,54,128.65,797,Yes,0,3,8,11,0.4407306645938593,0,2.1835616438356165,16.962134251290877
T104698,CUST7879,2023-08-19 02:45:00,11.91,Travel,Debit Card,Desktop,Mumbai,0,154,373.47,1675,No,1,2,19,8,0.03189011165555466,0,4.589041095890411,27.55392156862745
T104699,CUST7589,2023-03-09 10:33:00,324.75,Travel,NetBanking,POS,Mumbai,0,188,400.67,1885,No,0,10,9,3,0.8105173833828337,0,5.164383561643835,30.497777777777777
T104700,CUST8700,2023-07-30 18:11:00,23.01,Grocery,UPI,Desktop,Mumbai,0,125,302.59,1905,No,0,18,30,7,0.07604349119270301,0,5.219178082191781,20.099118942731277
T104701,CUST9906,2023-12-20 19:27:00,6.1,Health,Debit Card,Desktop,Pune,0,117,329.47,1815,No,0,19,20,12,0.01851458402889489,0,4.972602739726027,19.589449541284402
T104702,CUST2796,2023-11-09 12:38:00,87.05,Electronics,NetBanking,Desktop,Hyderabad,0,65,180.99,106,No,0,12,9,11,0.4809657992154262,0,0.29041095890410956,50.37154989384289
T104703,CUST5967,2023-04-07 22:41:00,72.38,Travel,Credit Card,Mobile,Mumbai,0,179,29.48,1848,No,0,22,7,4,2.4552238805970146,1,5.063013698630137,29.52327157704474
T104704,CUST4974,2023-10-21 16:23:00,42.91,Fashion,Credit Card,Mobile,Kolkata,0,114,134.28,628,No,0,16,21,10,0.3195561513255883,0,1.7205479452054795,41.903323262839876
T104705,CUST6671,2023-10-07 18:25:00,43.88,Utilities,Credit Card,POS,Kolkata,0,188,296.31,1815,No,0,18,7,10,0.14808815092301983,0,4.972602739726027,31.477064220183486
T104706,CUST6051,2023-02-06 09:04:00,122.99,Utilities,Credit Card,Desktop,Mumbai,0,187,408.34,1261,No,0,9,6,2,0.30119508252926486,0,3.4547945205479453,41.97724477244772
T104707,CUST5665,2023-04-02 02:32:00,17.42,Grocery,Credit Card,Mobile,Bengaluru,0,76,390.83,1212,No,0,2,2,4,0.044571808714786484,0,3.3205479452054796,17.59036144578313
T104708,CUST6339,2023-01-22 23:32:00,137.3,Food,Debit Card,Desktop,Mumbai,1,17,97.95,553,No,0,23,22,1,1.4017355793772333,0,1.515068493150685,6.759259259259259
T104709,CUST9600,2023-03-05 18:05:00,83.7,Electronics,PayPal,POS,Kolkata,0,149,35.21,1278,No,0,18,5,3,2.3771655779608065,1,3.5013698630136987,33.10103469263542
T104710,CUST1602,2023-09-29 23:13:00,43.44,Fashion,PayPal,Mobile,Mumbai,1,195,426.77,1411,No,0,23,29,9,0.10178784825550062,0,3.8657534246575342,40.076013513513516
T104711,CUST3597,2023-07-05 21:05:00,49.0,Travel,Debit Card,POS,Chennai,0,108,47.04,842,No,0,21,5,7,1.0416666666666667,0,2.3068493150684932,32.65948632974317
T104712,CUST3463,2023-09-05 03:47:00,23.73,Food,Debit Card,Mobile,Hyderabad,0,28,202.72,413,No,1,3,5,9,0.11705801104972376,0,1.1315068493150684,13.136246786632391
T104713,CUST2415,2023-09-06 03:13:00,111.58,Electronics,UPI,Desktop,Chennai,0,44,56.17,1597,No,0,3,6,9,1.9864696457183548,0,4.375342465753425,8.1855249745158
T104714,CUST5105,2023-06-22 08:00:00,57.54,Grocery,PayPal,POS,Pune,0,198,286.38,1619,No,0,8,22,6,0.20092185208464278,0,4.435616438356164,36.426411290322584
T104715,CUST5181,2023-05-07 19:33:00,30.95,Food,Credit Card,Mobile,Bengaluru,1,190,188.03,533,No,0,19,7,5,0.16460139339467106,0,1.4602739726027398,77.2271714922049
T104716,CUST2482,2023-04-06 03:22:00,72.52,Health,Debit Card,Mobile,Chennai,0,170,109.22,1503,No,1,3,6,4,0.6639809558688885,0,4.117808219178082,33.21734475374733
T104717,CUST6651,2023-09-07 01:16:00,436.57,Entertainment,Credit Card,Desktop,Pune,0,94,301.63,271,No,0,1,7,9,1.447369293505288,0,0.7424657534246575,53.94654088050314
T104718,CUST6791,2023-07-08 06:12:00,45.71,Food,PayPal,POS,Delhi,0,22,188.06,398,No,0,6,8,7,0.24306072530043604,0,1.0904109589041096,10.52424639580603
T104719,CUST5364,2023-09-01 17:41:00,202.75,Entertainment,NetBanking,POS,Hyderabad,0,38,91.73,1680,No,0,17,1,9,2.2102910716232422,1,4.602739726027397,6.78239608801956
T104720,CUST1362,2024-02-07 22:26:00,33.85,Utilities,NetBanking,POS,Mumbai,0,14,353.04,1524,No,0,22,7,2,0.09588148651710854,0,4.175342465753425,2.7051349920592904
T104721,CUST6998,2023-07-22 15:47:00,4.5,Fashion,Debit Card,Desktop,Chennai,0,111,420.04,317,No,0,15,22,7,0.010713265403294923,0,0.8684931506849315,59.40615835777126
T104722,CUST9091,2023-10-06 17:20:00,18.28,Electronics,UPI,Mobile,Chennai,0,122,144.13,428,No,0,17,6,10,0.12682994518837162,0,1.1726027397260275,56.15384615384615
T104723,CUST1836,2024-01-24 04:30:00,43.4,Fashion,Credit Card,Mobile,Mumbai,0,154,101.35,133,No,1,4,24,1,0.4282190429205723,0,0.3643835616438356,112.8714859437751
T104724,CUST2107,2023-05-04 06:51:00,19.84,Fashion,Debit Card,POS,Mumbai,0,168,46.87,1364,Yes,0,6,4,5,0.42329848517175167,0,3.736986301369863,35.46558704453441
T104725,CUST2206,2023-08-15 23:11:00,0.02,Travel,UPI,Mobile,Bengaluru,0,54,268.67,1862,No,0,23,15,8,7.44407637622362e-05,0,5.101369863013699,8.850471486304444
T104726,CUST3251,2023-07-26 00:25:00,197.21,Grocery,Credit Card,POS,Chennai,0,141,417.33,156,No,1,0,26,7,0.472551697697266,0,0.4273972602739726,98.78119001919386
T104727,CUST4462,2024-01-24 13:23:00,148.57,Food,PayPal,Desktop,Chennai,0,127,132.89,69,No,0,13,24,1,1.1179923244788923,0,0.18904109589041096,106.80875576036867
T104728,CUST4562,2023-11-19 03:49:00,108.47,Electronics,NetBanking,Desktop,Kolkata,0,19,235.71,1125,No,0,3,19,11,0.4601841245598405,0,3.0821917808219177,4.654362416107383
T104729,CUST7958,2024-01-31 14:54:00,14.7,Utilities,UPI,Desktop,Delhi,0,42,88.79,1800,No,0,14,31,1,0.16555918459285954,0,4.931506849315069,7.080831408775981
T104730,CUST4970,2023-09-10 00:37:00,10.26,Health,Credit Card,POS,Kolkata,0,41,208.06,911,No,0,0,10,9,0.04931269826011727,0,2.495890410958904,11.728056426332289
T104731,CUST1261,2023-05-22 13:27:00,5.6,Grocery,Debit Card,Mobile,Pune,1,50,17.57,974,No,0,13,22,5,0.3187250996015936,0,2.6684931506849314,13.62957430918596
T104732,CUST1333,2023-11-24 15:03:00,103.0,Grocery,Credit Card,Desktop,Delhi,0,131,456.26,276,No,0,15,24,11,0.22574847674571516,0,0.7561643835616438,74.59438377535102
T104733,CUST8166,2023-08-27 13:27:00,211.39,Electronics,Debit Card,POS,Kolkata,0,159,341.52,1859,No,0,13,27,8,0.618968142422113,0,5.093150684931507,26.094874100719426
T104734,CUST6625,2023-01-01 11:41:00,45.04,Grocery,NetBanking,POS,Chennai,0,76,173.08,1300,No,0,11,1,1,0.26022648486249134,0,3.5616438356164384,16.66066066066066
T104735,CUST5995,2023-05-03 00:19:00,10.15,Travel,NetBanking,Desktop,Delhi,0,143,441.79,341,No,1,0,3,5,0.022974716494261978,0,0.9342465753424658,73.93059490084985
T104736,CUST2810,2024-02-14 19:10:00,57.46,Grocery,Credit Card,Desktop,Chennai,0,182,99.64,63,No,0,19,14,2,0.5766760337213971,0,0.1726027397260274,155.21028037383178
T104737,CUST8888,2023-06-02 03:45:00,34.32,Utilities,Credit Card,Desktop,Hyderabad,0,181,48.58,158,No,0,3,2,6,0.7064635652531907,0,0.4328767123287671,126.31931166347992
T104738,CUST2562,2023-04-04 06:52:00,37.58,Utilities,Debit Card,Mobile,Bengaluru,0,173,471.88,39,No,0,6,4,4,0.07963889124353649,0,0.10684931506849316,156.29950495049508
T104739,CUST7448,2023-09-02 18:59:00,77.69,Travel,Debit Card,Mobile,Delhi,0,166,161.42,1221,No,0,18,2,9,0.4812910420022302,0,3.345205479452055,38.20302648171501
T104740,CUST5386,2023-12-01 21:32:00,101.47,Food,UPI,POS,Chennai,0,99,468.63,1837,Yes,0,21,1,12,0.21652476367283358,0,5.032876712328767,16.41008174386921
T104741,CUST7395,2023-12-29 01:48:00,9.38,Food,UPI,Desktop,Delhi,0,50,322.43,1269,No,0,1,29,12,0.029091585770554852,0,3.4767123287671233,11.168910648714812
T104742,CUST7712,2023-09-04 08:35:00,2.9,Fashion,UPI,Desktop,Pune,1,152,490.22,971,No,1,8,4,9,0.005915711313287911,0,2.66027397260274,41.52694610778443
T104743,CUST3865,2023-04-16 21:54:00,413.81,Utilities,Credit Card,Mobile,Bengaluru,0,145,379.18,1461,No,0,21,16,4,1.0913286565747138,0,4.002739726027397,28.984118291347208
T104744,CUST4460,2023-06-19 12:26:00,21.19,Travel,UPI,Desktop,Hyderabad,0,146,61.69,1805,No,0,12,19,6,0.34349165180742425,0,4.945205479452055,24.557603686635947
T104745,CUST4646,2023-08-23 11:48:00,4.43,Health,Credit Card,POS,Mumbai,0,42,427.59,1579,No,0,11,23,8,0.010360391964264833,0,4.326027397260274,7.885802469135802
T104746,CUST1904,2023-03-19 09:32:00,16.85,Food,NetBanking,Desktop,Mumbai,0,145,82.46,1655,No,0,9,19,3,0.20434149890856176,0,4.534246575342466,26.20049504950495
T104747,CUST5971,2024-02-09 01:08:00,3.18,Grocery,PayPal,Mobile,Delhi,0,16,349.18,964,No,0,1,9,2,0.00910705080474254,0,2.6410958904109587,4.394281414597442
T104748,CUST7155,2023-07-16 16:21:00,39.78,Electronics,NetBanking,POS,Chennai,0,85,255.2,1071,No,0,16,16,7,0.15587774294670848,0,2.9342465753424656,21.60515320334262
T104749,CUST4904,2023-07-24 10:21:00,129.72,Electronics,Credit Card,POS,Pune,0,52,356.79,369,No,0,10,24,7,0.36357521230976203,0,1.010958904109589,25.858310626703
T104750,CUST6303,2023-01-23 02:47:00,33.39,Entertainment,Credit Card,Desktop,Bengaluru,0,36,384.84,710,No,0,2,23,1,0.08676333021515435,0,1.9452054794520548,12.22325581395349
T104751,CUST1863,2023-05-02 10:23:00,46.99,Utilities,PayPal,POS,Hyderabad,1,107,403.8,1621,Yes,0,10,2,5,0.11636948984645865,0,4.441095890410959,19.66515609264854
T104752,CUST1452,2023-02-05 10:55:00,90.06,Travel,Debit Card,Desktop,Hyderabad,0,167,419.14,1729,No,0,10,5,2,0.21486854034451497,0,4.736986301369863,29.109360076408787
T104753,CUST5365,2023-05-14 05:54:00,56.89,Health,Debit Card,Desktop,Kolkata,1,81,425.14,1717,No,0,5,14,5,0.13381474337865173,0,4.704109589041096,14.20028818443804
T104754,CUST9394,2023-12-26 01:29:00,158.12,Fashion,Debit Card,Mobile,Hyderabad,0,153,212.16,1143,No,0,1,26,12,0.7452865761689291,0,3.1315068493150684,37.03249336870027
T104755,CUST6457,2023-02-02 11:19:00,160.81,Grocery,UPI,POS,Mumbai,0,115,445.72,1338,No,0,11,2,2,0.36078704119177957,0,3.665753424657534,24.647680563711095
T104756,CUST2132,2023-12-01 16:07:00,0.8,Travel,Debit Card,Desktop,Bengaluru,0,42,362.59,563,No,0,16,1,12,0.0022063487685815937,0,1.5424657534246575,16.519396551724135
T104757,CUST7254,2024-02-18 08:18:00,120.42,Entertainment,UPI,Desktop,Kolkata,0,149,421.1,1320,No,0,8,18,2,0.2859653289004987,0,3.6164383561643834,32.275964391691396
T104758,CUST7126,2023-07-15 16:11:00,49.4,Electronics,UPI,Desktop,Mumbai,1,68,494.7,838,No,0,16,15,7,0.09985850010107136,0,2.2958904109589042,20.631753948462176
T104759,CUST6343,2023-02-03 14:36:00,359.64,Travel,Debit Card,POS,Delhi,0,187,67.04,462,No,0,14,3,2,5.364558472553699,1,1.2657534246575342,82.53325272067715
T104760,CUST1956,2023-05-13 13:58:00,52.81,Grocery,Debit Card,POS,Hyderabad,0,124,191.58,787,No,0,13,13,5,0.27565507881824824,0,2.1561643835616437,39.28819444444444
T104761,CUST3978,2023-08-19 03:46:00,346.79,Health,PayPal,POS,Bengaluru,1,30,405.21,680,No,0,3,19,8,0.8558278423533477,0,1.8630136986301369,10.478468899521532
T104762,CUST4392,2023-08-13 23:45:00,112.38,Utilities,PayPal,Desktop,Hyderabad,0,185,52.29,1105,No,0,23,13,8,2.14916810097533,1,3.0273972602739727,45.935374149659864
T104763,CUST4107,2023-03-31 20:40:00,22.87,Health,UPI,POS,Mumbai,0,33,274.98,1120,No,0,20,31,3,0.08316968506800494,0,3.0684931506849313,8.11111111111111
T104764,CUST7550,2023-03-22 08:44:00,61.84,Food,PayPal,Desktop,Mumbai,0,103,430.61,626,No,0,8,22,3,0.14361022735189616,0,1.715068493150685,37.936427850655896
T104765,CUST1364,2023-04-25 04:15:00,387.63,Grocery,UPI,POS,Mumbai,0,53,19.31,279,No,1,4,25,4,20.074054893837392,1,0.7643835616438356,30.0388198757764
T104766,CUST4954,2023-10-03 17:29:00,155.89,Entertainment,Credit Card,POS,Hyderabad,0,144,470.36,1384,No,0,17,3,10,0.33142699209116416,0,3.791780821917808,30.05145797598628
T104767,CUST1537,2023-06-10 17:44:00,8.2,Food,UPI,Desktop,Bengaluru,0,177,489.29,933,No,0,17,10,6,0.016758977293629542,0,2.5561643835616437,49.77272727272727
T104768,CUST5441,2023-07-11 01:05:00,98.04,Food,UPI,POS,Bengaluru,0,133,167.92,444,No,0,1,11,7,0.5838494521200572,0,1.2164383561643837,60.0061804697157
T104769,CUST2491,2023-05-24 03:21:00,33.92,Food,PayPal,Desktop,Delhi,0,106,385.73,1176,No,0,3,24,5,0.08793715811578047,0,3.221917808219178,25.107073329007136
T104770,CUST5277,2023-04-21 06:03:00,0.56,Travel,Credit Card,POS,Hyderabad,0,77,72.32,1255,No,0,6,21,4,0.007743362831858409,0,3.4383561643835616,17.348765432098766
T104771,CUST9812,2023-05-25 14:22:00,41.33,Entertainment,NetBanking,POS,Delhi,0,94,388.7,35,No,0,14,25,5,0.1063287882685876,0,0.0958904109589041,85.775
T104772,CUST3969,2023-09-06 05:15:00,21.4,Electronics,NetBanking,POS,Pune,0,60,245.95,878,No,0,5,6,9,0.08700955478755845,0,2.4054794520547946,17.61866452131939
T104773,CUST8917,2023-06-06 12:59:00,136.68,Health,NetBanking,POS,Delhi,0,199,431.53,1539,No,0,12,6,6,0.3167334831877274,0,4.2164383561643834,38.14863445378151
T104774,CUST1325,2023-09-14 19:24:00,32.92,Utilities,Credit Card,Mobile,Delhi,0,111,114.18,1252,No,0,19,14,9,0.2883166929409704,0,3.43013698630137,25.055658627087194
T104775,CUST3018,2023-01-12 08:33:00,140.6,Travel,Debit Card,Desktop,Delhi,0,55,339.6,1789,No,0,8,12,1,0.4140164899882214,0,4.901369863013699,9.31987000928505
T104776,CUST2572,2023-08-18 06:49:00,0.05,Electronics,Credit Card,Mobile,Mumbai,0,91,395.2,42,No,0,6,18,8,0.00012651821862348178,0,0.11506849315068493,81.60933660933661
T104777,CUST5359,2023-06-09 23:18:00,29.43,Health,PayPal,POS,Pune,0,163,109.22,35,No,0,23,9,6,0.26945614356344993,0,0.0958904109589041,148.7375
T104778,CUST9381,2023-12-28 00:55:00,22.08,Utilities,UPI,POS,Kolkata,0,197,410.96,1464,No,0,0,28,12,0.053727856725715395,0,4.010958904109589,39.313832695462
T104779,CUST4789,2023-02-18 05:56:00,21.28,Entertainment,UPI,Desktop,Delhi,0,42,479.41,1174,Yes,0,5,18,2,0.044387893452368536,0,3.2164383561643834,9.961013645224172
T104780,CUST6834,2023-09-10 04:54:00,5.65,Utilities,PayPal,Desktop,Bengaluru,1,69,311.88,1610,No,1,4,10,9,0.018115942028985508,0,4.410958904109589,12.751898734177216
T104781,CUST1056,2023-08-03 12:57:00,16.57,Entertainment,PayPal,Desktop,Delhi,0,24,394.58,1415,No,0,12,3,8,0.04199401895686553,0,3.8767123287671232,4.921348314606742
T104782,CUST9905,2023-02-26 03:06:00,64.87,Grocery,UPI,Desktop,Mumbai,0,199,270.97,567,No,0,3,26,2,0.2393991954828948,0,1.5534246575342465,77.93454935622319
T104783,CUST9340,2023-02-15 14:47:00,27.55,Utilities,Debit Card,POS,Chennai,0,199,303.07,33,No,0,14,15,2,0.09090309169498796,0,0.09041095890410959,182.5
T104784,CUST8871,2023-08-17 10:03:00,43.22,Health,Debit Card,Desktop,Kolkata,0,118,16.54,1858,No,0,10,17,8,2.6130592503022974,1,5.090410958904109,19.37471884840306
T104785,CUST4374,2024-01-12 05:34:00,37.84,Health,Debit Card,Mobile,Pune,0,183,266.9,1842,No,0,5,12,1,0.14177594604720872,0,5.046575342465753,30.265065700045312
T104786,CUST6080,2023-12-11 04:23:00,166.94,Entertainment,PayPal,Desktop,Chennai,0,142,292.03,313,No,0,4,11,12,0.571653597233161,0,0.8575342465753425,76.44542772861357
T104787,CUST3889,2023-02-20 00:57:00,188.56,Health,UPI,Desktop,Chennai,0,55,338.32,751,No,0,0,20,2,0.5573421612674391,0,2.0575342465753423,17.98835125448029
T104788,CUST3183,2023-11-01 23:02:00,54.33,Fashion,UPI,Mobile,Pune,0,15,93.0,1045,No,0,23,1,11,0.5841935483870968,0,2.863013698630137,3.882978723404255
T104789,CUST5739,2023-09-02 03:36:00,32.06,Grocery,UPI,Mobile,Hyderabad,0,5,128.27,1853,No,1,3,2,9,0.24994152958602947,0,5.076712328767123,0.8228133453561767
T104790,CUST9682,2023-06-23 17:52:00,9.04,Travel,Credit Card,Mobile,Kolkata,0,101,380.44,1412,No,0,17,23,6,0.02376195983597939,0,3.8684931506849316,20.745638716938657
T104791,CUST7565,2023-08-07 07:07:00,245.3,Utilities,Credit Card,Mobile,Kolkata,1,132,92.14,722,No,1,7,7,8,2.662253093119167,1,1.978082191780822,44.32382704691812
T104792,CUST1638,2023-06-13 16:30:00,4.97,Travel,NetBanking,Desktop,Bengaluru,1,30,213.85,1818,No,1,16,13,6,0.023240589198036007,0,4.980821917808219,5.016032982134677
T104793,CUST8004,2023-09-25 04:01:00,28.27,Electronics,Credit Card,Mobile,Mumbai,0,53,132.74,1982,No,0,4,25,9,0.21297272864245892,0,5.4301369863013695,8.242437153813379
T104794,CUST5563,2023-03-24 14:24:00,28.31,Travel,Debit Card,POS,Pune,0,73,277.14,1335,No,0,14,24,3,0.10215053763440861,0,3.6575342465753424,15.673529411764706
T104795,CUST1891,2023-03-15 19:17:00,30.9,Food,Debit Card,Desktop,Chennai,0,30,493.57,686,No,0,19,15,3,0.06260510160666166,0,1.8794520547945206,10.418648905803996
T104796,CUST5589,2023-01-06 14:09:00,14.36,Health,Debit Card,POS,Mumbai,0,104,427.5,981,No,0,14,6,1,0.0335906432748538,0,2.6876712328767125,28.202080237741455
T104797,CUST7423,2023-03-12 20:20:00,122.29,Travel,Debit Card,Desktop,Mumbai,0,105,142.04,657,No,0,20,12,3,0.8609546606589694,0,1.8,37.5
T104798,CUST5924,2023-04-19 07:29:00,10.45,Electronics,NetBanking,Desktop,Hyderabad,0,108,190.62,1402,No,0,7,19,4,0.05482111006190326,0,3.841095890410959,22.308998302207133
T104799,CUST7340,2023-04-10 13:43:00,80.61,Electronics,Debit Card,POS,Chennai,0,84,460.13,1009,No,0,13,10,4,0.17518962032469085,0,2.7643835616438355,22.314410480349345
T104800,CUST4883,2024-01-30 06:23:00,10.58,Food,PayPal,Mobile,Delhi,0,92,450.16,1083,No,0,6,30,1,0.0235027545761507,0,2.967123287671233,23.19060773480663
T104801,CUST6816,2023-06-26 05:57:00,5.85,Electronics,PayPal,Mobile,Mumbai,0,189,88.66,1942,No,0,5,26,6,0.06598240469208211,0,5.32054794520548,29.902470741222366
T104802,CUST9185,2023-05-04 11:05:00,192.13,Entertainment,PayPal,POS,Chennai,0,71,416.34,1807,No,0,11,4,5,0.4614737954556372,0,4.950684931506849,11.931399631675875
T104803,CUST2509,2023-07-02 00:06:00,16.87,Fashion,Credit Card,Mobile,Kolkata,0,68,155.83,1570,No,0,0,2,7,0.10825900019251748,0,4.301369863013699,12.826873385012918
T104804,CUST8053,2023-10-27 13:23:00,137.74,Entertainment,UPI,Desktop,Mumbai,0,55,276.46,403,No,0,13,27,10,0.49822759169500114,0,1.104109589041096,26.139322916666664
T104805,CUST5985,2023-11-30 12:24:00,62.93,Health,NetBanking,Desktop,Hyderabad,0,99,12.5,1827,No,0,12,30,11,5.0344,1,5.005479452054795,16.484945255474454
T104806,CUST5301,2023-05-02 06:27:00,6.48,Health,PayPal,Desktop,Hyderabad,1,97,499.31,1671,No,0,6,2,5,0.012977909515130882,0,4.578082191780822,17.389489194499017
T104807,CUST5717,2024-01-23 21:30:00,248.89,Health,PayPal,Mobile,Delhi,0,71,382.94,1177,No,0,21,23,1,0.6499451611218467,0,3.2246575342465755,16.80609597924773
T104808,CUST1313,2023-12-01 13:03:00,22.69,Grocery,Debit Card,Mobile,Hyderabad,0,73,128.45,1499,No,0,13,1,12,0.17664460879719737,0,4.1068493150684935,14.294527896995707
T104809,CUST9490,2024-02-08 10:40:00,157.09,Travel,PayPal,POS,Chennai,0,170,345.06,1040,No,0,10,8,2,0.4552541586970382,0,2.8493150684931505,44.16370106761566
T104810,CUST4655,2023-06-21 15:17:00,14.79,Fashion,Debit Card,Desktop,Pune,0,77,153.72,1447,No,0,15,21,6,0.09621389539422326,0,3.9643835616438357,15.510485651214129
T104811,CUST2575,2023-06-29 20:39:00,153.9,Travel,Debit Card,POS,Hyderabad,0,157,53.83,1891,No,0,20,29,6,2.8590005573100505,1,5.1808219178082195,25.401152482269502
T104812,CUST9942,2023-06-30 04:48:00,1.07,Fashion,UPI,Mobile,Pune,0,163,218.4,679,No,0,4,30,6,0.004899267399267399,0,1.8602739726027397,56.9875478927203
T104813,CUST5584,2023-05-22 06:01:00,57.36,Travel,Credit Card,POS,Delhi,0,173,310.72,1671,No,0,6,22,5,0.18460350154479915,0,4.578082191780822,31.01424361493124
T104814,CUST3827,2023-01-16 00:46:00,117.38,Food,Debit Card,Mobile,Kolkata,0,108,53.99,754,No,1,0,16,1,2.1741063159844414,1,2.0657534246575344,35.22788203753351
T104815,CUST6356,2023-02-02 19:35:00,218.42,Utilities,Debit Card,Desktop,Bengaluru,0,90,264.02,841,No,0,19,2,2,0.8272858116809333,0,2.304109589041096,27.238805970149254
T104816,CUST4044,2023-06-01 08:13:00,191.93,Entertainment,UPI,Desktop,Mumbai,0,99,262.28,1109,No,0,8,1,6,0.7317752020741194,0,3.0383561643835617,24.514925373134332
T104817,CUST8149,2023-08-08 09:54:00,137.02,Electronics,Debit Card,Mobile,Mumbai,0,157,318.04,161,No,0,9,8,8,0.4308263111558295,0,0.4410958904109589,108.94486692015208
T104818,CUST3058,2023-06-10 10:03:00,175.28,Electronics,NetBanking,Mobile,Chennai,0,198,129.88,810,No,0,10,10,6,1.3495534339390207,0,2.219178082191781,61.5063829787234
T104819,CUST5541,2023-08-09 16:03:00,17.77,Entertainment,Credit Card,Mobile,Delhi,0,3,20.11,151,No,0,16,9,8,0.8836399801093983,0,0.4136986301369863,2.122093023255814
T104820,CUST1326,2023-03-05 10:12:00,26.75,Food,NetBanking,Desktop,Delhi,0,185,169.18,231,No,0,10,5,3,0.15811561650313274,0,0.6328767123287671,113.29697986577182
T104821,CUST2386,2023-10-11 06:41:00,27.28,Fashion,PayPal,Mobile,Delhi,0,194,205.3,1773,No,0,6,11,10,0.13287871407696053,0,4.857534246575343,33.11973807296539
T104822,CUST6716,2023-09-14 08:06:00,37.86,Entertainment,Credit Card,Desktop,Mumbai,0,119,321.51,1840,No,0,8,14,9,0.11775683493514977,0,5.041095890410959,19.6984126984127
T104823,CUST9640,2023-07-12 21:24:00,39.98,Grocery,PayPal,POS,Hyderabad,0,150,465.78,1655,No,0,21,12,7,0.08583451414831036,0,4.534246575342466,27.103960396039604
T104824,CUST9002,2024-01-06 04:46:00,62.92,Fashion,Debit Card,Desktop,Mumbai,0,111,109.66,731,No,0,4,6,1,0.5737734816706183,0,2.0027397260273974,36.966240875912405
T104825,CUST4180,2023-07-09 11:42:00,13.94,Electronics,UPI,POS,Mumbai,0,155,346.79,1318,No,0,11,9,7,0.04019723752126647,0,3.610958904109589,33.61556743909685
T104826,CUST8248,2023-09-24 08:30:00,94.02,Grocery,NetBanking,Desktop,Mumbai,1,22,57.73,587,No,0,8,24,9,1.6286159708990127,0,1.6082191780821917,8.434873949579831
T104827,CUST5978,2023-01-16 16:28:00,14.67,Travel,PayPal,Desktop,Kolkata,0,116,103.4,1877,No,0,16,16,1,0.14187620889748548,0,5.142465753424657,18.88492417484389
T104828,CUST3676,2023-02-12 12:20:00,29.72,Grocery,Debit Card,Mobile,Kolkata,0,113,259.48,1895,No,0,12,12,2,0.11453676583937104,0,5.191780821917808,18.25
T104829,CUST7747,2023-07-06 17:50:00,55.99,Fashion,NetBanking,Desktop,Hyderabad,0,177,357.11,1093,No,0,17,6,7,0.1567864243510403,0,2.9945205479452053,44.31069958847737
T104830,CUST4250,2023-09-03 06:20:00,127.34,Food,NetBanking,Mobile,Bengaluru,0,24,430.7,608,No,0,6,3,9,0.2956582307870908,0,1.6657534246575343,9.003083247687563
T104831,CUST9094,2023-02-03 08:35:00,107.6,Travel,PayPal,Mobile,Chennai,0,27,374.51,1166,No,0,8,3,2,0.28730875010013085,0,3.1945205479452055,6.436969301110385
T104832,CUST1684,2023-10-11 06:44:00,82.97,Fashion,Debit Card,Mobile,Bengaluru,0,36,17.52,1392,No,0,6,11,10,4.735730593607306,1,3.813698630136986,7.478656801365964
T104833,CUST4163,2023-03-05 21:27:00,13.55,Travel,UPI,Desktop,Bengaluru,0,107,345.13,1115,No,0,21,5,3,0.03926056848144178,0,3.0547945205479454,26.388513513513512
T104834,CUST3895,2023-01-29 13:37:00,63.36,Grocery,PayPal,Mobile,Mumbai,0,145,414.08,256,No,0,13,29,1,0.15301391035548687,0,0.7013698630136986,85.22544283413849
T104835,CUST2272,2023-11-28 02:43:00,7.32,Electronics,NetBanking,POS,Bengaluru,0,56,267.51,203,No,0,2,28,11,0.027363463048110354,0,0.5561643835616439,35.985915492957744
T104836,CUST8610,2023-01-22 13:34:00,37.9,Fashion,NetBanking,POS,Mumbai,0,10,483.14,1049,No,0,13,22,1,0.07844517117191704,0,2.873972602739726,2.5813295615275815
T104837,CUST9832,2023-07-25 01:06:00,42.69,Utilities,Credit Card,Desktop,Mumbai,0,54,12.11,1187,No,0,1,25,7,3.525185796862097,1,3.252054794520548,12.699742268041236
T104838,CUST6159,2023-12-17 01:01:00,3.25,Food,Debit Card,Mobile,Chennai,0,81,411.14,1338,No,0,1,17,12,0.007904849929464417,0,3.665753424657534,17.360540223135644
T104839,CUST9219,2023-08-13 14:27:00,25.62,Utilities,Credit Card,POS,Delhi,0,108,174.06,1840,No,0,14,13,8,0.14719062392278526,0,5.041095890410959,17.877551020408163
T104840,CUST2422,2023-08-01 08:59:00,249.25,Utilities,UPI,Desktop,Mumbai,1,166,328.72,1679,No,0,8,1,8,0.7582440983207592,0,4.6,29.642857142857146
T104841,CUST7329,2023-08-09 17:14:00,245.69,Entertainment,PayPal,Desktop,Kolkata,0,81,349.81,1161,No,0,17,9,8,0.7023527057545524,0,3.180821917808219,19.374180865006554
T104842,CUST3443,2023-11-02 04:24:00,34.75,Grocery,NetBanking,Desktop,Bengaluru,0,127,160.06,172,No,0,4,2,11,0.21710608521804323,0,0.4712328767123288,86.32216014897578
T104843,CUST9173,2023-06-23 07:06:00,3.52,Fashion,Debit Card,Desktop,Chennai,0,98,497.76,598,No,0,7,23,6,0.007071681131468981,0,1.6383561643835616,37.14434060228452
T104844,CUST2801,2023-07-19 15:43:00,15.79,Food,NetBanking,Desktop,Pune,0,132,60.59,1347,No,0,15,19,7,0.2606040600759201,0,3.6904109589041094,28.142523364485978
T104845,CUST8848,2023-10-30 18:38:00,39.84,Fashion,Credit Card,Mobile,Pune,0,178,86.94,306,No,0,18,30,10,0.45824706694271916,0,0.8383561643835616,96.82563338301044
T104846,CUST1916,2024-02-08 09:11:00,236.18,Grocery,Credit Card,Mobile,Pune,0,61,447.17,1545,No,0,9,8,2,0.5281660218708768,0,4.232876712328767,11.657068062827227
T104847,CUST5412,2024-02-05 04:52:00,12.18,Fashion,PayPal,Mobile,Bengaluru,0,149,68.4,1616,Yes,1,4,5,2,0.17807017543859646,0,4.427397260273972,27.453306410903586
T104848,CUST1944,2023-08-03 16:22:00,115.35,Travel,Debit Card,Mobile,Delhi,0,36,196.83,1988,No,0,16,3,8,0.58603871361073,0,5.446575342465754,5.584360390990225
T104849,CUST6541,2023-05-09 21:21:00,9.2,Grocery,Debit Card,Desktop,Hyderabad,0,102,369.24,1524,No,0,21,9,5,0.024916043765572524,0,4.175342465753425,19.708840656431974
T104850,CUST9204,2023-03-24 06:50:00,318.16,Fashion,PayPal,Desktop,Delhi,0,46,397.83,305,Yes,0,6,24,3,0.7997385818062993,0,0.8356164383561644,25.059701492537314
T104851,CUST6870,2023-06-05 21:16:00,38.45,Entertainment,Credit Card,POS,Chennai,0,95,477.79,263,Yes,1,21,5,6,0.08047468553130037,0,0.7205479452054795,55.21496815286624
T104852,CUST9592,2023-03-02 06:26:00,119.42,Electronics,Credit Card,POS,Delhi,0,71,396.89,1295,No,0,6,2,3,0.30088941520320495,0,3.547945205479452,15.61144578313253
T104853,CUST9858,2023-02-01 20:35:00,33.56,Fashion,Credit Card,Mobile,Pune,0,44,423.82,1311,Yes,1,20,1,2,0.0791845594827993,0,3.591780821917808,9.58233890214797
T104854,CUST3105,2024-01-13 05:17:00,79.04,Travel,NetBanking,Desktop,Delhi,0,64,475.19,1802,No,0,5,13,1,0.16633346661335469,0,4.936986301369863,10.779880018458698
T104855,CUST6813,2023-02-05 14:37:00,17.06,Food,UPI,POS,Chennai,0,146,281.31,61,No,0,14,5,2,0.060644840211865905,0,0.16712328767123288,125.09389671361501
T104856,CUST6308,2023-11-21 21:24:00,12.63,Entertainment,Credit Card,POS,Chennai,0,13,178.28,1420,Yes,0,21,21,11,0.07084361678258919,0,3.8904109589041096,2.658263305322129
T104857,CUST5833,2023-05-29 18:45:00,222.53,Food,UPI,POS,Pune,0,13,383.19,1401,No,0,18,29,5,0.5807301860695738,0,3.8383561643835615,2.686862967157418
T104858,CUST4914,2023-01-29 03:12:00,199.74,Utilities,UPI,POS,Kolkata,0,25,90.14,789,No,0,3,29,1,2.21588639893499,1,2.1616438356164385,7.907279029462738
T104859,CUST9550,2024-01-13 17:32:00,174.76,Entertainment,Debit Card,Mobile,Bengaluru,0,5,43.43,1185,No,0,17,13,1,4.023946580704582,1,3.2465753424657535,1.1774193548387097
T104860,CUST4419,2023-01-21 15:40:00,78.56,Food,PayPal,Desktop,Mumbai,0,128,394.81,1828,No,0,15,21,1,0.1989817887084927,0,5.008219178082192,21.304149566803464
T104861,CUST5078,2023-01-27 06:57:00,132.13,Electronics,NetBanking,Mobile,Hyderabad,0,39,475.83,1824,Yes,0,6,27,1,0.27768320618708364,0,4.997260273972603,6.502969392416628
T104862,CUST8422,2023-12-31 21:34:00,5.72,Travel,UPI,POS,Hyderabad,0,157,226.8,822,No,0,21,31,12,0.025220458553791885,0,2.252054794520548,48.277169334456616
T104863,CUST6186,2023-11-11 12:04:00,32.61,Utilities,NetBanking,POS,Pune,0,108,88.96,1421,No,0,12,11,11,0.36656924460431656,0,3.893150684931507,22.07166853303471
T104864,CUST6238,2023-05-18 07:49:00,30.12,Grocery,Debit Card,Desktop,Kolkata,0,185,253.54,791,No,0,7,18,5,0.11879782282874497,0,2.1671232876712327,58.41262975778547
T104865,CUST8275,2024-02-13 14:26:00,80.77,Food,Credit Card,Desktop,Hyderabad,1,174,202.73,294,No,0,14,13,2,0.3984116805603512,0,0.8054794520547945,96.37329286798179
T104866,CUST4505,2023-08-12 23:02:00,35.2,Entertainment,UPI,Mobile,Delhi,0,161,192.51,244,No,0,23,12,8,0.18284764427821934,0,0.6684931506849315,96.49425287356323
T104867,CUST6884,2023-02-20 05:10:00,12.86,Travel,PayPal,Desktop,Chennai,0,138,317.76,1268,No,0,5,20,2,0.04047079556898288,0,3.473972602739726,30.84507042253521
T104868,CUST2964,2023-06-09 23:45:00,72.6,Fashion,Debit Card,Mobile,Kolkata,0,186,95.62,311,No,0,23,9,6,0.7592553859025307,0,0.852054794520548,100.42899408284023
T104869,CUST4139,2023-06-27 23:47:00,134.73,Electronics,NetBanking,Mobile,Chennai,0,25,196.44,1885,No,0,23,27,6,0.6858582773365913,0,5.164383561643835,4.055555555555555
T104870,CUST6074,2023-11-29 07:02:00,38.52,Travel,Credit Card,POS,Pune,0,74,435.65,559,No,0,7,29,11,0.08841960289223001,0,1.5315068493150685,29.231601731601735
T104871,CUST4359,2023-11-10 22:36:00,11.35,Travel,NetBanking,Mobile,Chennai,0,39,367.54,1912,No,0,22,10,11,0.030880992545029108,0,5.238356164383561,6.251646903820817
T104872,CUST2668,2023-02-07 02:16:00,17.52,Grocery,PayPal,POS,Mumbai,0,16,37.24,31,Yes,0,2,7,2,0.47046186895810954,0,0.08493150684931507,14.747474747474747
T104873,CUST2431,2023-12-21 18:32:00,21.69,Travel,UPI,Mobile,Chennai,0,188,261.81,542,No,0,18,21,12,0.08284633894809214,0,1.484931506849315,75.65600882028666
T104874,CUST6474,2023-03-31 09:23:00,28.52,Grocery,PayPal,Mobile,Chennai,0,156,54.73,845,No,0,9,31,3,0.5211035994883976,0,2.315068493150685,47.057851239669425
T104875,CUST3976,2023-12-22 06:39:00,82.36,Electronics,NetBanking,Desktop,Kolkata,0,172,479.17,493,Yes,0,6,22,12,0.1718805434396978,0,1.3506849315068492,73.17016317016318
T104876,CUST1265,2023-05-12 03:50:00,73.49,Electronics,NetBanking,Desktop,Delhi,0,186,129.87,1500,No,0,3,12,5,0.5658735658735659,0,4.109589041095891,36.40214477211796
T104877,CUST7998,2023-09-19 07:00:00,95.28,Fashion,PayPal,POS,Bengaluru,0,32,466.98,1416,No,0,7,19,9,0.20403443402287036,0,3.8794520547945206,6.558113419427288
T104878,CUST3367,2023-08-17 02:06:00,36.02,Grocery,PayPal,Desktop,Hyderabad,0,63,418.66,1269,No,1,2,17,8,0.0860364018535327,0,3.4767123287671233,14.072827417380662
T104879,CUST4049,2023-08-11 21:59:00,138.98,Grocery,PayPal,Mobile,Delhi,0,93,280.17,193,No,0,21,11,8,0.4960559660206303,0,0.5287671232876713,60.83333333333333
T104880,CUST9376,2023-12-11 08:49:00,18.26,Food,Credit Card,POS,Delhi,0,45,174.79,1756,No,0,8,11,12,0.10446821900566396,0,4.810958904109589,7.743988684582743
T104881,CUST2676,2023-05-29 17:49:00,50.65,Food,NetBanking,POS,Delhi,0,53,430.39,1640,No,0,17,29,5,0.11768396105857479,0,4.493150684931507,9.648379052369076
T104882,CUST6497,2024-02-18 21:44:00,129.13,Fashion,Debit Card,POS,Hyderabad,0,189,84.86,567,No,0,21,18,2,1.521682771623851,0,1.5534246575342465,74.01824034334764
T104883,CUST2319,2023-08-10 07:27:00,15.89,Electronics,Credit Card,Mobile,Pune,1,50,98.19,540,No,0,7,10,8,0.16182910683368978,0,1.4794520547945205,20.165745856353595
T104884,CUST5877,2023-05-20 14:24:00,9.31,Health,Credit Card,Desktop,Delhi,0,155,120.11,1827,No,0,14,20,5,0.07751228040962452,0,5.005479452054795,25.80976277372263
T104885,CUST5758,2023-05-31 07:43:00,172.12,Food,Credit Card,POS,Bengaluru,1,26,302.87,1847,Yes,1,7,31,5,0.568296628916697,0,5.06027397260274,4.2902350813743215
T104886,CUST8770,2023-12-10 04:28:00,33.6,Travel,Debit Card,Mobile,Pune,0,131,164.02,1274,No,0,4,10,12,0.20485306669918302,0,3.4904109589041097,29.173276388041486
T104887,CUST9355,2023-10-07 15:48:00,92.13,Electronics,PayPal,Desktop,Chennai,0,90,494.7,584,No,0,15,7,10,0.18623408126137053,0,1.6,34.61538461538461
T104888,CUST3157,2023-01-25 11:51:00,2.05,Health,NetBanking,Desktop,Bengaluru,0,39,105.61,1687,No,0,11,25,1,0.0194110406211533,0,4.6219178082191785,6.937134502923976
T104889,CUST7247,2023-03-23 09:06:00,93.71,Utilities,UPI,POS,Kolkata,0,193,404.75,670,No,0,9,23,3,0.23152563310685606,0,1.8356164383561644,68.06280193236715
T104890,CUST2451,2023-03-06 00:42:00,30.4,Travel,UPI,Mobile,Pune,0,163,56.96,1830,No,0,0,6,3,0.5337078651685393,0,5.013698630136986,27.10478359908884
T104891,CUST7512,2023-07-02 14:51:00,4.59,Entertainment,NetBanking,Desktop,Chennai,0,53,183.19,1336,No,0,14,2,7,0.025055952835853487,0,3.66027397260274,11.372721928277484
T104892,CUST9705,2023-01-30 05:35:00,75.29,Grocery,Debit Card,Mobile,Chennai,0,174,129.44,1124,No,1,5,30,1,0.5816594561186651,0,3.0794520547945203,42.65278710543989
T104893,CUST9931,2023-09-26 23:13:00,22.04,Electronics,UPI,Desktop,Delhi,0,196,488.65,1938,No,0,23,26,9,0.045103857566765576,0,5.30958904109589,31.063829787234045
T104894,CUST4532,2023-03-02 01:09:00,39.13,Entertainment,Credit Card,POS,Delhi,0,22,22.61,1427,No,0,1,2,3,1.7306501547987618,0,3.9095890410958902,4.4810267857142865
T104895,CUST1804,2023-06-05 18:24:00,6.72,Fashion,UPI,POS,Hyderabad,1,188,363.62,288,No,1,18,5,6,0.018480831637423683,0,0.7890410958904109,105.0842266462481
T104896,CUST4911,2023-06-05 11:15:00,12.73,Grocery,NetBanking,Desktop,Mumbai,0,134,131.38,474,No,0,11,5,6,0.09689450449079008,0,1.2986301369863014,58.29558998808104
T104897,CUST6587,2023-10-30 05:29:00,28.3,Grocery,Credit Card,Mobile,Bengaluru,0,52,407.51,1254,No,1,5,30,10,0.06944614856077151,0,3.4356164383561643,11.723285978999384
T104898,CUST8834,2023-10-23 10:24:00,7.52,Travel,UPI,Desktop,Hyderabad,0,75,162.5,1695,No,0,10,23,10,0.04627692307692308,0,4.6438356164383565,13.28883495145631
T104899,CUST5744,2024-02-10 13:06:00,193.37,Entertainment,NetBanking,Mobile,Hyderabad,1,73,101.77,1433,No,0,13,10,2,1.900068782548885,0,3.926027397260274,14.81924360400445
T104900,CUST6390,2024-01-01 17:26:00,0.49,Grocery,Debit Card,Desktop,Bengaluru,0,29,349.59,1895,Yes,1,17,1,1,0.0014016419233959783,0,5.191780821917808,4.683628318584071
T104901,CUST8699,2023-01-10 00:38:00,52.91,Food,NetBanking,POS,Pune,1,171,136.21,1646,No,1,0,10,1,0.3884443139270244,0,4.50958904109589,31.0367976131278
T104902,CUST3102,2023-02-22 15:17:00,10.52,Electronics,Debit Card,Mobile,Kolkata,0,122,247.92,795,No,0,15,22,2,0.04243304291707002,0,2.1780821917808217,38.38793103448276
T104903,CUST2101,2023-04-24 05:09:00,29.42,Food,Credit Card,POS,Bengaluru,0,162,74.45,1468,No,0,5,24,4,0.3951645399597045,0,4.021917808219178,32.258592471358426
T104904,CUST6967,2023-04-15 17:32:00,208.36,Travel,NetBanking,Mobile,Chennai,0,159,365.05,94,No,0,17,15,4,0.5707711272428435,0,0.25753424657534246,126.43790849673202
T104905,CUST3089,2024-01-18 09:44:00,14.11,Health,PayPal,Desktop,Kolkata,0,86,209.35,1431,No,0,9,18,1,0.06739909242894673,0,3.9205479452054797,17.47772828507795
T104906,CUST6061,2023-03-27 18:37:00,270.12,Utilities,PayPal,POS,Mumbai,0,46,78.88,687,No,0,18,27,3,3.4244421906693714,1,1.8821917808219177,15.960076045627376
T104907,CUST7219,2023-05-01 02:51:00,18.43,Travel,PayPal,POS,Pune,0,4,373.38,1699,No,0,2,1,5,0.049359901440891314,0,4.654794520547945,0.7073643410852714
T104908,CUST6440,2024-02-06 15:41:00,108.25,Electronics,PayPal,Mobile,Delhi,0,2,60.65,1155,No,0,15,6,2,1.784830997526793,0,3.164383561643836,0.4802631578947368
T104909,CUST9382,2023-08-15 14:23:00,63.29,Grocery,PayPal,Mobile,Mumbai,0,133,291.66,1030,No,0,14,15,8,0.21699924569704448,0,2.8219178082191783,34.79928315412186
T104910,CUST1103,2023-08-15 14:20:00,172.66,Entertainment,Debit Card,Mobile,Mumbai,0,46,307.67,71,No,0,14,15,8,0.5611856859622322,0,0.19452054794520549,38.50917431192661
T104911,CUST6961,2023-08-09 22:33:00,64.59,Entertainment,NetBanking,POS,Delhi,0,79,465.87,908,No,0,22,9,8,0.13864382767724903,0,2.4876712328767123,22.65121759622938
T104912,CUST9329,2023-05-17 00:31:00,61.18,Fashion,Credit Card,Desktop,Mumbai,0,147,83.98,225,No,0,0,17,5,0.7285067873303167,0,0.6164383561643836,90.94067796610169
T104913,CUST9346,2023-12-27 08:20:00,17.4,Travel,PayPal,Mobile,Pune,0,166,330.14,1413,No,0,8,27,12,0.05270491306718362,0,3.871232876712329,34.07761529808774
T104914,CUST2447,2023-12-12 22:54:00,14.54,Electronics,PayPal,Desktop,Pune,0,59,196.58,1825,No,0,22,12,12,0.0739647980465968,0,5.0,9.833333333333334
T104915,CUST4249,2023-04-13 11:31:00,198.62,Fashion,Credit Card,Mobile,Pune,1,72,206.4,1152,No,1,11,13,4,0.9623062015503876,0,3.1561643835616437,17.32366512854318
T104916,CUST2741,2023-12-17 00:06:00,31.78,Grocery,Credit Card,Desktop,Hyderabad,0,20,255.89,417,No,0,0,17,12,0.12419398960490836,0,1.1424657534246576,9.335038363171357
T104917,CUST9914,2023-03-01 13:17:00,37.23,Health,PayPal,Mobile,Hyderabad,0,196,124.55,94,No,0,13,1,3,0.29891609795262947,0,0.25753424657534246,155.86056644880173
T104918,CUST9116,2023-12-18 14:16:00,114.11,Travel,Debit Card,Desktop,Pune,0,53,235.98,1350,No,0,14,18,12,0.48355792863802016,0,3.6986301369863015,11.279883381924199
T104919,CUST5092,2023-07-22 15:38:00,33.1,Health,Credit Card,POS,Delhi,0,107,346.55,1480,No,0,15,22,7,0.09551291299956716,0,4.054794520547945,21.1680216802168
T104920,CUST6074,2023-04-13 20:01:00,243.03,Electronics,NetBanking,Mobile,Delhi,0,55,233.99,252,No,0,20,13,4,1.0386341296636608,0,0.6904109589041096,32.53646677471637
T104921,CUST2844,2024-02-20 01:37:00,107.13,Health,NetBanking,Mobile,Bengaluru,0,167,30.83,1810,No,0,1,20,2,3.474862147259163,1,4.958904109589041,28.025287356321837
T104922,CUST5688,2023-07-17 17:31:00,72.79,Health,Debit Card,POS,Bengaluru,0,121,136.33,1748,No,0,17,17,7,0.5339250348419277,0,4.789041095890411,20.90156176053005
T104923,CUST9987,2023-04-18 23:14:00,170.22,Electronics,UPI,Mobile,Pune,0,164,182.22,944,No,0,23,18,4,0.934145538360224,0,2.5863013698630137,45.729564553093965
T104924,CUST4444,2023-07-27 04:04:00,4.07,Electronics,Debit Card,Mobile,Kolkata,0,186,183.81,1202,No,0,4,27,7,0.022142429682824656,0,3.293150684931507,43.32482450542438
T104925,CUST1152,2023-12-26 04:08:00,23.77,Travel,PayPal,POS,Mumbai,0,15,49.69,1562,No,0,4,26,12,0.4783658683839807,0,4.279452054794521,2.841203943954333
T104926,CUST1836,2023-12-11 09:52:00,50.04,Health,UPI,POS,Mumbai,1,1,230.29,471,No,0,9,11,12,0.21729124147813628,0,1.2904109589041095,0.43660287081339716
T104927,CUST6483,2023-04-02 06:00:00,20.6,Fashion,PayPal,Desktop,Delhi,1,95,349.06,1467,No,1,6,2,4,0.059015642009969636,0,4.019178082191781,18.927401746724893
T104928,CUST6906,2023-06-08 01:04:00,108.98,Utilities,NetBanking,POS,Kolkata,0,137,33.85,1169,No,0,1,8,6,3.219497784342688,1,3.202739726027397,32.597783572359845
T104929,CUST9641,2023-02-10 18:14:00,201.27,Electronics,Credit Card,POS,Mumbai,0,151,377.95,932,No,0,18,10,2,0.5325307580367774,0,2.5534246575342467,42.49421742482652
T104930,CUST4129,2023-08-03 22:27:00,44.1,Grocery,PayPal,Mobile,Chennai,0,180,478.0,482,No,0,22,3,8,0.09225941422594143,0,1.3205479452054794,77.56788665879574
T104931,CUST2880,2023-05-27 01:01:00,33.5,Health,NetBanking,POS,Hyderabad,0,154,14.58,349,No,0,1,27,5,2.297668038408779,1,0.9561643835616438,78.72549019607844
T104932,CUST3884,2023-12-20 18:39:00,260.67,Electronics,Debit Card,Mobile,Mumbai,0,188,104.91,799,No,0,18,20,12,2.484701172433515,1,2.1890410958904107,58.95189003436427
T104933,CUST5035,2024-02-08 22:23:00,47.08,Fashion,PayPal,POS,Mumbai,0,18,276.31,912,No,0,22,8,2,0.17038833194600267,0,2.4986301369863013,5.14487079091621
T104934,CUST5726,2023-10-25 17:16:00,53.72,Entertainment,NetBanking,POS,Bengaluru,0,105,116.84,1045,No,0,17,25,10,0.45977404998288257,0,2.863013698630137,27.180851063829788
T104935,CUST1187,2023-06-10 05:16:00,34.67,Travel,Credit Card,Desktop,Chennai,0,186,384.67,480,No,0,5,10,6,0.09012920165336523,0,1.3150684931506849,80.34319526627219
T104936,CUST5986,2023-11-06 08:17:00,192.24,Health,PayPal,POS,Mumbai,0,65,162.95,925,No,0,8,6,11,1.179748389076404,0,2.5342465753424657,18.391472868217054
T104937,CUST9124,2023-09-11 09:21:00,67.32,Entertainment,NetBanking,POS,Hyderabad,0,77,153.88,1132,No,0,9,11,9,0.43748375357421365,0,3.1013698630136988,18.774215096860388
T104938,CUST4516,2023-05-30 19:05:00,114.9,Electronics,PayPal,Mobile,Mumbai,0,116,10.45,772,No,0,19,30,5,10.995215311004786,1,2.115068493150685,37.23834652594547
T104939,CUST7039,2023-01-07 17:04:00,133.62,Electronics,Credit Card,Mobile,Delhi,0,69,142.36,386,No,0,17,7,1,0.9386063500983421,0,1.0575342465753426,33.53528628495339
T104940,CUST3653,2023-04-05 04:44:00,33.47,Grocery,PayPal,Desktop,Chennai,1,142,116.66,1172,No,0,4,5,4,0.28690210869192523,0,3.210958904109589,33.72153545868576
T104941,CUST6782,2023-07-30 13:12:00,45.49,Grocery,PayPal,POS,Mumbai,0,174,178.19,1639,No,0,13,30,7,0.25528929794040073,0,4.49041095890411,31.691616766467064
T104942,CUST3611,2024-01-20 06:29:00,150.96,Health,NetBanking,Mobile,Kolkata,0,197,82.35,1574,No,0,6,20,1,1.8331511839708563,0,4.3123287671232875,37.08354822073234
T104943,CUST5862,2023-10-19 03:47:00,36.11,Entertainment,UPI,POS,Chennai,0,75,301.38,1332,No,1,3,19,10,0.11981551529630367,0,3.649315068493151,16.13140836770772
T104944,CUST3955,2023-05-21 05:09:00,126.37,Utilities,PayPal,Desktop,Mumbai,0,160,126.98,811,No,0,5,21,5,0.9951960938730509,0,2.221917808219178,49.65986394557823
T104945,CUST5112,2023-07-18 05:58:00,226.41,Entertainment,UPI,Mobile,Hyderabad,0,51,417.56,595,No,1,5,18,7,0.542221477152984,0,1.63013698630137,19.390625
T104946,CUST7956,2023-06-02 03:41:00,78.09,Electronics,Debit Card,Mobile,Hyderabad,0,197,149.43,1945,No,0,3,2,6,0.5225858261393295,0,5.328767123287672,31.127705627705627
T104947,CUST5762,2023-06-14 18:28:00,108.27,Utilities,PayPal,Desktop,Chennai,0,15,113.33,1098,No,0,18,14,6,0.9553516279890585,0,3.0082191780821916,3.74231032125769
T104948,CUST8298,2023-11-18 08:12:00,130.82,Health,UPI,POS,Pune,0,181,37.81,1278,No,0,8,18,11,3.459931235122983,1,3.5013698630136987,40.2099817407182
T104949,CUST9812,2024-01-31 17:53:00,149.17,Electronics,Debit Card,Mobile,Bengaluru,0,199,372.55,557,No,0,17,31,1,0.40040263051939334,0,1.526027397260274,78.77982646420824
T104950,CUST4774,2023-07-08 19:57:00,40.21,Grocery,NetBanking,Mobile,Bengaluru,0,69,259.02,753,No,0,19,8,7,0.15523897768512085,0,2.063013698630137,22.526833631484795
T104951,CUST2295,2023-10-25 13:40:00,4.21,Fashion,PayPal,Desktop,Delhi,0,15,65.75,1765,No,0,13,25,10,0.06403041825095057,0,4.835616438356165,2.5704225352112675
T104952,CUST3353,2023-03-12 15:07:00,41.12,Food,NetBanking,Desktop,Pune,0,30,118.45,270,No,0,15,12,3,0.34715069649641195,0,0.7397260273972602,17.244094488188978
T104953,CUST9457,2023-04-30 08:12:00,89.61,Utilities,Debit Card,Desktop,Bengaluru,0,78,499.37,643,No,0,8,30,4,0.17944610208863168,0,1.7616438356164383,28.244047619047617
T104954,CUST1896,2023-05-22 10:17:00,47.88,Food,NetBanking,POS,Chennai,1,152,404.95,1535,No,0,10,22,5,0.11823681936041487,0,4.205479452054795,29.2
T104955,CUST1196,2023-11-26 15:41:00,110.57,Electronics,NetBanking,POS,Bengaluru,0,35,181.44,124,No,0,15,26,11,0.609402557319224,0,0.33972602739726027,26.12474437627812
T104956,CUST6855,2023-10-05 06:11:00,35.33,Entertainment,Credit Card,POS,Delhi,0,69,275.85,394,No,0,6,5,10,0.1280768533623346,0,1.0794520547945206,33.18181818181818
T104957,CUST4204,2023-01-04 18:11:00,80.57,Grocery,Debit Card,Desktop,Mumbai,0,140,213.85,1238,No,0,18,4,1,0.37675941080196396,0,3.3917808219178083,31.87772925764192
T104958,CUST1712,2023-05-19 18:12:00,16.5,Travel,NetBanking,Mobile,Bengaluru,0,46,27.83,1189,No,0,18,19,5,0.5928853754940712,0,3.2575342465753425,10.804375804375804
T104959,CUST1167,2023-09-22 20:54:00,110.7,Travel,UPI,POS,Chennai,0,126,391.55,54,No,0,20,22,9,0.28272251308900526,0,0.14794520547945206,109.76133651551312
T104960,CUST9899,2023-09-12 09:35:00,63.12,Food,Debit Card,Desktop,Chennai,0,197,361.32,1990,No,0,9,12,9,0.174692793091996,0,5.4520547945205475,30.53290870488323
T104961,CUST3247,2023-09-25 15:28:00,18.26,Fashion,Credit Card,POS,Delhi,0,164,210.31,347,No,0,15,25,9,0.08682421187770435,0,0.9506849315068493,84.07303370786516
T104962,CUST8663,2023-08-13 01:38:00,27.61,Food,PayPal,Mobile,Kolkata,0,85,424.49,362,Yes,1,1,13,8,0.06504275719098211,0,0.9917808219178083,42.67537826685007
T104963,CUST8417,2023-08-08 13:48:00,110.46,Electronics,NetBanking,Mobile,Delhi,0,48,272.02,943,No,0,13,8,8,0.4060730828615543,0,2.5835616438356164,13.394495412844037
T104964,CUST7514,2023-10-06 15:03:00,52.72,Fashion,UPI,Desktop,Kolkata,1,67,41.95,591,No,0,15,6,10,1.2567342073897496,0,1.6191780821917807,25.580543933054393
T104965,CUST9692,2024-02-11 20:45:00,19.47,Travel,Credit Card,Mobile,Hyderabad,0,182,137.11,710,No,0,20,11,2,0.1420027714973379,0,1.9452054794520548,61.7953488372093
T104966,CUST3630,2023-02-08 20:31:00,273.56,Entertainment,Debit Card,Desktop,Hyderabad,0,89,236.27,1855,No,0,20,8,2,1.1578279087484658,0,5.082191780821918,14.632882882882882
T104967,CUST2524,2023-02-06 09:47:00,100.46,Grocery,NetBanking,Desktop,Hyderabad,0,164,60.69,129,No,0,9,6,2,1.6552974130828801,0,0.35342465753424657,121.17408906882591
T104968,CUST2732,2023-03-09 18:34:00,251.98,Utilities,Credit Card,Desktop,Kolkata,0,52,289.83,399,No,0,18,9,3,0.8694062036366146,0,1.093150684931507,24.842931937172775
T104969,CUST7337,2023-09-06 22:30:00,44.56,Grocery,Credit Card,Desktop,Mumbai,0,22,69.08,1646,No,0,22,6,9,0.645049218297626,0,4.50958904109589,3.9930382894082546
T104970,CUST5175,2023-10-21 03:38:00,51.56,Electronics,UPI,Mobile,Chennai,0,166,108.25,1065,No,0,3,21,10,0.4763048498845266,0,2.9178082191780823,42.370629370629366
T104971,CUST8828,2023-03-07 16:14:00,182.59,Food,PayPal,Mobile,Hyderabad,0,99,448.05,749,No,0,16,7,3,0.40752148197745786,0,2.052054794520548,32.437163375224415
T104972,CUST4199,2023-12-15 02:49:00,59.56,Electronics,PayPal,Mobile,Chennai,0,190,499.91,106,No,0,2,15,12,0.11914144546018283,0,0.29041095890410956,147.23991507430998
T104973,CUST8293,2023-05-29 01:16:00,98.28,Utilities,PayPal,Mobile,Delhi,0,193,279.62,616,No,1,1,29,5,0.35147700450611546,0,1.6876712328767123,71.80937818552496
T104974,CUST8590,2023-02-22 10:34:00,23.25,Grocery,Debit Card,Desktop,Mumbai,0,131,313.63,1003,No,0,10,22,2,0.0741319389089054,0,2.747945205479452,34.952485380116954
T104975,CUST4579,2023-04-22 19:20:00,47.35,Utilities,Credit Card,Desktop,Delhi,0,88,400.74,711,No,0,19,22,4,0.11815641064031542,0,1.9479452054794522,29.851301115241636
T104976,CUST9665,2023-01-15 17:31:00,10.54,Travel,Debit Card,Mobile,Chennai,0,136,351.11,1876,No,0,17,15,1,0.030019082338868158,0,5.13972602739726,22.1508255243195
T104977,CUST7601,2024-02-10 23:57:00,18.45,Grocery,Credit Card,POS,Pune,0,118,99.41,1401,No,0,23,10,2,0.18559501056231767,0,3.8383561643835615,24.388448471121176
T104978,CUST9206,2023-04-26 16:25:00,0.08,Fashion,UPI,POS,Kolkata,0,39,211.72,1496,No,0,16,26,4,0.0003778575477045154,0,4.098630136986301,7.6491133799032776
T104979,CUST4882,2023-03-10 06:14:00,3.2,Entertainment,UPI,POS,Pune,0,18,272.21,720,No,0,6,10,3,0.01175562984460527,0,1.9726027397260273,6.055299539170507
T104980,CUST9538,2024-01-24 21:54:00,302.77,Utilities,Debit Card,Mobile,Hyderabad,0,105,186.26,117,No,0,21,24,1,1.625523461827553,0,0.32054794520547947,79.51244813278008
T104981,CUST4924,2023-02-25 03:52:00,22.2,Entertainment,Debit Card,Desktop,Pune,0,131,96.29,494,No,0,3,25,2,0.23055353619275104,0,1.3534246575342466,55.66356228172293
T104982,CUST1661,2023-11-03 13:14:00,87.09,Health,UPI,Desktop,Delhi,0,146,370.7,1830,No,0,13,3,11,0.2349339088211492,0,5.013698630136986,24.277904328018224
T104983,CUST8776,2023-06-27 03:59:00,146.16,Grocery,NetBanking,POS,Kolkata,0,80,107.43,523,No,0,3,27,6,1.360513822954482,0,1.4328767123287671,32.88288288288289
T104984,CUST2413,2023-03-01 23:28:00,64.0,Grocery,PayPal,POS,Pune,0,117,137.64,1275,No,0,23,1,3,0.4649811101424005,0,3.493150684931507,26.039634146341463
T104985,CUST1221,2023-01-02 14:09:00,13.3,Entertainment,PayPal,Desktop,Bengaluru,1,1,150.39,1568,No,0,14,2,1,0.08843673116563602,0,4.295890410958904,0.18882565959648215
T104986,CUST8236,2024-01-05 16:43:00,104.19,Health,UPI,POS,Mumbai,0,117,89.27,1171,No,0,16,5,1,1.1671334154811248,0,3.208219178082192,27.802734374999996
T104987,CUST1551,2023-05-10 13:31:00,73.35,Fashion,PayPal,POS,Chennai,0,128,426.28,165,No,0,13,10,5,0.17207000093835037,0,0.4520547945205479,88.15094339622641
T104988,CUST5939,2023-01-21 03:31:00,105.12,Food,NetBanking,Desktop,Kolkata,0,26,309.2,1007,No,0,3,21,1,0.33997412677878397,0,2.758904109589041,6.9169096209912535
T104989,CUST8112,2023-06-26 09:28:00,117.49,Utilities,NetBanking,POS,Hyderabad,0,180,419.03,216,No,0,9,26,6,0.28038565257857434,0,0.5917808219178082,113.08089500860585
T104990,CUST5949,2023-02-10 06:19:00,296.43,Utilities,Credit Card,POS,Delhi,0,12,251.93,571,No,0,6,10,2,1.1766363672448696,0,1.5643835616438355,4.679487179487179
T104991,CUST7134,2023-09-18 21:49:00,68.18,Grocery,Debit Card,Mobile,Mumbai,1,38,264.59,608,No,1,21,18,9,0.2576816962092294,0,1.6657534246575343,14.254881808838642
T104992,CUST3443,2023-12-22 08:56:00,33.44,Entertainment,PayPal,POS,Hyderabad,0,85,311.91,1364,No,0,8,22,12,0.10721041326023531,0,3.736986301369863,17.9438982070561
T104993,CUST1077,2023-04-09 05:06:00,83.64,Electronics,NetBanking,Mobile,Delhi,1,169,191.75,959,No,0,5,9,4,0.4361929595827901,0,2.627397260273973,46.589879154078545
T104994,CUST1920,2023-04-08 18:30:00,5.67,Grocery,Debit Card,Desktop,Pune,0,53,253.33,1432,No,0,18,8,4,0.02238187344570323,0,3.9232876712328766,10.765164162493043
T104995,CUST3702,2023-08-01 21:20:00,182.15,Electronics,Debit Card,Mobile,Kolkata,0,13,277.99,840,No,0,21,1,8,0.6552393971006152,0,2.3013698630136985,3.9377593360995853
T104996,CUST6007,2024-01-14 16:42:00,10.17,Fashion,Credit Card,Desktop,Chennai,0,128,477.24,441,No,0,16,14,1,0.021310032687955744,0,1.2082191780821918,57.96526054590571
T104997,CUST6812,2023-01-09 22:14:00,31.78,Grocery,Debit Card,Mobile,Kolkata,1,76,442.62,1474,No,1,22,9,1,0.07179973792417875,0,4.038356164383561,15.084284937466014
T104998,CUST9120,2023-08-18 17:15:00,135.31,Utilities,Debit Card,Mobile,Bengaluru,0,13,73.33,246,No,0,17,18,8,1.845220237283513,0,0.673972602739726,7.76595744680851
T104999,CUST1080,2023-09-07 21:20:00,72.77,Entertainment,UPI,Mobile,Bengaluru,0,146,30.23,699,No,0,21,7,9,2.4072113794244125,1,1.915068493150685,50.08458646616541
